cycle,component,file_label,module,data_url,doc_url,size_kb,date_published,downloadable
1999-2000,Demographics,Demographic Variables & Sample Weights,DEMO,https://wwwn.cdc.gov/Nchs/Data/Nhanes/Public/1999/DataFiles/DEMO.xpt,https://wwwn.cdc.gov/Nchs/Data/Nhanes/Public/1999/DataFiles/DEMO.htm,11264.0,Updated September 2009,True
1999-2000,Dietary,Dietary Interview - Individual Foods,DRXIFF,https://wwwn.cdc.gov/Nchs/Data/Nhanes/Public/1999/DataFiles/DRXIFF.xpt,https://wwwn.cdc.gov/Nchs/Data/Nhanes/Public/1999/DataFiles/DRXIFF.htm,69939.2,Updated July 2010,True
1999-2000,Dietary,Dietary Interview - Total Nutrient Intakes,DRXTOT,https://wwwn.cdc.gov/Nchs/Data/Nhanes/Public/1999/DataFiles/DRXTOT.xpt,https://wwwn.cdc.gov/Nchs/Data/Nhanes/Public/1999/DataFiles/DRXTOT.htm,9625.6,Updated July 2010,True
1999-2000,Dietary,Dietary Interview Technical Support File - Food Code Format File,DRXFMT,https://wwwn.cdc.gov/Nchs/Data/Nhanes/Public/1999/DataFiles/DRXFMT.xpt,https://wwwn.cdc.gov/Nchs/Data/Nhanes/Public/1999/DataFiles/DRXFMT.htm,321.2,July 2010,True
1999-2000,Dietary,Dietary Supplement Database - Blend Information,DSBI,https://wwwn.cdc.gov/Nchs/Data/Nhanes/Public/1999/DataFiles/DSBI.xpt,https://wwwn.cdc.gov/Nchs/Data/Nhanes/Public/1999/DataFiles/DSBI.htm,10240.0,February 2025,True
1999-2000,Dietary,Dietary Supplement Database - Ingredient Information,DSII,https://wwwn.cdc.gov/Nchs/Data/Nhanes/Public/1999/DataFiles/DSII.xpt,https://wwwn.cdc.gov/Nchs/Data/Nhanes/Public/1999/DataFiles/DSII.htm,84377.6,February 2025,True
1999-2000,Dietary,Dietary Supplement Database - Product Information,DSPI,https://wwwn.cdc.gov/Nchs/Data/Nhanes/Public/1999/DataFiles/DSPI.xpt,https://wwwn.cdc.gov/Nchs/Data/Nhanes/Public/1999/DataFiles/DSPI.htm,6656.0,February 2025,True
1999-2000,Dietary,"Dietary Supplement Use 30-Day - File 1, Supplement Counts",DSQFILE1,https://wwwn.cdc.gov/Nchs/Data/Nhanes/Public/1999/DataFiles/DSQFILE1.xpt,https://wwwn.cdc.gov/Nchs/Data/Nhanes/Public/1999/DataFiles/DSQFILE1.htm,234.8,Updated July 2009,True
1999-2000,Dietary,"Dietary Supplement Use 30-Day - File 2, Participant's Use of Supplements",DSQFILE2,https://wwwn.cdc.gov/Nchs/Data/Nhanes/Public/1999/DataFiles/DSQFILE2.xpt,https://wwwn.cdc.gov/Nchs/Data/Nhanes/Public/1999/DataFiles/DSQFILE2.htm,2150.4,Updated July 2009,True
1999-2000,Examination,Audiometry,AUX1,https://wwwn.cdc.gov/Nchs/Data/Nhanes/Public/1999/DataFiles/AUX1.xpt,https://wwwn.cdc.gov/Nchs/Data/Nhanes/Public/1999/DataFiles/AUX1.htm,1740.8,Updated February 2005,True
1999-2000,Examination,Audiometry - Acoustic Reflex,AUXAR,https://wwwn.cdc.gov/Nchs/Data/Nhanes/Public/1999/DataFiles/AUXAR.xpt,https://wwwn.cdc.gov/Nchs/Data/Nhanes/Public/1999/DataFiles/AUXAR.htm,4812.8,January 2015,True
1999-2000,Examination,Audiometry - Tympanometry,AUXTYM,https://wwwn.cdc.gov/Nchs/Data/Nhanes/Public/1999/DataFiles/AUXTYM.xpt,https://wwwn.cdc.gov/Nchs/Data/Nhanes/Public/1999/DataFiles/AUXTYM.htm,2457.6,February 2006,True
1999-2000,Examination,Balance,BAX,https://wwwn.cdc.gov/Nchs/Data/Nhanes/Public/1999/DataFiles/BAX.xpt,https://wwwn.cdc.gov/Nchs/Data/Nhanes/Public/1999/DataFiles/BAX.htm,611.4,Updated June 2005,True
1999-2000,Examination,Bioelectrical Impedance Analysis,BIX,https://wwwn.cdc.gov/Nchs/Data/Nhanes/Public/1999/DataFiles/BIX.xpt,https://wwwn.cdc.gov/Nchs/Data/Nhanes/Public/1999/DataFiles/BIX.htm,4812.8,Updated December 2009,True
1999-2000,Examination,Blood Pressure,BPX,https://wwwn.cdc.gov/Nchs/Data/Nhanes/Public/1999/DataFiles/BPX.xpt,https://wwwn.cdc.gov/Nchs/Data/Nhanes/Public/1999/DataFiles/BPX.htm,2150.4,June 2002,True
1999-2000,Examination,Body Measures,BMX,https://wwwn.cdc.gov/Nchs/Data/Nhanes/Public/1999/DataFiles/BMX.xpt,https://wwwn.cdc.gov/Nchs/Data/Nhanes/Public/1999/DataFiles/BMX.htm,2764.8,June 2002,True
1999-2000,Examination,Cardiovascular Fitness,CVX,https://wwwn.cdc.gov/Nchs/Data/Nhanes/Public/1999/DataFiles/CVX.xpt,https://wwwn.cdc.gov/Nchs/Data/Nhanes/Public/1999/DataFiles/CVX.htm,2355.2,June 2004,True
1999-2000,Examination,Dual-Energy X-ray Absorptiometry - Whole Body,DXA,https://wwwn.cdc.gov/Nchs/Nhanes/Dxa/Dxa.aspx,https://wwwn.cdc.gov/Nchs/Nhanes/Dxa/Dxa.aspx,,Updated December 2016,True
1999-2000,Examination,Lower Extremity Disease - Ankle Brachial Blood Pressure Index,LEXABPI,https://wwwn.cdc.gov/Nchs/Data/Nhanes/Public/1999/DataFiles/LEXABPI.xpt,https://wwwn.cdc.gov/Nchs/Data/Nhanes/Public/1999/DataFiles/LEXABPI.htm,362.3,June 2002,True
1999-2000,Examination,Lower Extremity Disease - Peripheral Neuropathy,LEXPN,https://wwwn.cdc.gov/Nchs/Data/Nhanes/Public/1999/DataFiles/LEXPN.xpt,https://wwwn.cdc.gov/Nchs/Data/Nhanes/Public/1999/DataFiles/LEXPN.htm,972.5,June 2002,True
1999-2000,Examination,Muscle Strength,MSX,https://wwwn.cdc.gov/Nchs/Data/Nhanes/Public/1999/DataFiles/MSX.xpt,https://wwwn.cdc.gov/Nchs/Data/Nhanes/Public/1999/DataFiles/MSX.htm,289.5,June 2002,True
1999-2000,Examination,Oral Health - Dentition,OHXDENT,https://wwwn.cdc.gov/Nchs/Data/Nhanes/Public/1999/DataFiles/OHXDENT.xpt,https://wwwn.cdc.gov/Nchs/Data/Nhanes/Public/1999/DataFiles/OHXDENT.htm,9113.6,Updated June 2006,True
1999-2000,Examination,Oral Health - Periodontal,OHXPERIO,https://wwwn.cdc.gov/Nchs/Data/Nhanes/Public/1999/DataFiles/OHXPERIO.xpt,https://wwwn.cdc.gov/Nchs/Data/Nhanes/Public/1999/DataFiles/OHXPERIO.htm,9216.0,January 2004,True
1999-2000,Examination,Oral Health - Recommendation of Care,OHXREF,https://wwwn.cdc.gov/Nchs/Data/Nhanes/Public/1999/DataFiles/OHXREF.xpt,https://wwwn.cdc.gov/Nchs/Data/Nhanes/Public/1999/DataFiles/OHXREF.htm,1433.6,Updated May 2006,True
1999-2000,Examination,Shared Exclusion Questions,SEQ,https://wwwn.cdc.gov/Nchs/Data/Nhanes/Public/1999/DataFiles/SEQ.xpt,https://wwwn.cdc.gov/Nchs/Data/Nhanes/Public/1999/DataFiles/SEQ.htm,692.1,June 2002,True
1999-2000,Examination,Tuberculosis,TB,https://wwwn.cdc.gov/Nchs/Data/Nhanes/Public/1999/DataFiles/TB.xpt,https://wwwn.cdc.gov/Nchs/Data/Nhanes/Public/1999/DataFiles/TB.htm,623.0,Updated January 2008,True
1999-2000,Examination,Vision,VIX,https://wwwn.cdc.gov/Nchs/Data/Nhanes/Public/1999/DataFiles/VIX.xpt,https://wwwn.cdc.gov/Nchs/Data/Nhanes/Public/1999/DataFiles/VIX.htm,2969.6,Updated February 2005,True
1999-2000,Laboratory,Aflatoxin B1-lysine - Serum (Surplus),SSAFB_A,https://wwwn.cdc.gov/Nchs/Data/Nhanes/Public/1999/DataFiles/SSAFB_A.xpt,https://wwwn.cdc.gov/Nchs/Data/Nhanes/Public/1999/DataFiles/SSAFB_A.htm,852.0,Updated April 2022,True
1999-2000,Laboratory,Albumin & Creatinine - Urine,LAB16,https://wwwn.cdc.gov/Nchs/Data/Nhanes/Public/1999/DataFiles/LAB16.xpt,https://wwwn.cdc.gov/Nchs/Data/Nhanes/Public/1999/DataFiles/LAB16.htm,306.9,June 2002,True
1999-2000,Laboratory,Anti-Mullerian Hormone (AMH) & Inhibin-B (Surplus),SSAMH_A,https://wwwn.cdc.gov/Nchs/Data/Nhanes/Public/1999/DataFiles/SSAMH_A.xpt,https://wwwn.cdc.gov/Nchs/Data/Nhanes/Public/1999/DataFiles/SSAMH_A.htm,10.8,Updated April 2022,True
1999-2000,Laboratory,Autoantibodies - Anti-DFS70 Autoantibody Analyses (Surplus),SSDFS_A,https://wwwn.cdc.gov/Nchs/Data/Nhanes/Public/1999/DataFiles/SSDFS_A.xpt,https://wwwn.cdc.gov/Nchs/Data/Nhanes/Public/1999/DataFiles/SSDFS_A.htm,7.2,July 2022,True
1999-2000,Laboratory,Autoantibodies - Immunofluorescence & Immunoprecipitation Analyses (Surplus),SSANA_A,https://wwwn.cdc.gov/Nchs/Data/Nhanes/Public/1999/DataFiles/SSANA_A.xpt,https://wwwn.cdc.gov/Nchs/Data/Nhanes/Public/1999/DataFiles/SSANA_A.htm,2457.6,Updated July 2022,True
1999-2000,Laboratory,Autoantibodies - Immunofluorescence Analyses (Surplus),SSANA2_A,https://wwwn.cdc.gov/Nchs/Data/Nhanes/Public/1999/DataFiles/SSANA2_A.xpt,https://wwwn.cdc.gov/Nchs/Data/Nhanes/Public/1999/DataFiles/SSANA2_A.htm,1843.2,Updated July 2022,True
1999-2000,Laboratory,"Cadmium, Lead, Mercury, Cotinine & Nutritional Biochemistries",LAB06,https://wwwn.cdc.gov/Nchs/Data/Nhanes/Public/1999/DataFiles/LAB06.xpt,https://wwwn.cdc.gov/Nchs/Data/Nhanes/Public/1999/DataFiles/LAB06.htm,2867.2,Updated September 2007,True
1999-2000,Laboratory,Caffeine & Caffeine Metabolites - Urine (Surplus),SSCAFE_A,https://wwwn.cdc.gov/Nchs/Data/Nhanes/Public/1999/DataFiles/SSCAFE_A.xpt,https://wwwn.cdc.gov/Nchs/Data/Nhanes/Public/1999/DataFiles/SSCAFE_A.htm,646.3,December 2024,True
1999-2000,Laboratory,Chlamydia & Gonorrhea - Urine,LAB05,https://wwwn.cdc.gov/Nchs/Data/Nhanes/Public/1999/DataFiles/LAB05.xpt,https://wwwn.cdc.gov/Nchs/Data/Nhanes/Public/1999/DataFiles/LAB05.htm,50.5,June 2002,True
1999-2000,Laboratory,Cholesterol - LDL & Triglycerides,LAB13AM,https://wwwn.cdc.gov/Nchs/Data/Nhanes/Public/1999/DataFiles/LAB13AM.xpt,https://wwwn.cdc.gov/Nchs/Data/Nhanes/Public/1999/DataFiles/LAB13AM.htm,215.9,Updated March 2007,True
1999-2000,Laboratory,Cholesterol - Total & HDL,LAB13,https://wwwn.cdc.gov/Nchs/Data/Nhanes/Public/1999/DataFiles/LAB13.xpt,https://wwwn.cdc.gov/Nchs/Data/Nhanes/Public/1999/DataFiles/LAB13.htm,327.3,Updated April 2010,True
1999-2000,Laboratory,Complete Blood Count with 5-part Differential - Whole Blood,LAB25,https://wwwn.cdc.gov/Nchs/Data/Nhanes/Public/1999/DataFiles/LAB25.xpt,https://wwwn.cdc.gov/Nchs/Data/Nhanes/Public/1999/DataFiles/LAB25.htm,1433.6,Updated April 2006,True
1999-2000,Laboratory,C-Reactive Protein (CRP),LAB11,https://wwwn.cdc.gov/Nchs/Data/Nhanes/Public/1999/DataFiles/LAB11.xpt,https://wwwn.cdc.gov/Nchs/Data/Nhanes/Public/1999/DataFiles/LAB11.htm,458.0,Updated September 2008,True
1999-2000,Laboratory,Cryptosporidum & Toxoplasma,LAB17,https://wwwn.cdc.gov/Nchs/Data/Nhanes/Public/1999/DataFiles/LAB17.xpt,https://wwwn.cdc.gov/Nchs/Data/Nhanes/Public/1999/DataFiles/LAB17.htm,372.7,June 2002,True
1999-2000,Laboratory,Cystatin C - Serum (Surplus),SSCYST_A,https://wwwn.cdc.gov/Nchs/Data/Nhanes/Public/1999/DataFiles/SSCYST_A.xpt,https://wwwn.cdc.gov/Nchs/Data/Nhanes/Public/1999/DataFiles/SSCYST_A.htm,60.0,Updated April 2022,True
1999-2000,Laboratory,Cytomegalovirus Antibodies - Serum (Surplus),SSCMV_A,https://wwwn.cdc.gov/Nchs/Data/Nhanes/Public/1999/DataFiles/SSCMV_A.xpt,https://wwwn.cdc.gov/Nchs/Data/Nhanes/Public/1999/DataFiles/SSCMV_A.htm,227.5,Updated April 2022,True
1999-2000,Laboratory,Cytomegalovirus Genotypes - Urine (Surplus),SSCMVG_A,https://wwwn.cdc.gov/Nchs/Data/Nhanes/Public/1999/DataFiles/SSCMVG_A.xpt,https://wwwn.cdc.gov/Nchs/Data/Nhanes/Public/1999/DataFiles/SSCMVG_A.htm,31.1,June 2017,True
1999-2000,Laboratory,Cytomegalovirus shedding - Urine (Surplus),SSUCSH_A,https://wwwn.cdc.gov/Nchs/Data/Nhanes/Public/1999/DataFiles/SSUCSH_A.xpt,https://wwwn.cdc.gov/Nchs/Data/Nhanes/Public/1999/DataFiles/SSUCSH_A.htm,161.9,Updated April 2022,True
1999-2000,Laboratory,"Dioxins, Furans, & Coplanar PCBs",LAB28POC,https://wwwn.cdc.gov/Nchs/Data/Nhanes/Public/1999/DataFiles/LAB28POC.xpt,https://wwwn.cdc.gov/Nchs/Data/Nhanes/Public/1999/DataFiles/LAB28POC.htm,3686.4,Updated January 2009,True
1999-2000,Laboratory,DNAm Epigenetic Biomarker,DEFAULT,https://wwwn.cdc.gov/Nchs/Nhanes/DNAm/Default.aspx,https://wwwn.cdc.gov/Nchs/Nhanes/DNAm/Default.aspx,,July 2024,True
1999-2000,Laboratory,Fasting Questionnaire,PH,https://wwwn.cdc.gov/Nchs/Data/Nhanes/Public/1999/DataFiles/PH.xpt,https://wwwn.cdc.gov/Nchs/Data/Nhanes/Public/1999/DataFiles/PH.htm,1331.2,Updated December 2005,True
1999-2000,Laboratory,Folic Acid - Unmetabolized (Surplus),SSFOL_A,https://wwwn.cdc.gov/Nchs/Data/Nhanes/Public/1999/DataFiles/SSFOL_A.xpt,https://wwwn.cdc.gov/Nchs/Data/Nhanes/Public/1999/DataFiles/SSFOL_A.htm,70.3,Updated April 2022,True
1999-2000,Laboratory,"Glycated albumin, Beta-2 Microglobulin, Cystatin C (Surplus)",SSCARD_A,https://wwwn.cdc.gov/Nchs/Data/Nhanes/Public/1999/DataFiles/SSCARD_A.xpt,https://wwwn.cdc.gov/Nchs/Data/Nhanes/Public/1999/DataFiles/SSCARD_A.htm,2252.8,Updated July 2022,True
1999-2000,Laboratory,Glycohemoglobin,LAB10,https://wwwn.cdc.gov/Nchs/Data/Nhanes/Public/1999/DataFiles/LAB10.xpt,https://wwwn.cdc.gov/Nchs/Data/Nhanes/Public/1999/DataFiles/LAB10.htm,106.6,Updated March 2012,True
1999-2000,Laboratory,Hepatitis A Antibody,L02HPA_A,https://wwwn.cdc.gov/Nchs/Data/Nhanes/Public/1999/DataFiles/L02HPA_A.xpt,https://wwwn.cdc.gov/Nchs/Data/Nhanes/Public/1999/DataFiles/L02HPA_A.htm,135.2,March 2008,True
1999-2000,Laboratory,Hepatitis B Surface Antibody,L02HBS,https://wwwn.cdc.gov/Nchs/Data/Nhanes/Public/1999/DataFiles/L02HBS.xpt,https://wwwn.cdc.gov/Nchs/Data/Nhanes/Public/1999/DataFiles/L02HBS.htm,135.2,Updated June 2008,True
1999-2000,Laboratory,Hepatitis B: Core Antibody & Surface Antigen; Hepatitis C: Confirmed Antibody & RNA (HCV-RNA); Hepatitis D Antibody,LAB02,https://wwwn.cdc.gov/Nchs/Data/Nhanes/Public/1999/DataFiles/LAB02.xpt,https://wwwn.cdc.gov/Nchs/Data/Nhanes/Public/1999/DataFiles/LAB02.htm,404.1,Updated November 2010,True
1999-2000,Laboratory,Herpes Simplex Virus Type-1 & Type-2,LAB09,https://wwwn.cdc.gov/Nchs/Data/Nhanes/Public/1999/DataFiles/LAB09.xpt,https://wwwn.cdc.gov/Nchs/Data/Nhanes/Public/1999/DataFiles/LAB09.htm,94.1,Updated May 2010,True
1999-2000,Laboratory,Herpes Simplex Virus Type-1 (Surplus),SSHSV1_A,https://wwwn.cdc.gov/Nchs/Data/Nhanes/Public/1999/DataFiles/SSHSV1_A.xpt,https://wwwn.cdc.gov/Nchs/Data/Nhanes/Public/1999/DataFiles/SSHSV1_A.htm,39.1,Updated April 2022,True
1999-2000,Laboratory,High-sensitivity cardiac troponins (Surplus),SSTROP_A,https://wwwn.cdc.gov/Nchs/Data/Nhanes/Public/1999/DataFiles/SSTROP_A.xpt,https://wwwn.cdc.gov/Nchs/Data/Nhanes/Public/1999/DataFiles/SSTROP_A.htm,2048.0,September 2022,True
1999-2000,Laboratory,"HIV Antibody Test, CD4+ T Lymphocytes & CD8+ T Cells",LAB03,https://wwwn.cdc.gov/Nchs/Data/Nhanes/Public/1999/DataFiles/LAB03.xpt,https://wwwn.cdc.gov/Nchs/Data/Nhanes/Public/1999/DataFiles/LAB03.htm,89.4,Updated August 2006,True
1999-2000,Laboratory,Latex,LAB07,https://wwwn.cdc.gov/Nchs/Data/Nhanes/Public/1999/DataFiles/LAB07.xpt,https://wwwn.cdc.gov/Nchs/Data/Nhanes/Public/1999/DataFiles/LAB07.htm,122.0,June 2002,True
1999-2000,Laboratory,Lead - Dust,LAB20,https://wwwn.cdc.gov/Nchs/Data/Nhanes/Public/1999/DataFiles/LAB20.xpt,https://wwwn.cdc.gov/Nchs/Data/Nhanes/Public/1999/DataFiles/LAB20.htm,173.0,June 2006,True
1999-2000,Laboratory,"Measles, Rubella, & Varicella",LAB19,https://wwwn.cdc.gov/Nchs/Data/Nhanes/Public/1999/DataFiles/LAB19.xpt,https://wwwn.cdc.gov/Nchs/Data/Nhanes/Public/1999/DataFiles/LAB19.htm,178.3,December 2004,True
1999-2000,Laboratory,Mercury - Hair,LAB22,https://wwwn.cdc.gov/Nchs/Data/Nhanes/Public/1999/DataFiles/LAB22.xpt,https://wwwn.cdc.gov/Nchs/Data/Nhanes/Public/1999/DataFiles/LAB22.htm,134.4,Updated January 2005,True
1999-2000,Laboratory,Metals - Urine,LAB06HM,https://wwwn.cdc.gov/Nchs/Data/Nhanes/Public/1999/DataFiles/LAB06HM.xpt,https://wwwn.cdc.gov/Nchs/Data/Nhanes/Public/1999/DataFiles/LAB06HM.htm,1331.2,Updated September 2023,True
1999-2000,Laboratory,Monoclonal gammopathy of undetermined significance (MGUS) (Surplus),SSOL_A,https://wwwn.cdc.gov/Nchs/Data/Nhanes/Public/1999/DataFiles/SSOL_A.xpt,https://wwwn.cdc.gov/Nchs/Data/Nhanes/Public/1999/DataFiles/SSOL_A.htm,694.8,Updated April 2022,True
1999-2000,Laboratory,Mumps Antibody - Serum (Surplus),SSMUMP_A,https://wwwn.cdc.gov/Nchs/Data/Nhanes/Public/1999/DataFiles/SSMUMP_A.xpt,https://wwwn.cdc.gov/Nchs/Data/Nhanes/Public/1999/DataFiles/SSMUMP_A.htm,163.1,Updated April 2022,True
1999-2000,Laboratory,Norovirus antibody - Serum,SSNORO_A,https://wwwn.cdc.gov/Nchs/Data/Nhanes/Public/1999/DataFiles/SSNORO_A.xpt,https://wwwn.cdc.gov/Nchs/Data/Nhanes/Public/1999/DataFiles/SSNORO_A.htm,324.5,Updated April 2022,True
1999-2000,Laboratory,N-terminal Pro-BNP (Surplus),SSBNP_A,https://wwwn.cdc.gov/Nchs/Data/Nhanes/Public/1999/DataFiles/SSBNP_A.xpt,https://wwwn.cdc.gov/Nchs/Data/Nhanes/Public/1999/DataFiles/SSBNP_A.htm,995.6,July 2022,True
1999-2000,Laboratory,Perfluoroalkyl Chemicals - Serum (Surplus),SSPFC_A,https://wwwn.cdc.gov/Nchs/Data/Nhanes/Public/1999/DataFiles/SSPFC_A.xpt,https://wwwn.cdc.gov/Nchs/Data/Nhanes/Public/1999/DataFiles/SSPFC_A.htm,265.5,Updated December 2022,True
1999-2000,Laboratory,"Pesticides - Current Use - Urine (Formerly Priority Pesticides, Non-persistent Pesticide Metabolites)",LAB26PP,https://wwwn.cdc.gov/Nchs/Data/Nhanes/Public/1999/DataFiles/LAB26PP.xpt,https://wwwn.cdc.gov/Nchs/Data/Nhanes/Public/1999/DataFiles/LAB26PP.htm,1536.0,Updated January 2012,True
1999-2000,Laboratory,"Phthalates, Phytoestrogens & PAHs - Urine PHPYPA Urinary Phthalates",PHPYPA,https://wwwn.cdc.gov/Nchs/Data/Nhanes/Public/1999/DataFiles/PHPYPA.xpt,https://wwwn.cdc.gov/Nchs/Data/Nhanes/Public/1999/DataFiles/PHPYPA.htm,1433.6,Updated January 2012,True
1999-2000,Laboratory,"Plasma Fasting Glucose, Serum C-peptide & Insulin",LAB10AM,https://wwwn.cdc.gov/Nchs/Data/Nhanes/Public/1999/DataFiles/LAB10AM.xpt,https://wwwn.cdc.gov/Nchs/Data/Nhanes/Public/1999/DataFiles/LAB10AM.htm,206.0,Updated September 2009,True
1999-2000,Laboratory,Pregnancy Test - Urine,UC,https://wwwn.cdc.gov/Nchs/Data/Nhanes/Public/1999/DataFiles/UC.xpt,https://wwwn.cdc.gov/Nchs/Data/Nhanes/Public/1999/DataFiles/UC.htm,29.8,Updated January 2007,True
1999-2000,Laboratory,Sex Steroid Hormone - Men (Surplus),SSCHL_A,https://wwwn.cdc.gov/Nchs/Data/Nhanes/Public/1999/DataFiles/SSCHL_A.xpt,https://wwwn.cdc.gov/Nchs/Data/Nhanes/Public/1999/DataFiles/SSCHL_A.htm,17.6,Updated April 2022,True
1999-2000,Laboratory,Standard Biochemistry Profile & Hormones,LAB18,https://wwwn.cdc.gov/Nchs/Data/Nhanes/Public/1999/DataFiles/LAB18.xpt,https://wwwn.cdc.gov/Nchs/Data/Nhanes/Public/1999/DataFiles/LAB18.htm,2150.4,Updated August 2006,True
1999-2000,Laboratory,Telomere Mean and Standard Deviation (Surplus),TELO_A,https://wwwn.cdc.gov/Nchs/Data/Nhanes/Public/1999/DataFiles/TELO_A.xpt,https://wwwn.cdc.gov/Nchs/Data/Nhanes/Public/1999/DataFiles/TELO_A.htm,84.8,Updated February 2015,True
1999-2000,Laboratory,Thyroid - Stimulating Hormone & Thyroxine (TSH & T4),LAB18T4,https://wwwn.cdc.gov/Nchs/Data/Nhanes/Public/1999/DataFiles/LAB18T4.xpt,https://wwwn.cdc.gov/Nchs/Data/Nhanes/Public/1999/DataFiles/LAB18T4.htm,108.3,Updated October 2023,True
1999-2000,Laboratory,Trans Fatty Acids,TFA_A,https://wwwn.cdc.gov/Nchs/Data/Nhanes/Public/1999/DataFiles/TFA_A.xpt,https://wwwn.cdc.gov/Nchs/Data/Nhanes/Public/1999/DataFiles/TFA_A.htm,334.8,Updated March 2019,True
1999-2000,Laboratory,Transferrin Receptor - Pregnant Women (Surplus),SSTFR_A,https://wwwn.cdc.gov/Nchs/Data/Nhanes/Public/1999/DataFiles/SSTFR_A.xpt,https://wwwn.cdc.gov/Nchs/Data/Nhanes/Public/1999/DataFiles/SSTFR_A.htm,7.0,Updated April 2022,True
1999-2000,Laboratory,Varicella-Zoster Virus Antibody (Surplus),SSVARI_A,https://wwwn.cdc.gov/Nchs/Data/Nhanes/Public/1999/DataFiles/SSVARI_A.xpt,https://wwwn.cdc.gov/Nchs/Data/Nhanes/Public/1999/DataFiles/SSVARI_A.htm,5.2,March 2009,True
1999-2000,Laboratory,Volatile Organic Compounds - Blood & Water,LAB04,https://wwwn.cdc.gov/Nchs/Data/Nhanes/Public/1999/DataFiles/LAB04.xpt,https://wwwn.cdc.gov/Nchs/Data/Nhanes/Public/1999/DataFiles/LAB04.htm,306.1,December 2006,True
1999-2000,Laboratory,Volatile Organic Compounds (VOC) - Personal Exposure Badge,LAB21,https://wwwn.cdc.gov/Nchs/Data/Nhanes/Public/1999/DataFiles/LAB21.xpt,https://wwwn.cdc.gov/Nchs/Data/Nhanes/Public/1999/DataFiles/LAB21.htm,360.4,April 2005,True
1999-2000,Questionnaire,Acculturation,ACQ,https://wwwn.cdc.gov/Nchs/Data/Nhanes/Public/1999/DataFiles/ACQ.xpt,https://wwwn.cdc.gov/Nchs/Data/Nhanes/Public/1999/DataFiles/ACQ.htm,629.2,June 2002,True
1999-2000,Questionnaire,Alcohol Use,ALQ,https://wwwn.cdc.gov/Nchs/Data/Nhanes/Public/1999/DataFiles/ALQ.xpt,https://wwwn.cdc.gov/Nchs/Data/Nhanes/Public/1999/DataFiles/ALQ.htm,314.5,June 2002,True
1999-2000,Questionnaire,Analgesic Pain Relievers,RXQ_ANA,https://wwwn.cdc.gov/Nchs/Data/Nhanes/Public/1999/DataFiles/RXQ_ANA.xpt,https://wwwn.cdc.gov/Nchs/Data/Nhanes/Public/1999/DataFiles/RXQ_ANA.htm,279.2,June 2002,True
1999-2000,Questionnaire,Audiometry,AUQ,https://wwwn.cdc.gov/Nchs/Data/Nhanes/Public/1999/DataFiles/AUQ.xpt,https://wwwn.cdc.gov/Nchs/Data/Nhanes/Public/1999/DataFiles/AUQ.htm,966.6,June 2002,True
1999-2000,Questionnaire,Balance,BAQ,https://wwwn.cdc.gov/Nchs/Data/Nhanes/Public/1999/DataFiles/BAQ.xpt,https://wwwn.cdc.gov/Nchs/Data/Nhanes/Public/1999/DataFiles/BAQ.htm,601.2,June 2002,True
1999-2000,Questionnaire,Blood Pressure & Cholesterol,BPQ,https://wwwn.cdc.gov/Nchs/Data/Nhanes/Public/1999/DataFiles/BPQ.xpt,https://wwwn.cdc.gov/Nchs/Data/Nhanes/Public/1999/DataFiles/BPQ.htm,1740.8,June 2002,True
1999-2000,Questionnaire,Cardiovascular Health,CDQ,https://wwwn.cdc.gov/Nchs/Data/Nhanes/Public/1999/DataFiles/CDQ.xpt,https://wwwn.cdc.gov/Nchs/Data/Nhanes/Public/1999/DataFiles/CDQ.htm,250.9,June 2002,True
1999-2000,Questionnaire,Cognitive Functioning,CFQ,https://wwwn.cdc.gov/Nchs/Data/Nhanes/Public/1999/DataFiles/CFQ.xpt,https://wwwn.cdc.gov/Nchs/Data/Nhanes/Public/1999/DataFiles/CFQ.htm,116.5,January 2005,True
1999-2000,Questionnaire,Current Health Status,HSQ,https://wwwn.cdc.gov/Nchs/Data/Nhanes/Public/1999/DataFiles/HSQ.xpt,https://wwwn.cdc.gov/Nchs/Data/Nhanes/Public/1999/DataFiles/HSQ.htm,553.8,June 2002,True
1999-2000,Questionnaire,Dermatology,DEQ,https://wwwn.cdc.gov/Nchs/Data/Nhanes/Public/1999/DataFiles/DEQ.xpt,https://wwwn.cdc.gov/Nchs/Data/Nhanes/Public/1999/DataFiles/DEQ.htm,3584.0,June 2002,True
1999-2000,Questionnaire,Diabetes,DIQ,https://wwwn.cdc.gov/Nchs/Data/Nhanes/Public/1999/DataFiles/DIQ.xpt,https://wwwn.cdc.gov/Nchs/Data/Nhanes/Public/1999/DataFiles/DIQ.htm,1228.8,June 2002,True
1999-2000,Questionnaire,Diet Behavior & Nutrition,DBQ,https://wwwn.cdc.gov/Nchs/Data/Nhanes/Public/1999/DataFiles/DBQ.xpt,https://wwwn.cdc.gov/Nchs/Data/Nhanes/Public/1999/DataFiles/DBQ.htm,3584.0,June 2002,True
1999-2000,Questionnaire,Drug Use,DUQ,https://wwwn.cdc.gov/Nchs/Data/Nhanes/Public/1999/DataFiles/DUQ.xpt,https://wwwn.cdc.gov/Nchs/Data/Nhanes/Public/1999/DataFiles/DUQ.htm,112.3,June 2002,True
1999-2000,Questionnaire,Early Childhood,ECQ,https://wwwn.cdc.gov/Nchs/Data/Nhanes/Public/1999/DataFiles/ECQ.xpt,https://wwwn.cdc.gov/Nchs/Data/Nhanes/Public/1999/DataFiles/ECQ.htm,462.3,June 2002,True
1999-2000,Questionnaire,Food Security,FSQ,https://wwwn.cdc.gov/Nchs/Data/Nhanes/Public/1999/DataFiles/FSQ.xpt,https://wwwn.cdc.gov/Nchs/Data/Nhanes/Public/1999/DataFiles/FSQ.htm,1228.8,November 2004,True
1999-2000,Questionnaire,Health Insurance,HIQ,https://wwwn.cdc.gov/Nchs/Data/Nhanes/Public/1999/DataFiles/HIQ.xpt,https://wwwn.cdc.gov/Nchs/Data/Nhanes/Public/1999/DataFiles/HIQ.htm,780.6,July 2004,True
1999-2000,Questionnaire,Hospital Utilization & Access to Care,HUQ,https://wwwn.cdc.gov/Nchs/Data/Nhanes/Public/1999/DataFiles/HUQ.xpt,https://wwwn.cdc.gov/Nchs/Data/Nhanes/Public/1999/DataFiles/HUQ.htm,780.6,June 2002,True
1999-2000,Questionnaire,Housing Characteristics,HOQ,https://wwwn.cdc.gov/Nchs/Data/Nhanes/Public/1999/DataFiles/HOQ.xpt,https://wwwn.cdc.gov/Nchs/Data/Nhanes/Public/1999/DataFiles/HOQ.htm,1331.2,July 2004,True
1999-2000,Questionnaire,Immunization,IMQ,https://wwwn.cdc.gov/Nchs/Data/Nhanes/Public/1999/DataFiles/IMQ.xpt,https://wwwn.cdc.gov/Nchs/Data/Nhanes/Public/1999/DataFiles/IMQ.htm,312.7,June 2002,True
1999-2000,Questionnaire,Kidney Conditions,KIQ,https://wwwn.cdc.gov/Nchs/Data/Nhanes/Public/1999/DataFiles/KIQ.xpt,https://wwwn.cdc.gov/Nchs/Data/Nhanes/Public/1999/DataFiles/KIQ.htm,804.2,June 2002,True
1999-2000,Questionnaire,Medical Conditions,MCQ,https://wwwn.cdc.gov/Nchs/Data/Nhanes/Public/1999/DataFiles/MCQ.xpt,https://wwwn.cdc.gov/Nchs/Data/Nhanes/Public/1999/DataFiles/MCQ.htm,12390.4,Updated August 2006,True
1999-2000,Questionnaire,Mental Health - Depression,CIQMDEP,https://wwwn.cdc.gov/Nchs/Data/Nhanes/Public/1999/DataFiles/CIQMDEP.xpt,https://wwwn.cdc.gov/Nchs/Data/Nhanes/Public/1999/DataFiles/CIQMDEP.htm,1126.4,Updated March 2006,True
1999-2000,Questionnaire,Mental Health - Generalized Anxiety Disorder,CIQGAD,https://wwwn.cdc.gov/Nchs/Data/Nhanes/Public/1999/DataFiles/CIQGAD.xpt,https://wwwn.cdc.gov/Nchs/Data/Nhanes/Public/1999/DataFiles/CIQGAD.htm,765.2,Updated March 2006,True
1999-2000,Questionnaire,Mental Health - Panic Disorder,CIQPANIC,https://wwwn.cdc.gov/Nchs/Data/Nhanes/Public/1999/DataFiles/CIQPANIC.xpt,https://wwwn.cdc.gov/Nchs/Data/Nhanes/Public/1999/DataFiles/CIQPANIC.htm,1228.8,Updated March 2006,True
1999-2000,Questionnaire,Miscellaneous Pain,MPQ,https://wwwn.cdc.gov/Nchs/Data/Nhanes/Public/1999/DataFiles/MPQ.xpt,https://wwwn.cdc.gov/Nchs/Data/Nhanes/Public/1999/DataFiles/MPQ.htm,2252.8,June 2002,True
1999-2000,Questionnaire,Occupation,OCQ,https://wwwn.cdc.gov/Nchs/Data/Nhanes/Public/1999/DataFiles/OCQ.xpt,https://wwwn.cdc.gov/Nchs/Data/Nhanes/Public/1999/DataFiles/OCQ.htm,2048.0,January 2008,True
1999-2000,Questionnaire,Oral Health,OHQ,https://wwwn.cdc.gov/Nchs/Data/Nhanes/Public/1999/DataFiles/OHQ.xpt,https://wwwn.cdc.gov/Nchs/Data/Nhanes/Public/1999/DataFiles/OHQ.htm,1012.2,January 2004,True
1999-2000,Questionnaire,Osteoporosis,OSQ,https://wwwn.cdc.gov/Nchs/Data/Nhanes/Public/1999/DataFiles/OSQ.xpt,https://wwwn.cdc.gov/Nchs/Data/Nhanes/Public/1999/DataFiles/OSQ.htm,2048.0,Updated August 2006,True
1999-2000,Questionnaire,Pesticide Use,PUQ,https://wwwn.cdc.gov/Nchs/Data/Nhanes/Public/1999/DataFiles/PUQ.xpt,https://wwwn.cdc.gov/Nchs/Data/Nhanes/Public/1999/DataFiles/PUQ.htm,1126.4,July 2004,True
1999-2000,Questionnaire,Physical Activity,PAQ,https://wwwn.cdc.gov/Nchs/Data/Nhanes/Public/1999/DataFiles/PAQ.xpt,https://wwwn.cdc.gov/Nchs/Data/Nhanes/Public/1999/DataFiles/PAQ.htm,1536.0,Updated September 2004,True
1999-2000,Questionnaire,Physical Activity - Individual Activities,PAQIAF,https://wwwn.cdc.gov/Nchs/Data/Nhanes/Public/1999/DataFiles/PAQIAF.xpt,https://wwwn.cdc.gov/Nchs/Data/Nhanes/Public/1999/DataFiles/PAQIAF.htm,508.5,Updated September 2004,True
1999-2000,Questionnaire,Physical Functioning,PFQ,https://wwwn.cdc.gov/Nchs/Data/Nhanes/Public/1999/DataFiles/PFQ.xpt,https://wwwn.cdc.gov/Nchs/Data/Nhanes/Public/1999/DataFiles/PFQ.htm,6860.8,June 2002,True
1999-2000,Questionnaire,Prescription Medications,RXQ_RX,https://wwwn.cdc.gov/Nchs/Data/Nhanes/Public/1999/DataFiles/RXQ_RX.xpt,https://wwwn.cdc.gov/Nchs/Data/Nhanes/Public/1999/DataFiles/RXQ_RX.htm,3072.0,Updated June 2009,True
1999-2000,Questionnaire,Prescription Medications - Drug Information,RXQ_DRUG,https://wwwn.cdc.gov/Nchs/Data/Nhanes/Public/1988/DataFiles/RXQ_DRUG.xpt,https://wwwn.cdc.gov/Nchs/Data/Nhanes/Public/1988/DataFiles/RXQ_DRUG.htm,3276.8,Updated September 2021,True
1999-2000,Questionnaire,Reproductive Health,RHQ,https://wwwn.cdc.gov/Nchs/Data/Nhanes/Public/1999/DataFiles/RHQ.xpt,https://wwwn.cdc.gov/Nchs/Data/Nhanes/Public/1999/DataFiles/RHQ.htm,2560.0,Updated September 2004,True
1999-2000,Questionnaire,Respiratory Health,RDQ,https://wwwn.cdc.gov/Nchs/Data/Nhanes/Public/1999/DataFiles/RDQ.xpt,https://wwwn.cdc.gov/Nchs/Data/Nhanes/Public/1999/DataFiles/RDQ.htm,1433.6,June 2002,True
1999-2000,Questionnaire,Sexual Behavior,SXQ,https://wwwn.cdc.gov/Nchs/Data/Nhanes/Public/1999/DataFiles/SXQ.xpt,https://wwwn.cdc.gov/Nchs/Data/Nhanes/Public/1999/DataFiles/SXQ.htm,402.3,June 2002,True
1999-2000,Questionnaire,Smoking - Adult Recent Tobacco Use & Youth Cigarette/Tobacco Use,SMQMEC,https://wwwn.cdc.gov/Nchs/Data/Nhanes/Public/1999/DataFiles/SMQMEC.xpt,https://wwwn.cdc.gov/Nchs/Data/Nhanes/Public/1999/DataFiles/SMQMEC.htm,2252.8,June 2002,True
1999-2000,Questionnaire,Smoking - Cigarette/Tobacco Use - Adult,SMQ,https://wwwn.cdc.gov/Nchs/Data/Nhanes/Public/1999/DataFiles/SMQ.xpt,https://wwwn.cdc.gov/Nchs/Data/Nhanes/Public/1999/DataFiles/SMQ.htm,1740.8,Updated February 2003,True
1999-2000,Questionnaire,Smoking - Household Smokers,SMQFAM,https://wwwn.cdc.gov/Nchs/Data/Nhanes/Public/1999/DataFiles/SMQFAM.xpt,https://wwwn.cdc.gov/Nchs/Data/Nhanes/Public/1999/DataFiles/SMQFAM.htm,702.7,Updated July 2004,True
1999-2000,Questionnaire,Social Support,SSQ,https://wwwn.cdc.gov/Nchs/Data/Nhanes/Public/1999/DataFiles/SSQ.xpt,https://wwwn.cdc.gov/Nchs/Data/Nhanes/Public/1999/DataFiles/SSQ.htm,290.0,June 2002,True
1999-2000,Questionnaire,Tuberculosis,TBQ,https://wwwn.cdc.gov/Nchs/Data/Nhanes/Public/1999/DataFiles/TBQ.xpt,https://wwwn.cdc.gov/Nchs/Data/Nhanes/Public/1999/DataFiles/TBQ.htm,520.9,June 2002,True
1999-2000,Questionnaire,Vision,VIQ,https://wwwn.cdc.gov/Nchs/Data/Nhanes/Public/1999/DataFiles/VIQ.xpt,https://wwwn.cdc.gov/Nchs/Data/Nhanes/Public/1999/DataFiles/VIQ.htm,229.2,February 2005,True
1999-2000,Questionnaire,Weight History,WHQ,https://wwwn.cdc.gov/Nchs/Data/Nhanes/Public/1999/DataFiles/WHQ.xpt,https://wwwn.cdc.gov/Nchs/Data/Nhanes/Public/1999/DataFiles/WHQ.htm,2048.0,June 2002,True
1999-2000,LimitedAccess,Alcohol Use - Youth,,,https://wwwn.cdc.gov/Nchs/Data/Nhanes/Public/1999/DataFiles/ALQYTH.htm,,January 2007,False
1999-2000,LimitedAccess,"Cadmium, Lead, Ferritin, Serum Folate, RBC Folate, Vitamin B12, Homocysteine, Methylmalonic acid, Cotinine & Other Selected Nutritional Biochemistries - Blood, Second Exam",,,https://wwwn.cdc.gov/Nchs/Data/Nhanes/Public/2000/DataFiles/L06_2_00.htm,,October 2008,False
1999-2000,LimitedAccess,California - Demographic Variables & Sample Weights,,,https://wwwn.cdc.gov/Nchs/Data/Nhanes/Public/1999/DataFiles/CDEMO_AD.htm,,January 2016,False
1999-2000,LimitedAccess,Chlamydia & Gonorrhea - Urine - Youth,,,https://wwwn.cdc.gov/Nchs/Data/Nhanes/Public/1999/DataFiles/L05RDC_A.htm,,June 2009,False
1999-2000,LimitedAccess,"Cholesterol - Total, HDL, LDL & Triglycerides, Second Exam",,,https://wwwn.cdc.gov/Nchs/Data/Nhanes/Public/2000/DataFiles/L13_2_R.htm,,September 2010,False
1999-2000,LimitedAccess,"Complete Blood Count with 5-part Differential - Whole Blood, Second Exam",,,https://wwwn.cdc.gov/Nchs/Data/Nhanes/Public/2000/DataFiles/L25_2_R.htm,,August 2010,False
1999-2000,LimitedAccess,"C-Reactive Protein & Others, Second Exam",,,https://wwwn.cdc.gov/Nchs/Data/Nhanes/Public/2000/DataFiles/L11_2_R.htm,,July 2010,False
1999-2000,LimitedAccess,"Creatinine & Albumin - Urine, Second Exam",,,https://wwwn.cdc.gov/Nchs/Data/Nhanes/Public/2000/DataFiles/L16_2_R.htm,,September 2010,False
1999-2000,LimitedAccess,DNAm - Normalized and Pre-Processed,,,https://wwwn.cdc.gov/Nchs/Data/Nhanes/Public/1999/DataFiles/DNMEPI_R.htm,,July 2024,False
1999-2000,LimitedAccess,"Dual-Energy X-ray Absorptiometry - Whole Body, Second Exam",,,https://wwwn.cdc.gov/Nchs/Data/Nhanes/Public/2000/DataFiles/DXX_2_00.htm,,June 2010,False
1999-2000,LimitedAccess,"Geocoded Data, NHANES 1999-2016, Census 2000",,,https://wwwn.cdc.gov/Nchs/Data/Nhanes/Public/1999/DataFiles/GEO_2000.htm,,March 2018,False
1999-2000,LimitedAccess,"Geocoded Data, NHANES 1999-2018, Census 2010",,,https://wwwn.cdc.gov/Nchs/Data/Nhanes/Public/1999/DataFiles/GEO_2010.htm,,Updated July 2021,False
1999-2000,LimitedAccess,"Geocoded Data, NHANES 1999-March 2020, Census 2020",,,https://wwwn.cdc.gov/Nchs/Data/Nhanes/Public/1999/DataFiles/GEO_2020.htm,,October 2023,False
1999-2000,LimitedAccess,"Glycohemoglobin, Plasma Glucose, Serum C-peptide, & Insulin, Second Exam",,,https://wwwn.cdc.gov/Nchs/Data/Nhanes/Public/2000/DataFiles/L10_2_00.htm,,January 2010,False
1999-2000,LimitedAccess,Herpes Simplex Virus Type-2 - Youth,,,https://wwwn.cdc.gov/Nchs/Data/Nhanes/Public/1999/DataFiles/L09RDC_A.htm,,Updated May 2010,False
1999-2000,LimitedAccess,"Los Angeles County, California - Demographic Variables & Sample Weights",,,https://wwwn.cdc.gov/Nchs/Data/Nhanes/Public/1999/DataFiles/LA_DEMO.htm,,August 2008,False
1999-2000,LimitedAccess,"Los Angeles County, California - Demographic Variables & Sample Weights",,,https://wwwn.cdc.gov/Nchs/Data/Nhanes/Public/1999/DataFiles/LDEMO_AD.htm,,May 2015,False
1999-2000,LimitedAccess,"Measles, Rubella, & Varicella, Second Exam",,,https://wwwn.cdc.gov/Nchs/Data/Nhanes/Public/2000/DataFiles/L19_2_R.htm,,September 2010,False
1999-2000,LimitedAccess,Mental Health - Attention Deficit Disorder/Hyperactivity - Youth,,,https://wwwn.cdc.gov/Nchs/Data/Nhanes/Public/2000/DataFiles/YDQA.htm,,October 2006,False
1999-2000,LimitedAccess,Mental Health - Conduct Disorder - Youth,,,https://wwwn.cdc.gov/Nchs/Data/Nhanes/Public/1999/DataFiles/YCQ.htm,,January 2007,False
1999-2000,LimitedAccess,"Mental Health - Conduct Disorder - Youth, Parent Version",,,https://wwwn.cdc.gov/Nchs/Data/Nhanes/Public/2000/DataFiles/YDQC.htm,,October 2006,False
1999-2000,LimitedAccess,Mental Health - Eating Disorders - Youth,,,https://wwwn.cdc.gov/Nchs/Data/Nhanes/Public/2000/DataFiles/YDQE.htm,,October 2006,False
1999-2000,LimitedAccess,Mental Health - Elimination Disorders - Youth,,,https://wwwn.cdc.gov/Nchs/Data/Nhanes/Public/2000/DataFiles/YDQL.htm,,October 2006,False
1999-2000,LimitedAccess,Mental Health - Generalized Anxiety Disorder - Youth,,,https://wwwn.cdc.gov/Nchs/Data/Nhanes/Public/1999/DataFiles/YDQG.htm,,October 2006,False
1999-2000,LimitedAccess,Mental Health - Major Depression/Dysthymic Disorder - Youth,,,https://wwwn.cdc.gov/Nchs/Data/Nhanes/Public/2000/DataFiles/YDQD.htm,,October 2006,False
1999-2000,LimitedAccess,Mental Health - Panic Disorder - Youth,,,https://wwwn.cdc.gov/Nchs/Data/Nhanes/Public/1999/DataFiles/YDQP.htm,,October 2006,False
1999-2000,LimitedAccess,Mental Health Diagnostic Interview - Youth,,,https://wwwn.cdc.gov/Nchs/Data/Nhanes/Public/1999/DataFiles/YDQ.htm,,October 2006,False
1999-2000,LimitedAccess,Second Day Lab General Documentation,,,https://wwwn.cdc.gov/Nchs/Data/Nhanes/Public/2000/DataFiles/DOC_2000.htm,,March 2010,False
1999-2000,LimitedAccess,Sexual Behavior - Youth,,,https://wwwn.cdc.gov/Nchs/Data/Nhanes/Public/1999/DataFiles/SXQYTH.htm,,September 2018,False
1999-2000,LimitedAccess,"Standard Biochemistry Profile & Hormones, Second Exam",,,https://wwwn.cdc.gov/Nchs/Data/Nhanes/Public/2000/DataFiles/L18_2_00.htm,,December 2008,False
1999-2000,LimitedAccess,"Vitamin A & Vitamin E, Second Exam",,,https://wwwn.cdc.gov/Nchs/Data/Nhanes/Public/2000/DataFiles/VIT_2_R.htm,,August 2010,False
2001-2002,Demographics,Demographic Variables & Sample Weights,DEMO_B,https://wwwn.cdc.gov/Nchs/Data/Nhanes/Public/2001/DataFiles/DEMO_B.xpt,https://wwwn.cdc.gov/Nchs/Data/Nhanes/Public/2001/DataFiles/DEMO_B.htm,3174.4,Updated September 2009,True
2001-2002,Dietary,Dietary Interview - Individual Foods,DRXIFF_B,https://wwwn.cdc.gov/Nchs/Data/Nhanes/Public/2001/DataFiles/DRXIFF_B.xpt,https://wwwn.cdc.gov/Nchs/Data/Nhanes/Public/2001/DataFiles/DRXIFF_B.htm,83763.2,Updated July 2010,True
2001-2002,Dietary,Dietary Interview - Total Nutrient Intakes,DRXTOT_B,https://wwwn.cdc.gov/Nchs/Data/Nhanes/Public/2001/DataFiles/DRXTOT_B.xpt,https://wwwn.cdc.gov/Nchs/Data/Nhanes/Public/2001/DataFiles/DRXTOT_B.htm,11673.6,Updated July 2010,True
2001-2002,Dietary,Dietary Interview Technical Support File - Food Code Format File,DRXFMT_B,https://wwwn.cdc.gov/Nchs/Data/Nhanes/Public/2001/DataFiles/DRXFMT_B.xpt,https://wwwn.cdc.gov/Nchs/Data/Nhanes/Public/2001/DataFiles/DRXFMT_B.htm,518.8,July 2010,True
2001-2002,Dietary,Dietary Supplement Database - Blend Information,DSBI,https://wwwn.cdc.gov/Nchs/Data/Nhanes/Public/1999/DataFiles/DSBI.xpt,https://wwwn.cdc.gov/Nchs/Data/Nhanes/Public/1999/DataFiles/DSBI.htm,10240.0,February 2025,True
2001-2002,Dietary,Dietary Supplement Database - Ingredient Information,DSII,https://wwwn.cdc.gov/Nchs/Data/Nhanes/Public/1999/DataFiles/DSII.xpt,https://wwwn.cdc.gov/Nchs/Data/Nhanes/Public/1999/DataFiles/DSII.htm,84377.6,February 2025,True
2001-2002,Dietary,Dietary Supplement Database - Product Information,DSPI,https://wwwn.cdc.gov/Nchs/Data/Nhanes/Public/1999/DataFiles/DSPI.xpt,https://wwwn.cdc.gov/Nchs/Data/Nhanes/Public/1999/DataFiles/DSPI.htm,6656.0,February 2025,True
2001-2002,Dietary,"Dietary Supplement Use 30-Day - File 1, Supplement Counts",DSQ1_B,https://wwwn.cdc.gov/Nchs/Data/Nhanes/Public/2001/DataFiles/DSQ1_B.xpt,https://wwwn.cdc.gov/Nchs/Data/Nhanes/Public/2001/DataFiles/DSQ1_B.htm,259.9,Updated October 2005,True
2001-2002,Dietary,"Dietary Supplement Use 30-Day - File 2, Participant's Use of Supplements",DSQ2_B,https://wwwn.cdc.gov/Nchs/Data/Nhanes/Public/2001/DataFiles/DSQ2_B.xpt,https://wwwn.cdc.gov/Nchs/Data/Nhanes/Public/2001/DataFiles/DSQ2_B.htm,2457.6,Updated October 2005,True
2001-2002,Examination,Audiometry,AUX_B,https://wwwn.cdc.gov/Nchs/Data/Nhanes/Public/2001/DataFiles/AUX_B.xpt,https://wwwn.cdc.gov/Nchs/Data/Nhanes/Public/2001/DataFiles/AUX_B.htm,1126.4,June 2005,True
2001-2002,Examination,Audiometry - Acoustic Reflex,AUXAR_B,https://wwwn.cdc.gov/Nchs/Data/Nhanes/Public/2001/DataFiles/AUXAR_B.xpt,https://wwwn.cdc.gov/Nchs/Data/Nhanes/Public/2001/DataFiles/AUXAR_B.htm,5427.2,January 2015,True
2001-2002,Examination,Audiometry - Tympanometry,AUXTYM_B,https://wwwn.cdc.gov/Nchs/Data/Nhanes/Public/2001/DataFiles/AUXTYM_B.xpt,https://wwwn.cdc.gov/Nchs/Data/Nhanes/Public/2001/DataFiles/AUXTYM_B.htm,2764.8,February 2006,True
2001-2002,Examination,Balance,BAX_B,https://wwwn.cdc.gov/Nchs/Data/Nhanes/Public/2001/DataFiles/BAX_B.xpt,https://wwwn.cdc.gov/Nchs/Data/Nhanes/Public/2001/DataFiles/BAX_B.htm,576.1,February 2005,True
2001-2002,Examination,Bioelectrical Impedance Analysis,BIX_B,https://wwwn.cdc.gov/Nchs/Data/Nhanes/Public/2001/DataFiles/BIX_B.xpt,https://wwwn.cdc.gov/Nchs/Data/Nhanes/Public/2001/DataFiles/BIX_B.htm,5324.8,Updated December 2009,True
2001-2002,Examination,Blood Pressure,BPX_B,https://wwwn.cdc.gov/Nchs/Data/Nhanes/Public/2001/DataFiles/BPX_B.xpt,https://wwwn.cdc.gov/Nchs/Data/Nhanes/Public/2001/DataFiles/BPX_B.htm,2457.6,May 2004,True
2001-2002,Examination,Body Measures,BMX_B,https://wwwn.cdc.gov/Nchs/Data/Nhanes/Public/2001/DataFiles/BMX_B.xpt,https://wwwn.cdc.gov/Nchs/Data/Nhanes/Public/2001/DataFiles/BMX_B.htm,2150.4,May 2004,True
2001-2002,Examination,Cardiovascular Fitness,CVX_B,https://wwwn.cdc.gov/Nchs/Data/Nhanes/Public/2001/DataFiles/CVX_B.xpt,https://wwwn.cdc.gov/Nchs/Data/Nhanes/Public/2001/DataFiles/CVX_B.htm,2662.4,June 2004,True
2001-2002,Examination,Dual-Energy X-ray Absorptiometry - Whole Body,DXA,https://wwwn.cdc.gov/Nchs/Nhanes/Dxa/Dxa.aspx,https://wwwn.cdc.gov/Nchs/Nhanes/Dxa/Dxa.aspx,,Updated December 2016,True
2001-2002,Examination,"Dual-Energy X-ray Absorptiometry - Whole Body, Second Exam",DXX_2_B,https://wwwn.cdc.gov/Nchs/Data/Nhanes/Public/2001/DataFiles/DXX_2_B.xpt,https://wwwn.cdc.gov/Nchs/Data/Nhanes/Public/2001/DataFiles/DXX_2_B.htm,389.5,June 2010,True
2001-2002,Examination,Lower Extremity Disease - Ankle Brachial Blood Pressure Index,LEXAB_B,https://wwwn.cdc.gov/Nchs/Data/Nhanes/Public/2001/DataFiles/LEXAB_B.xpt,https://wwwn.cdc.gov/Nchs/Data/Nhanes/Public/2001/DataFiles/LEXAB_B.htm,601.0,May 2004,True
2001-2002,Examination,Lower Extremity Disease - Peripheral Neuropathy,LEXPN_B,https://wwwn.cdc.gov/Nchs/Data/Nhanes/Public/2001/DataFiles/LEXPN_B.xpt,https://wwwn.cdc.gov/Nchs/Data/Nhanes/Public/2001/DataFiles/LEXPN_B.htm,1126.4,May 2004,True
2001-2002,Examination,Muscle Strength,MSX_B,https://wwwn.cdc.gov/Nchs/Data/Nhanes/Public/2001/DataFiles/MSX_B.xpt,https://wwwn.cdc.gov/Nchs/Data/Nhanes/Public/2001/DataFiles/MSX_B.htm,343.8,January 2004,True
2001-2002,Examination,Oral Health - Dentition,OHXDEN_B,https://wwwn.cdc.gov/Nchs/Data/Nhanes/Public/2001/DataFiles/OHXDEN_B.xpt,https://wwwn.cdc.gov/Nchs/Data/Nhanes/Public/2001/DataFiles/OHXDEN_B.htm,10240.0,Updated June 2006,True
2001-2002,Examination,Oral Health - Periodontal/Lower,OHXPRL_B,https://wwwn.cdc.gov/Nchs/Data/Nhanes/Public/2001/DataFiles/OHXPRL_B.xpt,https://wwwn.cdc.gov/Nchs/Data/Nhanes/Public/2001/DataFiles/OHXPRL_B.htm,9625.6,Updated June 2005,True
2001-2002,Examination,Oral Health - Periodontal/Upper,OHXPRU_B,https://wwwn.cdc.gov/Nchs/Data/Nhanes/Public/2001/DataFiles/OHXPRU_B.xpt,https://wwwn.cdc.gov/Nchs/Data/Nhanes/Public/2001/DataFiles/OHXPRU_B.htm,9625.6,Updated June 2005,True
2001-2002,Examination,Oral Health - Recommendation of Care,OHXREF_B,https://wwwn.cdc.gov/Nchs/Data/Nhanes/Public/2001/DataFiles/OHXREF_B.xpt,https://wwwn.cdc.gov/Nchs/Data/Nhanes/Public/2001/DataFiles/OHXREF_B.htm,1638.4,Updated May 2006,True
2001-2002,Examination,Vision,VIX_B,https://wwwn.cdc.gov/Nchs/Data/Nhanes/Public/2001/DataFiles/VIX_B.xpt,https://wwwn.cdc.gov/Nchs/Data/Nhanes/Public/2001/DataFiles/VIX_B.htm,3276.8,February 2005,True
2001-2002,Laboratory,Albumin & Creatinine - Urine,L16_B,https://wwwn.cdc.gov/Nchs/Data/Nhanes/Public/2001/DataFiles/L16_B.xpt,https://wwwn.cdc.gov/Nchs/Data/Nhanes/Public/2001/DataFiles/L16_B.htm,339.2,Updated May 2004,True
2001-2002,Laboratory,Anti-Mullerian Hormone (AMH) & Inhibin-B (Surplus),SSAMH_B,https://wwwn.cdc.gov/Nchs/Data/Nhanes/Public/2001/DataFiles/SSAMH_B.xpt,https://wwwn.cdc.gov/Nchs/Data/Nhanes/Public/2001/DataFiles/SSAMH_B.htm,13.4,Updated April 2022,True
2001-2002,Laboratory,Autoantibodies - Anti-DFS70 Autoantibody Analyses (Surplus),SSDFS_A,https://wwwn.cdc.gov/Nchs/Data/Nhanes/Public/1999/DataFiles/SSDFS_A.xpt,https://wwwn.cdc.gov/Nchs/Data/Nhanes/Public/1999/DataFiles/SSDFS_A.htm,7.2,July 2022,True
2001-2002,Laboratory,Autoantibodies - Immunofluorescence & Immunoprecipitation Analyses (Surplus),SSANA_A,https://wwwn.cdc.gov/Nchs/Data/Nhanes/Public/1999/DataFiles/SSANA_A.xpt,https://wwwn.cdc.gov/Nchs/Data/Nhanes/Public/1999/DataFiles/SSANA_A.htm,2457.6,Updated July 2022,True
2001-2002,Laboratory,Autoantibodies - Immunofluorescence Analyses (Surplus),SSANA2_A,https://wwwn.cdc.gov/Nchs/Data/Nhanes/Public/1999/DataFiles/SSANA2_A.xpt,https://wwwn.cdc.gov/Nchs/Data/Nhanes/Public/1999/DataFiles/SSANA2_A.htm,1843.2,Updated July 2022,True
2001-2002,Laboratory,Bacterial vaginosis (BV) & Trichomonas vaginalis,L34_B,https://wwwn.cdc.gov/Nchs/Data/Nhanes/Public/2001/DataFiles/L34_B.xpt,https://wwwn.cdc.gov/Nchs/Data/Nhanes/Public/2001/DataFiles/L34_B.htm,51.1,Updated October 2010,True
2001-2002,Laboratory,Brominated Flame Retardants (BFRs) - Pooled Samples (Surplus),SSBFR_B,https://wwwn.cdc.gov/Nchs/Data/Nhanes/Public/2001/DataFiles/SSBFR_B.xpt,https://wwwn.cdc.gov/Nchs/Data/Nhanes/Public/2001/DataFiles/SSBFR_B.htm,12.0,July 2013,True
2001-2002,Laboratory,"Cadmium, Lead, Mercury, Cotinine & Nutritional Biochemistries",L06_B,https://wwwn.cdc.gov/Nchs/Data/Nhanes/Public/2001/DataFiles/L06_B.xpt,https://wwwn.cdc.gov/Nchs/Data/Nhanes/Public/2001/DataFiles/L06_B.htm,1740.8,Updated May 2007,True
2001-2002,Laboratory,"Cadmium, Lead, Total Mercury, Ferritin, Serum Folate, RBC Folate, Vitamin B12, Homocysteine, Methylmalonic acid, Cotinine - Blood, Second Exam",L06_2_B,https://wwwn.cdc.gov/Nchs/Data/Nhanes/Public/2001/DataFiles/L06_2_B.xpt,https://wwwn.cdc.gov/Nchs/Data/Nhanes/Public/2001/DataFiles/L06_2_B.htm,89.5,October 2008,True
2001-2002,Laboratory,Caffeine & Caffeine Metabolites - Urine (Surplus),SSCAFE_B,https://wwwn.cdc.gov/Nchs/Data/Nhanes/Public/2001/DataFiles/SSCAFE_B.xpt,https://wwwn.cdc.gov/Nchs/Data/Nhanes/Public/2001/DataFiles/SSCAFE_B.htm,707.7,December 2024,True
2001-2002,Laboratory,Cancer antigen CA125 and CA15.3 - Serum (Surplus),SSCA_B,https://wwwn.cdc.gov/Nchs/Data/Nhanes/Public/2001/DataFiles/SSCA_B.xpt,https://wwwn.cdc.gov/Nchs/Data/Nhanes/Public/2001/DataFiles/SSCA_B.htm,57.3,Updated August 2022,True
2001-2002,Laboratory,"Cancer antigen CA125, CA15.3 and HE4 IgG antibodies - Serum (Surplus)",SSCGA_B,https://wwwn.cdc.gov/Nchs/Data/Nhanes/Public/2001/DataFiles/SSCGA_B.xpt,https://wwwn.cdc.gov/Nchs/Data/Nhanes/Public/2001/DataFiles/SSCGA_B.htm,132.3,August 2022,True
2001-2002,Laboratory,Chlamydia & Gonorrhea - Urine,L05_B,https://wwwn.cdc.gov/Nchs/Data/Nhanes/Public/2001/DataFiles/L05_B.xpt,https://wwwn.cdc.gov/Nchs/Data/Nhanes/Public/2001/DataFiles/L05_B.htm,57.7,May 2004,True
2001-2002,Laboratory,Cholesterol - LDL & Triglycerides,L13AM_B,https://wwwn.cdc.gov/Nchs/Data/Nhanes/Public/2001/DataFiles/L13AM_B.xpt,https://wwwn.cdc.gov/Nchs/Data/Nhanes/Public/2001/DataFiles/L13AM_B.htm,245.9,Updated March 2007,True
2001-2002,Laboratory,Cholesterol - Total & HDL,L13_B,https://wwwn.cdc.gov/Nchs/Data/Nhanes/Public/2001/DataFiles/L13_B.xpt,https://wwwn.cdc.gov/Nchs/Data/Nhanes/Public/2001/DataFiles/L13_B.htm,363.2,Updated April 2010,True
2001-2002,Laboratory,"Cholesterol - Total, HDL, LDL & Triglycerides, Second Exam",L13_2_B,https://wwwn.cdc.gov/Nchs/Data/Nhanes/Public/2001/DataFiles/L13_2_B.xpt,https://wwwn.cdc.gov/Nchs/Data/Nhanes/Public/2001/DataFiles/L13_2_B.htm,44.6,September 2010,True
2001-2002,Laboratory,Complete Blood Count with 5-part Differential - Whole Blood,L25_B,https://wwwn.cdc.gov/Nchs/Data/Nhanes/Public/2001/DataFiles/L25_B.xpt,https://wwwn.cdc.gov/Nchs/Data/Nhanes/Public/2001/DataFiles/L25_B.htm,1638.4,Updated August 2007,True
2001-2002,Laboratory,"Complete Blood Count with 5-part Differential - Whole Blood, Second Exam",L25_2_B,https://wwwn.cdc.gov/Nchs/Data/Nhanes/Public/2001/DataFiles/L25_2_B.xpt,https://wwwn.cdc.gov/Nchs/Data/Nhanes/Public/2001/DataFiles/L25_2_B.htm,99.5,August 2010,True
2001-2002,Laboratory,"C-Reactive Protein & Others, Second Exam",L11_2_B,https://wwwn.cdc.gov/Nchs/Data/Nhanes/Public/2001/DataFiles/L11_2_B.xpt,https://wwwn.cdc.gov/Nchs/Data/Nhanes/Public/2001/DataFiles/L11_2_B.htm,32.2,July 2010,True
2001-2002,Laboratory,"C-Reactive protein (CRP), Fibrinogen, Bone Alkaline Phosphatase & Urinary N-telopeptides",L11_B,https://wwwn.cdc.gov/Nchs/Data/Nhanes/Public/2001/DataFiles/L11_B.xpt,https://wwwn.cdc.gov/Nchs/Data/Nhanes/Public/2001/DataFiles/L11_B.htm,435.8,Updated June 2007,True
2001-2002,Laboratory,"Creatinine & Albumin - Urine, Second Exam",L16_2_B,https://wwwn.cdc.gov/Nchs/Data/Nhanes/Public/2001/DataFiles/L16_2_B.xpt,https://wwwn.cdc.gov/Nchs/Data/Nhanes/Public/2001/DataFiles/L16_2_B.htm,27.6,September 2010,True
2001-2002,Laboratory,Cystatin C (Surplus),SSCYST_B,https://wwwn.cdc.gov/Nchs/Data/Nhanes/Public/2001/DataFiles/SSCYST_B.xpt,https://wwwn.cdc.gov/Nchs/Data/Nhanes/Public/2001/DataFiles/SSCYST_B.htm,66.8,Updated April 2022,True
2001-2002,Laboratory,Cytomegalovirus Antibodies - Serum (Surplus),SSCMV_B,https://wwwn.cdc.gov/Nchs/Data/Nhanes/Public/2001/DataFiles/SSCMV_B.xpt,https://wwwn.cdc.gov/Nchs/Data/Nhanes/Public/2001/DataFiles/SSCMV_B.htm,288.5,Updated April 2022,True
2001-2002,Laboratory,Cytomegalovirus Genotypes - Urine (Surplus),SSCMVG_A,https://wwwn.cdc.gov/Nchs/Data/Nhanes/Public/1999/DataFiles/SSCMVG_A.xpt,https://wwwn.cdc.gov/Nchs/Data/Nhanes/Public/1999/DataFiles/SSCMVG_A.htm,31.1,June 2017,True
2001-2002,Laboratory,Cytomegalovirus shedding - Urine (Surplus),SSUCSH_A,https://wwwn.cdc.gov/Nchs/Data/Nhanes/Public/1999/DataFiles/SSUCSH_A.xpt,https://wwwn.cdc.gov/Nchs/Data/Nhanes/Public/1999/DataFiles/SSUCSH_A.htm,161.9,Updated April 2022,True
2001-2002,Laboratory,"Dioxins, Furans, & Coplanar PCBs",L28POC_B,https://wwwn.cdc.gov/Nchs/Data/Nhanes/Public/2001/DataFiles/L28POC_B.xpt,https://wwwn.cdc.gov/Nchs/Data/Nhanes/Public/2001/DataFiles/L28POC_B.htm,3891.2,Updated July 2007,True
2001-2002,Laboratory,DNAm Epigenetic Biomarker,DEFAULT,https://wwwn.cdc.gov/Nchs/Nhanes/DNAm/Default.aspx,https://wwwn.cdc.gov/Nchs/Nhanes/DNAm/Default.aspx,,July 2024,True
2001-2002,Laboratory,Erythrocyte Protoporphyrin,L39_2_B,https://wwwn.cdc.gov/Nchs/Data/Nhanes/Public/2001/DataFiles/L39_2_B.xpt,https://wwwn.cdc.gov/Nchs/Data/Nhanes/Public/2001/DataFiles/L39_2_B.htm,18.5,August 2010,True
2001-2002,Laboratory,Erythrocyte Protoporphyrin,L39_B,https://wwwn.cdc.gov/Nchs/Data/Nhanes/Public/2001/DataFiles/L39_B.xpt,https://wwwn.cdc.gov/Nchs/Data/Nhanes/Public/2001/DataFiles/L39_B.htm,233.9,September 2004,True
2001-2002,Laboratory,Fasting Questionnaire,PH_B,https://wwwn.cdc.gov/Nchs/Data/Nhanes/Public/2001/DataFiles/PH_B.xpt,https://wwwn.cdc.gov/Nchs/Data/Nhanes/Public/2001/DataFiles/PH_B.htm,1433.6,December 2005,True
2001-2002,Laboratory,"Glycated albumin, Beta-2 Microglobulin, Cystatin C (Surplus)",SSCARD_A,https://wwwn.cdc.gov/Nchs/Data/Nhanes/Public/1999/DataFiles/SSCARD_A.xpt,https://wwwn.cdc.gov/Nchs/Data/Nhanes/Public/1999/DataFiles/SSCARD_A.htm,2252.8,Updated July 2022,True
2001-2002,Laboratory,Glycohemoglobin,L10_B,https://wwwn.cdc.gov/Nchs/Data/Nhanes/Public/2001/DataFiles/L10_B.xpt,https://wwwn.cdc.gov/Nchs/Data/Nhanes/Public/2001/DataFiles/L10_B.htm,117.3,Updated March 2012,True
2001-2002,Laboratory,"Glycohemoglobin, Plasma Glucose, Serum C-peptide, & Insulin, Second Exam",L10_2_B,https://wwwn.cdc.gov/Nchs/Data/Nhanes/Public/2001/DataFiles/L10_2_B.xpt,https://wwwn.cdc.gov/Nchs/Data/Nhanes/Public/2001/DataFiles/L10_2_B.htm,41.2,January 2010,True
2001-2002,Laboratory,Hepatitis A Antibody,L02HPA_B,https://wwwn.cdc.gov/Nchs/Data/Nhanes/Public/2001/DataFiles/L02HPA_B.xpt,https://wwwn.cdc.gov/Nchs/Data/Nhanes/Public/2001/DataFiles/L02HPA_B.htm,151.0,March 2008,True
2001-2002,Laboratory,Hepatitis B Surface Antibody,L02HBS_B,https://wwwn.cdc.gov/Nchs/Data/Nhanes/Public/2001/DataFiles/L02HBS_B.xpt,https://wwwn.cdc.gov/Nchs/Data/Nhanes/Public/2001/DataFiles/L02HBS_B.htm,151.0,Updated June 2008,True
2001-2002,Laboratory,Hepatitis B: Core Antibody & Surface Antigen; Hepatitis C: Confirmed Antibody & RNA (HCV-RNA); Hepatitis D Antibody,L02_B,https://wwwn.cdc.gov/Nchs/Data/Nhanes/Public/2001/DataFiles/L02_B.xpt,https://wwwn.cdc.gov/Nchs/Data/Nhanes/Public/2001/DataFiles/L02_B.htm,451.5,Updated November 2010,True
2001-2002,Laboratory,Herpes Simplex Virus Type-1 & Type-2,L09_B,https://wwwn.cdc.gov/Nchs/Data/Nhanes/Public/2001/DataFiles/L09_B.xpt,https://wwwn.cdc.gov/Nchs/Data/Nhanes/Public/2001/DataFiles/L09_B.htm,107.3,Updated May 2010,True
2001-2002,Laboratory,Herpes Simplex Virus Type-1 (Surplus),SSHSV1_B,https://wwwn.cdc.gov/Nchs/Data/Nhanes/Public/2001/DataFiles/SSHSV1_B.xpt,https://wwwn.cdc.gov/Nchs/Data/Nhanes/Public/2001/DataFiles/SSHSV1_B.htm,47.5,Updated April 2022,True
2001-2002,Laboratory,High-sensitivity cardiac troponins (Surplus),SSTROP_A,https://wwwn.cdc.gov/Nchs/Data/Nhanes/Public/1999/DataFiles/SSTROP_A.xpt,https://wwwn.cdc.gov/Nchs/Data/Nhanes/Public/1999/DataFiles/SSTROP_A.htm,2048.0,September 2022,True
2001-2002,Laboratory,"HIV Antibody Test, CD4+ T Lymphocytes & CD8+ T Cells",L03_B,https://wwwn.cdc.gov/Nchs/Data/Nhanes/Public/2001/DataFiles/L03_B.xpt,https://wwwn.cdc.gov/Nchs/Data/Nhanes/Public/2001/DataFiles/L03_B.htm,104.4,Updated August 2006,True
2001-2002,Laboratory,Human epididymal secretory protein E4 (HE4) - Serum (Surplus),SSHE4_B,https://wwwn.cdc.gov/Nchs/Data/Nhanes/Public/2001/DataFiles/SSHE4_B.xpt,https://wwwn.cdc.gov/Nchs/Data/Nhanes/Public/2001/DataFiles/SSHE4_B.htm,38.4,Updated August 2022,True
2001-2002,Laboratory,Iodine - Urine,L06UIO_B,https://wwwn.cdc.gov/Nchs/Data/Nhanes/Public/2001/DataFiles/L06UIO_B.xpt,https://wwwn.cdc.gov/Nchs/Data/Nhanes/Public/2001/DataFiles/L06UIO_B.htm,93.2,September 2004,True
2001-2002,Laboratory,"Iron, Total Iron Binding Capacity (TIBC), & Transferrin Saturation",L40FE_B,https://wwwn.cdc.gov/Nchs/Data/Nhanes/Public/2001/DataFiles/L40FE_B.xpt,https://wwwn.cdc.gov/Nchs/Data/Nhanes/Public/2001/DataFiles/L40FE_B.htm,467.0,August 2005,True
2001-2002,Laboratory,Lead - Dust,L20_B,https://wwwn.cdc.gov/Nchs/Data/Nhanes/Public/2001/DataFiles/L20_B.xpt,https://wwwn.cdc.gov/Nchs/Data/Nhanes/Public/2001/DataFiles/L20_B.htm,211.2,June 2006,True
2001-2002,Laboratory,"Measles, Rubella, & Varicella",L19_B,https://wwwn.cdc.gov/Nchs/Data/Nhanes/Public/2001/DataFiles/L19_B.xpt,https://wwwn.cdc.gov/Nchs/Data/Nhanes/Public/2001/DataFiles/L19_B.htm,199.8,Updated April 2006,True
2001-2002,Laboratory,"Measles, Rubella, & Varicella, Second Exam",L19_2_B,https://wwwn.cdc.gov/Nchs/Data/Nhanes/Public/2001/DataFiles/L19_2_B.xpt,https://wwwn.cdc.gov/Nchs/Data/Nhanes/Public/2001/DataFiles/L19_2_B.htm,19.1,September 2010,True
2001-2002,Laboratory,Metals - Urine,L06HM_B,https://wwwn.cdc.gov/Nchs/Data/Nhanes/Public/2001/DataFiles/L06HM_B.xpt,https://wwwn.cdc.gov/Nchs/Data/Nhanes/Public/2001/DataFiles/L06HM_B.htm,375.5,Updated September 2023,True
2001-2002,Laboratory,Methicillin - Resistant Staphylococcus aureus (MRSA),L35_B,https://wwwn.cdc.gov/Nchs/Data/Nhanes/Public/2001/DataFiles/L35_B.xpt,https://wwwn.cdc.gov/Nchs/Data/Nhanes/Public/2001/DataFiles/L35_B.htm,3379.2,Updated September 2006,True
2001-2002,Laboratory,Monoclonal gammopathy of undetermined significance (MGUS) (Surplus),SSOL_B,https://wwwn.cdc.gov/Nchs/Data/Nhanes/Public/2001/DataFiles/SSOL_B.xpt,https://wwwn.cdc.gov/Nchs/Data/Nhanes/Public/2001/DataFiles/SSOL_B.htm,825.2,Updated April 2022,True
2001-2002,Laboratory,Mumps Antibody - Serum (Surplus),SSMUMP_B,https://wwwn.cdc.gov/Nchs/Data/Nhanes/Public/2001/DataFiles/SSMUMP_B.xpt,https://wwwn.cdc.gov/Nchs/Data/Nhanes/Public/2001/DataFiles/SSMUMP_B.htm,204.9,Updated April 2022,True
2001-2002,Laboratory,Non-dioxin-like Polychlorinated Biphenyls - Pooled Samples (Surplus Sera),SSPCB_B,https://wwwn.cdc.gov/Nchs/Data/Nhanes/Public/2001/DataFiles/SSPCB_B.xpt,https://wwwn.cdc.gov/Nchs/Data/Nhanes/Public/2001/DataFiles/SSPCB_B.htm,26.2,July 2013,True
2001-2002,Laboratory,N-terminal Pro-BNP (Surplus),SSBNP_A,https://wwwn.cdc.gov/Nchs/Data/Nhanes/Public/1999/DataFiles/SSBNP_A.xpt,https://wwwn.cdc.gov/Nchs/Data/Nhanes/Public/1999/DataFiles/SSBNP_A.htm,995.6,July 2022,True
2001-2002,Laboratory,"Perchlorate, Nitrate & Thiocyanate - Urine (Surplus)",SSNO3P_B,https://wwwn.cdc.gov/Nchs/Data/Nhanes/Public/2001/DataFiles/SSNO3P_B.xpt,https://wwwn.cdc.gov/Nchs/Data/Nhanes/Public/2001/DataFiles/SSNO3P_B.htm,129.1,Updated April 2022,True
2001-2002,Laboratory,"Pesticides - Current Use - Urine (Formerly Priority Pesticides, Non-persistent Pesticide Metabolites)",L26PP_B,https://wwwn.cdc.gov/Nchs/Data/Nhanes/Public/2001/DataFiles/L26PP_B.xpt,https://wwwn.cdc.gov/Nchs/Data/Nhanes/Public/2001/DataFiles/L26PP_B.htm,1126.4,Updated January 2012,True
2001-2002,Laboratory,Pesticides - Organochlorine Metabolites - Serum - Pooled Samples (Surplus),SSPST_B,https://wwwn.cdc.gov/Nchs/Data/Nhanes/Public/2001/DataFiles/SSPST_B.xpt,https://wwwn.cdc.gov/Nchs/Data/Nhanes/Public/2001/DataFiles/SSPST_B.htm,11.2,July 2013,True
2001-2002,Laboratory,"Phthalates, Phytoestrogens & PAHs - Urine",PHPYPA_B,https://wwwn.cdc.gov/Nchs/Data/Nhanes/Public/2001/DataFiles/PHPYPA_B.xpt,https://wwwn.cdc.gov/Nchs/Data/Nhanes/Public/2001/DataFiles/PHPYPA_B.htm,707.7,Updated January 2012,True
2001-2002,Laboratory,"Plasma Fasting Glucose, Serum C-peptide & Insulin",L10AM_B,https://wwwn.cdc.gov/Nchs/Data/Nhanes/Public/2001/DataFiles/L10AM_B.xpt,https://wwwn.cdc.gov/Nchs/Data/Nhanes/Public/2001/DataFiles/L10AM_B.htm,230.9,Updated March 2007,True
2001-2002,Laboratory,Polyfluoroalkyl Chemicals - Pooled Samples (Surplus),PFC_POOL,https://wwwn.cdc.gov/Nchs/Data/Nhanes/Public/2001/DataFiles/PFC_POOL.xpt,https://wwwn.cdc.gov/Nchs/Data/Nhanes/Public/2001/DataFiles/PFC_POOL.htm,18.0,October 2008,True
2001-2002,Laboratory,Pregnancy Test - Urine,UC_B,https://wwwn.cdc.gov/Nchs/Data/Nhanes/Public/2001/DataFiles/UC_B.xpt,https://wwwn.cdc.gov/Nchs/Data/Nhanes/Public/2001/DataFiles/UC_B.htm,49.2,September 2003,True
2001-2002,Laboratory,Prostate specific antigen (PSA),L11PSA_B,https://wwwn.cdc.gov/Nchs/Data/Nhanes/Public/2001/DataFiles/L11PSA_B.xpt,https://wwwn.cdc.gov/Nchs/Data/Nhanes/Public/2001/DataFiles/L11PSA_B.htm,190.5,Updated May 2004,True
2001-2002,Laboratory,"Prostate-specific Antigen (PSA), Second Exam",L11P_2_B,https://wwwn.cdc.gov/Nchs/Data/Nhanes/Public/2001/DataFiles/L11P_2_B.xpt,https://wwwn.cdc.gov/Nchs/Data/Nhanes/Public/2001/DataFiles/L11P_2_B.htm,6.8,July 2010,True
2001-2002,Laboratory,Sex Steroid Hormone - Men (Surplus),SSCHL_B,https://wwwn.cdc.gov/Nchs/Data/Nhanes/Public/2001/DataFiles/SSCHL_B.xpt,https://wwwn.cdc.gov/Nchs/Data/Nhanes/Public/2001/DataFiles/SSCHL_B.htm,22.0,Updated April 2022,True
2001-2002,Laboratory,Standard Biochemistry Profile,L40_B,https://wwwn.cdc.gov/Nchs/Data/Nhanes/Public/2001/DataFiles/L40_B.xpt,https://wwwn.cdc.gov/Nchs/Data/Nhanes/Public/2001/DataFiles/L40_B.htm,2355.2,September 2006,True
2001-2002,Laboratory,"Standard Biochemistry Profile, Follicle Stimulating Hormone & Luteinizing Hormone, Second Exam",L40_2_B,https://wwwn.cdc.gov/Nchs/Data/Nhanes/Public/2001/DataFiles/L40_2_B.xpt,https://wwwn.cdc.gov/Nchs/Data/Nhanes/Public/2001/DataFiles/L40_2_B.htm,172.5,December 2008,True
2001-2002,Laboratory,"Syphilis-IgG, Syphilis Rapid Plasma Reagin (RPR) & Treponema pallidum Particle Agglutination (TP-PA)",L36_B,https://wwwn.cdc.gov/Nchs/Data/Nhanes/Public/2001/DataFiles/L36_B.xpt,https://wwwn.cdc.gov/Nchs/Data/Nhanes/Public/2001/DataFiles/L36_B.htm,104.4,Updated May 2004,True
2001-2002,Laboratory,Telomere Mean and Standard Deviation (Surplus),TELO_B,https://wwwn.cdc.gov/Nchs/Data/Nhanes/Public/2001/DataFiles/TELO_B.xpt,https://wwwn.cdc.gov/Nchs/Data/Nhanes/Public/2001/DataFiles/TELO_B.htm,101.1,Updated February 2015,True
2001-2002,Laboratory,Thyroid - Stimulating Hormone & Thyroxine (TSH & T4),L40T4_B,https://wwwn.cdc.gov/Nchs/Data/Nhanes/Public/2001/DataFiles/L40T4_B.xpt,https://wwwn.cdc.gov/Nchs/Data/Nhanes/Public/2001/DataFiles/L40T4_B.htm,121.0,Updated October 2023,True
2001-2002,Laboratory,Thyroid Profile (Surplus),SSNH4THY,https://wwwn.cdc.gov/Nchs/Data/Nhanes/Public/2001/DataFiles/SSNH4THY.xpt,https://wwwn.cdc.gov/Nchs/Data/Nhanes/Public/2001/DataFiles/SSNH4THY.htm,143.3,Updated April 2022,True
2001-2002,Laboratory,"Toxoplasma (IgG), Toxoplasma (IgM),Toxoplasma (Dye),Toxoplasma Differential Agglutination, & Toxoplasma (Avidity)",L17_B,https://wwwn.cdc.gov/Nchs/Data/Nhanes/Public/2001/DataFiles/L17_B.xpt,https://wwwn.cdc.gov/Nchs/Data/Nhanes/Public/2001/DataFiles/L17_B.htm,318.3,December 2005,True
2001-2002,Laboratory,Transferrin Receptor - Pregnant Women (Surplus),SSTFR_B,https://wwwn.cdc.gov/Nchs/Data/Nhanes/Public/2001/DataFiles/SSTFR_B.xpt,https://wwwn.cdc.gov/Nchs/Data/Nhanes/Public/2001/DataFiles/SSTFR_B.htm,8.8,Updated April 2022,True
2001-2002,Laboratory,Varicella-Zoster Virus Antibody (Surplus),SSVARI_B,https://wwwn.cdc.gov/Nchs/Data/Nhanes/Public/2001/DataFiles/SSVARI_B.xpt,https://wwwn.cdc.gov/Nchs/Data/Nhanes/Public/2001/DataFiles/SSVARI_B.htm,6.2,March 2009,True
2001-2002,Laboratory,"Vitamin A, Vitamin E & Carotenoids",L06VIT_B,https://wwwn.cdc.gov/Nchs/Data/Nhanes/Public/2001/DataFiles/L06VIT_B.xpt,https://wwwn.cdc.gov/Nchs/Data/Nhanes/Public/2001/DataFiles/L06VIT_B.htm,1638.4,October 2007,True
2001-2002,Laboratory,"Vitamin A, Vitamin E, & Carotenoids, Second Exam",VIT_2_B,https://wwwn.cdc.gov/Nchs/Data/Nhanes/Public/2001/DataFiles/VIT_2_B.xpt,https://wwwn.cdc.gov/Nchs/Data/Nhanes/Public/2001/DataFiles/VIT_2_B.htm,107.3,August 2010,True
2001-2002,Laboratory,Vitamin D,,,,136.2,Updated October 2015,False
2001-2002,Laboratory,Volatile Organic Compounds - Blood & Water,L04VOC_B,https://wwwn.cdc.gov/Nchs/Data/Nhanes/Public/2001/DataFiles/L04VOC_B.xpt,https://wwwn.cdc.gov/Nchs/Data/Nhanes/Public/2001/DataFiles/L04VOC_B.htm,493.4,Updated February 2019,True
2001-2002,Questionnaire,Acculturation,ACQ_B,https://wwwn.cdc.gov/Nchs/Data/Nhanes/Public/2001/DataFiles/ACQ_B.xpt,https://wwwn.cdc.gov/Nchs/Data/Nhanes/Public/2001/DataFiles/ACQ_B.htm,681.0,May 2004,True
2001-2002,Questionnaire,Alcohol Use,ALQ_B,https://wwwn.cdc.gov/Nchs/Data/Nhanes/Public/2001/DataFiles/ALQ_B.xpt,https://wwwn.cdc.gov/Nchs/Data/Nhanes/Public/2001/DataFiles/ALQ_B.htm,355.5,May 2004,True
2001-2002,Questionnaire,Analgesic Pain Relievers,RXQANA_B,https://wwwn.cdc.gov/Nchs/Data/Nhanes/Public/2001/DataFiles/RXQANA_B.xpt,https://wwwn.cdc.gov/Nchs/Data/Nhanes/Public/2001/DataFiles/RXQANA_B.htm,310.2,November 2005,True
2001-2002,Questionnaire,Audiometry,AUQ_B,https://wwwn.cdc.gov/Nchs/Data/Nhanes/Public/2001/DataFiles/AUQ_B.xpt,https://wwwn.cdc.gov/Nchs/Data/Nhanes/Public/2001/DataFiles/AUQ_B.htm,1024.0,May 2004,True
2001-2002,Questionnaire,Balance,BAQ_B,https://wwwn.cdc.gov/Nchs/Data/Nhanes/Public/2001/DataFiles/BAQ_B.xpt,https://wwwn.cdc.gov/Nchs/Data/Nhanes/Public/2001/DataFiles/BAQ_B.htm,657.7,May 2004,True
2001-2002,Questionnaire,Blood Pressure & Cholesterol,BPQ_B,https://wwwn.cdc.gov/Nchs/Data/Nhanes/Public/2001/DataFiles/BPQ_B.xpt,https://wwwn.cdc.gov/Nchs/Data/Nhanes/Public/2001/DataFiles/BPQ_B.htm,1843.2,May 2004,True
2001-2002,Questionnaire,Cardiovascular Health,CDQ_B,https://wwwn.cdc.gov/Nchs/Data/Nhanes/Public/2001/DataFiles/CDQ_B.xpt,https://wwwn.cdc.gov/Nchs/Data/Nhanes/Public/2001/DataFiles/CDQ_B.htm,466.1,May 2004,True
2001-2002,Questionnaire,Cognitive Functioning,CFQ_B,https://wwwn.cdc.gov/Nchs/Data/Nhanes/Public/2001/DataFiles/CFQ_B.xpt,https://wwwn.cdc.gov/Nchs/Data/Nhanes/Public/2001/DataFiles/CFQ_B.htm,118.8,January 2005,True
2001-2002,Questionnaire,Current Health Status,HSQ_B,https://wwwn.cdc.gov/Nchs/Data/Nhanes/Public/2001/DataFiles/HSQ_B.xpt,https://wwwn.cdc.gov/Nchs/Data/Nhanes/Public/2001/DataFiles/HSQ_B.htm,975.7,January 2004,True
2001-2002,Questionnaire,Dermatology,DEQ_B,https://wwwn.cdc.gov/Nchs/Data/Nhanes/Public/2001/DataFiles/DEQ_B.xpt,https://wwwn.cdc.gov/Nchs/Data/Nhanes/Public/2001/DataFiles/DEQ_B.htm,500.9,May 2004,True
2001-2002,Questionnaire,Diabetes,DIQ_B,https://wwwn.cdc.gov/Nchs/Data/Nhanes/Public/2001/DataFiles/DIQ_B.xpt,https://wwwn.cdc.gov/Nchs/Data/Nhanes/Public/2001/DataFiles/DIQ_B.htm,1433.6,May 2004,True
2001-2002,Questionnaire,Diet Behavior & Nutrition,DBQ_B,https://wwwn.cdc.gov/Nchs/Data/Nhanes/Public/2001/DataFiles/DBQ_B.xpt,https://wwwn.cdc.gov/Nchs/Data/Nhanes/Public/2001/DataFiles/DBQ_B.htm,3072.0,May 2004,True
2001-2002,Questionnaire,Drug Use,DUQ_B,https://wwwn.cdc.gov/Nchs/Data/Nhanes/Public/2001/DataFiles/DUQ_B.xpt,https://wwwn.cdc.gov/Nchs/Data/Nhanes/Public/2001/DataFiles/DUQ_B.htm,134.2,May 2004,True
2001-2002,Questionnaire,Early Childhood,ECQ_B,https://wwwn.cdc.gov/Nchs/Data/Nhanes/Public/2001/DataFiles/ECQ_B.xpt,https://wwwn.cdc.gov/Nchs/Data/Nhanes/Public/2001/DataFiles/ECQ_B.htm,449.9,Updated October 2007,True
2001-2002,Questionnaire,Food Security,FSQ_B,https://wwwn.cdc.gov/Nchs/Data/Nhanes/Public/2001/DataFiles/FSQ_B.xpt,https://wwwn.cdc.gov/Nchs/Data/Nhanes/Public/2001/DataFiles/FSQ_B.htm,2457.6,November 2004,True
2001-2002,Questionnaire,Health Insurance,HIQ_B,https://wwwn.cdc.gov/Nchs/Data/Nhanes/Public/2001/DataFiles/HIQ_B.xpt,https://wwwn.cdc.gov/Nchs/Data/Nhanes/Public/2001/DataFiles/HIQ_B.htm,864.5,July 2004,True
2001-2002,Questionnaire,Hepatitis C Follow Up,HCQ_B,https://wwwn.cdc.gov/Nchs/Data/Nhanes/Public/2001/DataFiles/HCQ_B.xpt,https://wwwn.cdc.gov/Nchs/Data/Nhanes/Public/2001/DataFiles/HCQ_B.htm,33.1,Updated April 2008,True
2001-2002,Questionnaire,Hospital Utilization & Access to Care,HUQ_B,https://wwwn.cdc.gov/Nchs/Data/Nhanes/Public/2001/DataFiles/HUQ_B.xpt,https://wwwn.cdc.gov/Nchs/Data/Nhanes/Public/2001/DataFiles/HUQ_B.htm,1433.6,January 2004,True
2001-2002,Questionnaire,Housing Characteristics,HOQ_B,https://wwwn.cdc.gov/Nchs/Data/Nhanes/Public/2001/DataFiles/HOQ_B.xpt,https://wwwn.cdc.gov/Nchs/Data/Nhanes/Public/2001/DataFiles/HOQ_B.htm,1433.6,July 2004,True
2001-2002,Questionnaire,Immunization,IMQ_B,https://wwwn.cdc.gov/Nchs/Data/Nhanes/Public/2001/DataFiles/IMQ_B.xpt,https://wwwn.cdc.gov/Nchs/Data/Nhanes/Public/2001/DataFiles/IMQ_B.htm,346.2,May 2004,True
2001-2002,Questionnaire,Kidney Conditions - Urology,KIQ_U_B,https://wwwn.cdc.gov/Nchs/Data/Nhanes/Public/2001/DataFiles/KIQ_U_B.xpt,https://wwwn.cdc.gov/Nchs/Data/Nhanes/Public/2001/DataFiles/KIQ_U_B.htm,509.7,July 2004,True
2001-2002,Questionnaire,Medical Conditions,MCQ_B,https://wwwn.cdc.gov/Nchs/Data/Nhanes/Public/2001/DataFiles/MCQ_B.xpt,https://wwwn.cdc.gov/Nchs/Data/Nhanes/Public/2001/DataFiles/MCQ_B.htm,12083.2,May 2004,True
2001-2002,Questionnaire,Mental Health - Depression,CIQDEP_B,https://wwwn.cdc.gov/Nchs/Data/Nhanes/Public/2001/DataFiles/CIQDEP_B.xpt,https://wwwn.cdc.gov/Nchs/Data/Nhanes/Public/2001/DataFiles/CIQDEP_B.htm,1005.3,March 2006,True
2001-2002,Questionnaire,Mental Health - Generalized Anxiety Disorder,CIQGAD_B,https://wwwn.cdc.gov/Nchs/Data/Nhanes/Public/2001/DataFiles/CIQGAD_B.xpt,https://wwwn.cdc.gov/Nchs/Data/Nhanes/Public/2001/DataFiles/CIQGAD_B.htm,525.2,March 2006,True
2001-2002,Questionnaire,Mental Health - Panic Disorder,CIQPAN_B,https://wwwn.cdc.gov/Nchs/Data/Nhanes/Public/2001/DataFiles/CIQPAN_B.xpt,https://wwwn.cdc.gov/Nchs/Data/Nhanes/Public/2001/DataFiles/CIQPAN_B.htm,1024.0,March 2006,True
2001-2002,Questionnaire,Miscellaneous Pain,MPQ_B,https://wwwn.cdc.gov/Nchs/Data/Nhanes/Public/2001/DataFiles/MPQ_B.xpt,https://wwwn.cdc.gov/Nchs/Data/Nhanes/Public/2001/DataFiles/MPQ_B.htm,2457.6,May 2004,True
2001-2002,Questionnaire,Occupation,OCQ_B,https://wwwn.cdc.gov/Nchs/Data/Nhanes/Public/2001/DataFiles/OCQ_B.xpt,https://wwwn.cdc.gov/Nchs/Data/Nhanes/Public/2001/DataFiles/OCQ_B.htm,1331.2,February 2006,True
2001-2002,Questionnaire,Oral Health,OHQ_B,https://wwwn.cdc.gov/Nchs/Data/Nhanes/Public/2001/DataFiles/OHQ_B.xpt,https://wwwn.cdc.gov/Nchs/Data/Nhanes/Public/2001/DataFiles/OHQ_B.htm,1126.4,December 2004,True
2001-2002,Questionnaire,Osteoporosis,OSQ_B,https://wwwn.cdc.gov/Nchs/Data/Nhanes/Public/2001/DataFiles/OSQ_B.xpt,https://wwwn.cdc.gov/Nchs/Data/Nhanes/Public/2001/DataFiles/OSQ_B.htm,2150.4,July 2006,True
2001-2002,Questionnaire,Pesticide Use,PUQ_B,https://wwwn.cdc.gov/Nchs/Data/Nhanes/Public/2001/DataFiles/PUQ_B.xpt,https://wwwn.cdc.gov/Nchs/Data/Nhanes/Public/2001/DataFiles/PUQ_B.htm,1228.8,July 2004,True
2001-2002,Questionnaire,Physical Activity,PAQ_B,https://wwwn.cdc.gov/Nchs/Data/Nhanes/Public/2001/DataFiles/PAQ_B.xpt,https://wwwn.cdc.gov/Nchs/Data/Nhanes/Public/2001/DataFiles/PAQ_B.htm,1638.4,September 2004,True
2001-2002,Questionnaire,Physical Activity - Individual Activities,PAQIAF_B,https://wwwn.cdc.gov/Nchs/Data/Nhanes/Public/2001/DataFiles/PAQIAF_B.xpt,https://wwwn.cdc.gov/Nchs/Data/Nhanes/Public/2001/DataFiles/PAQIAF_B.htm,736.7,September 2004,True
2001-2002,Questionnaire,Physical Functioning,PFQ_B,https://wwwn.cdc.gov/Nchs/Data/Nhanes/Public/2001/DataFiles/PFQ_B.xpt,https://wwwn.cdc.gov/Nchs/Data/Nhanes/Public/2001/DataFiles/PFQ_B.htm,4403.2,May 2004,True
2001-2002,Questionnaire,Prescription Medications,RXQ_RX_B,https://wwwn.cdc.gov/Nchs/Data/Nhanes/Public/2001/DataFiles/RXQ_RX_B.xpt,https://wwwn.cdc.gov/Nchs/Data/Nhanes/Public/2001/DataFiles/RXQ_RX_B.htm,3481.6,Updated June 2009,True
2001-2002,Questionnaire,Prescription Medications - Drug Information,RXQ_DRUG,https://wwwn.cdc.gov/Nchs/Data/Nhanes/Public/1988/DataFiles/RXQ_DRUG.xpt,https://wwwn.cdc.gov/Nchs/Data/Nhanes/Public/1988/DataFiles/RXQ_DRUG.htm,3276.8,Updated September 2021,True
2001-2002,Questionnaire,Prostate Conditions,KIQ_P_B,https://wwwn.cdc.gov/Nchs/Data/Nhanes/Public/2001/DataFiles/KIQ_P_B.xpt,https://wwwn.cdc.gov/Nchs/Data/Nhanes/Public/2001/DataFiles/KIQ_P_B.htm,244.8,June 2006,True
2001-2002,Questionnaire,Reproductive Health,RHQ_B,https://wwwn.cdc.gov/Nchs/Data/Nhanes/Public/2001/DataFiles/RHQ_B.xpt,https://wwwn.cdc.gov/Nchs/Data/Nhanes/Public/2001/DataFiles/RHQ_B.htm,3276.8,September 2004,True
2001-2002,Questionnaire,Respiratory Health,RDQ_B,https://wwwn.cdc.gov/Nchs/Data/Nhanes/Public/2001/DataFiles/RDQ_B.xpt,https://wwwn.cdc.gov/Nchs/Data/Nhanes/Public/2001/DataFiles/RDQ_B.htm,1126.4,January 2005,True
2001-2002,Questionnaire,Sexual Behavior,SXQ_B,https://wwwn.cdc.gov/Nchs/Data/Nhanes/Public/2001/DataFiles/SXQ_B.xpt,https://wwwn.cdc.gov/Nchs/Data/Nhanes/Public/2001/DataFiles/SXQ_B.htm,534.5,May 2004,True
2001-2002,Questionnaire,Smoking - Adult Recent Tobacco Use & Youth Cigarette/Tobacco Use,SMQMEC_B,https://wwwn.cdc.gov/Nchs/Data/Nhanes/Public/2001/DataFiles/SMQMEC_B.xpt,https://wwwn.cdc.gov/Nchs/Data/Nhanes/Public/2001/DataFiles/SMQMEC_B.htm,2560.0,July 2004,True
2001-2002,Questionnaire,Smoking - Cigarette/Tobacco Use - Adult,SMQ_B,https://wwwn.cdc.gov/Nchs/Data/Nhanes/Public/2001/DataFiles/SMQ_B.xpt,https://wwwn.cdc.gov/Nchs/Data/Nhanes/Public/2001/DataFiles/SMQ_B.htm,2048.0,July 2004,True
2001-2002,Questionnaire,Smoking - Household Smokers,SMQFAM_B,https://wwwn.cdc.gov/Nchs/Data/Nhanes/Public/2001/DataFiles/SMQFAM_B.xpt,https://wwwn.cdc.gov/Nchs/Data/Nhanes/Public/2001/DataFiles/SMQFAM_B.htm,778.2,July 2004,True
2001-2002,Questionnaire,Social Support,SSQ_B,https://wwwn.cdc.gov/Nchs/Data/Nhanes/Public/2001/DataFiles/SSQ_B.xpt,https://wwwn.cdc.gov/Nchs/Data/Nhanes/Public/2001/DataFiles/SSQ_B.htm,295.9,May 2004,True
2001-2002,Questionnaire,Vision,VIQ_B,https://wwwn.cdc.gov/Nchs/Data/Nhanes/Public/2001/DataFiles/VIQ_B.xpt,https://wwwn.cdc.gov/Nchs/Data/Nhanes/Public/2001/DataFiles/VIQ_B.htm,242.7,February 2005,True
2001-2002,Questionnaire,Weight History,WHQ_B,https://wwwn.cdc.gov/Nchs/Data/Nhanes/Public/2001/DataFiles/WHQ_B.xpt,https://wwwn.cdc.gov/Nchs/Data/Nhanes/Public/2001/DataFiles/WHQ_B.htm,2150.4,June 2010,True
2001-2002,LimitedAccess,Bacterial vaginosis (BV) & Trichomonas vaginalis - Youth,,,https://wwwn.cdc.gov/Nchs/Data/Nhanes/Public/2001/DataFiles/L34_B_R.htm,,Updated November 2010,False
2001-2002,LimitedAccess,California - Demographic Variables & Sample Weights,,,https://wwwn.cdc.gov/Nchs/Data/Nhanes/Public/1999/DataFiles/CDEMO_AD.htm,,January 2016,False
2001-2002,LimitedAccess,Chlamydia & Gonorrhea - Urine - Youth,,,https://wwwn.cdc.gov/Nchs/Data/Nhanes/Public/2001/DataFiles/L05RDC_B.htm,,June 2009,False
2001-2002,LimitedAccess,DNAm - Normalized and Pre-Processed,,,https://wwwn.cdc.gov/Nchs/Data/Nhanes/Public/1999/DataFiles/DNMEPI_R.htm,,July 2024,False
2001-2002,LimitedAccess,Folate - Folic acid & 5-methyltetrahydrofolate - Serum (Surplus),,,https://wwwn.cdc.gov/Nchs/Data/Nhanes/Public/2001/DataFiles/SSFA_B_R.htm,,Updated May 2022,False
2001-2002,LimitedAccess,Folic Acid - Unmetabolized (Surplus),,,https://wwwn.cdc.gov/Nchs/Data/Nhanes/Public/2001/DataFiles/SSFOL_B.htm,,Updated May 2022,False
2001-2002,LimitedAccess,"Geocoded Data, NHANES 1999-2016, Census 2000",,,https://wwwn.cdc.gov/Nchs/Data/Nhanes/Public/1999/DataFiles/GEO_2000.htm,,March 2018,False
2001-2002,LimitedAccess,"Geocoded Data, NHANES 1999-2018, Census 2010",,,https://wwwn.cdc.gov/Nchs/Data/Nhanes/Public/1999/DataFiles/GEO_2010.htm,,Updated July 2021,False
2001-2002,LimitedAccess,"Geocoded Data, NHANES 1999-March 2020, Census 2020",,,https://wwwn.cdc.gov/Nchs/Data/Nhanes/Public/1999/DataFiles/GEO_2020.htm,,October 2023,False
2001-2002,LimitedAccess,Helicobacter pylori (HP1),,,https://wwwn.cdc.gov/Nchs/Data/Nhanes/Public/2001/DataFiles/HP_01_R.htm,,April 2013,False
2001-2002,LimitedAccess,"Helicobacter pylori (HP1), Second Exam",,,https://wwwn.cdc.gov/Nchs/Data/Nhanes/Public/2001/DataFiles/HP2_01_R.htm,,April 2013,False
2001-2002,LimitedAccess,Herpes Simplex Virus Type-2 - Youth,,,https://wwwn.cdc.gov/Nchs/Data/Nhanes/Public/2001/DataFiles/L09RDC_B.htm,,September 2009,False
2001-2002,LimitedAccess,"Los Angeles County, California - Demographic Variables & Sample Weights",,,https://wwwn.cdc.gov/Nchs/Data/Nhanes/Public/1999/DataFiles/LA_DEMO.htm,,August 2008,False
2001-2002,LimitedAccess,"Los Angeles County, California - Demographic Variables & Sample Weights",,,https://wwwn.cdc.gov/Nchs/Data/Nhanes/Public/1999/DataFiles/LDEMO_AD.htm,,May 2015,False
2001-2002,LimitedAccess,Mental Health - Attention Deficit Disorder/Hyperactivity - Youth,,,https://wwwn.cdc.gov/Nchs/Data/Nhanes/Public/2000/DataFiles/YDQA.htm,,October 2006,False
2001-2002,LimitedAccess,Mental Health - Conduct Disorder - Youth,,,https://wwwn.cdc.gov/Nchs/Data/Nhanes/Public/2001/DataFiles/YCQ_B.htm,,January 2007,False
2001-2002,LimitedAccess,"Mental Health - Conduct Disorder - Youth, Parent Version",,,https://wwwn.cdc.gov/Nchs/Data/Nhanes/Public/2000/DataFiles/YDQC.htm,,October 2006,False
2001-2002,LimitedAccess,Mental Health - Eating Disorders - Youth,,,https://wwwn.cdc.gov/Nchs/Data/Nhanes/Public/2000/DataFiles/YDQE.htm,,October 2006,False
2001-2002,LimitedAccess,Mental Health - Elimination Disorders - Youth,,,https://wwwn.cdc.gov/Nchs/Data/Nhanes/Public/2000/DataFiles/YDQL.htm,,October 2006,False
2001-2002,LimitedAccess,Mental Health - Generalized Anxiety Disorder - Youth,,,https://wwwn.cdc.gov/Nchs/Data/Nhanes/Public/1999/DataFiles/YDQG.htm,,October 2006,False
2001-2002,LimitedAccess,Mental Health - Major Depression/Dysthymic Disorder - Youth,,,https://wwwn.cdc.gov/Nchs/Data/Nhanes/Public/2000/DataFiles/YDQD.htm,,October 2006,False
2001-2002,LimitedAccess,Mental Health - Panic Disorder - Youth,,,https://wwwn.cdc.gov/Nchs/Data/Nhanes/Public/1999/DataFiles/YDQP.htm,,October 2006,False
2001-2002,LimitedAccess,Mental Health Diagnostic Interview - Youth,,,https://wwwn.cdc.gov/Nchs/Data/Nhanes/Public/1999/DataFiles/YDQ.htm,,October 2006,False
2001-2002,LimitedAccess,Sexual Behavior - Youth,,,https://wwwn.cdc.gov/Nchs/Data/Nhanes/Public/2001/DataFiles/SXQYTH_B.htm,,September 2018,False
2003-2004,Demographics,Demographic Variables & Sample Weights,DEMO_C,https://wwwn.cdc.gov/Nchs/Data/Nhanes/Public/2003/DataFiles/DEMO_C.xpt,https://wwwn.cdc.gov/Nchs/Data/Nhanes/Public/2003/DataFiles/DEMO_C.htm,3481.6,Updated September 2009,True
2003-2004,Dietary,"Dietary Interview - Individual Foods, First Day",DR1IFF_C,https://wwwn.cdc.gov/Nchs/Data/Nhanes/Public/2003/DataFiles/DR1IFF_C.xpt,https://wwwn.cdc.gov/Nchs/Data/Nhanes/Public/2003/DataFiles/DR1IFF_C.htm,84070.4,Updated November 2007,True
2003-2004,Dietary,"Dietary Interview - Individual Foods, Second Day",DR2IFF_C,https://wwwn.cdc.gov/Nchs/Data/Nhanes/Public/2003/DataFiles/DR2IFF_C.xpt,https://wwwn.cdc.gov/Nchs/Data/Nhanes/Public/2003/DataFiles/DR2IFF_C.htm,77414.4,Updated November 2007,True
2003-2004,Dietary,"Dietary Interview - Total Nutrient Intakes, First Day",DR1TOT_C,https://wwwn.cdc.gov/Nchs/Data/Nhanes/Public/2003/DataFiles/DR1TOT_C.xpt,https://wwwn.cdc.gov/Nchs/Data/Nhanes/Public/2003/DataFiles/DR1TOT_C.htm,12083.2,Updated November 2007,True
2003-2004,Dietary,"Dietary Interview - Total Nutrient Intakes, Second Day",DR2TOT_C,https://wwwn.cdc.gov/Nchs/Data/Nhanes/Public/2003/DataFiles/DR2TOT_C.xpt,https://wwwn.cdc.gov/Nchs/Data/Nhanes/Public/2003/DataFiles/DR2TOT_C.htm,6144.0,Updated November 2007,True
2003-2004,Dietary,Dietary Interview Technical Support File - Food Codes,DRXFCD_C,https://wwwn.cdc.gov/Nchs/Data/Nhanes/Public/2003/DataFiles/DRXFCD_C.xpt,https://wwwn.cdc.gov/Nchs/Data/Nhanes/Public/2003/DataFiles/DRXFCD_C.htm,1843.2,Updated November 2007,True
2003-2004,Dietary,Dietary Interview Technical Support File - Modification Codes,DRXMCD_C,https://wwwn.cdc.gov/Nchs/Data/Nhanes/Public/2003/DataFiles/DRXMCD_C.xpt,https://wwwn.cdc.gov/Nchs/Data/Nhanes/Public/2003/DataFiles/DRXMCD_C.htm,279.9,Updated November 2007,True
2003-2004,Dietary,Dietary Supplement Database - Blend Information,DSBI,https://wwwn.cdc.gov/Nchs/Data/Nhanes/Public/1999/DataFiles/DSBI.xpt,https://wwwn.cdc.gov/Nchs/Data/Nhanes/Public/1999/DataFiles/DSBI.htm,10240.0,February 2025,True
2003-2004,Dietary,Dietary Supplement Database - Ingredient Information,DSII,https://wwwn.cdc.gov/Nchs/Data/Nhanes/Public/1999/DataFiles/DSII.xpt,https://wwwn.cdc.gov/Nchs/Data/Nhanes/Public/1999/DataFiles/DSII.htm,84377.6,February 2025,True
2003-2004,Dietary,Dietary Supplement Database - Product Information,DSPI,https://wwwn.cdc.gov/Nchs/Data/Nhanes/Public/1999/DataFiles/DSPI.xpt,https://wwwn.cdc.gov/Nchs/Data/Nhanes/Public/1999/DataFiles/DSPI.htm,6656.0,February 2025,True
2003-2004,Dietary,"Dietary Supplement Use 30-Day - File 1, Supplement Counts",DSQ1_C,https://wwwn.cdc.gov/Nchs/Data/Nhanes/Public/2003/DataFiles/DSQ1_C.xpt,https://wwwn.cdc.gov/Nchs/Data/Nhanes/Public/2003/DataFiles/DSQ1_C.htm,396.8,Updated March 2007,True
2003-2004,Dietary,"Dietary Supplement Use 30-Day - File 2, Participant's Use of Supplements",DSQ2_C,https://wwwn.cdc.gov/Nchs/Data/Nhanes/Public/2003/DataFiles/DSQ2_C.xpt,https://wwwn.cdc.gov/Nchs/Data/Nhanes/Public/2003/DataFiles/DSQ2_C.htm,2252.8,Updated March 2007,True
2003-2004,Dietary,Food Frequency Questionnaire - Look-Up Table FOODLOOK,FOODLK_C,https://wwwn.cdc.gov/Nchs/Data/Nhanes/Public/2003/DataFiles/FOODLK_C.xpt,https://wwwn.cdc.gov/Nchs/Data/Nhanes/Public/2003/DataFiles/FOODLK_C.htm,44.9,March 2010,True
2003-2004,Dietary,Food Frequency Questionnaire - Look-Up Table VARLOOK,VARLK_C,https://wwwn.cdc.gov/Nchs/Data/Nhanes/Public/2003/DataFiles/VARLK_C.xpt,https://wwwn.cdc.gov/Nchs/Data/Nhanes/Public/2003/DataFiles/VARLK_C.htm,32.0,March 2010,True
2003-2004,Dietary,Food Frequency Questionnaire - Output from DietCalc Software,FFQDC_C,https://wwwn.cdc.gov/Nchs/Data/Nhanes/Public/2003/DataFiles/FFQDC_C.xpt,https://wwwn.cdc.gov/Nchs/Data/Nhanes/Public/2003/DataFiles/FFQDC_C.htm,20275.2,February 2008,True
2003-2004,Dietary,Food Frequency Questionnaire - Raw Questionnaire Responses,FFQRAW_C,https://wwwn.cdc.gov/Nchs/Data/Nhanes/Public/2003/DataFiles/FFQRAW_C.xpt,https://wwwn.cdc.gov/Nchs/Data/Nhanes/Public/2003/DataFiles/FFQRAW_C.htm,11366.4,February 2008,True
2003-2004,Examination,Audiometry,AUX_C,https://wwwn.cdc.gov/Nchs/Data/Nhanes/Public/2003/DataFiles/AUX_C.xpt,https://wwwn.cdc.gov/Nchs/Data/Nhanes/Public/2003/DataFiles/AUX_C.htm,1024.0,Updated December 2007,True
2003-2004,Examination,Audiometry - Acoustic Reflex,AUXAR_C,https://wwwn.cdc.gov/Nchs/Data/Nhanes/Public/2003/DataFiles/AUXAR_C.xpt,https://wwwn.cdc.gov/Nchs/Data/Nhanes/Public/2003/DataFiles/AUXAR_C.htm,5017.6,January 2015,True
2003-2004,Examination,Audiometry - Tympanometry,AUXTYM_C,https://wwwn.cdc.gov/Nchs/Data/Nhanes/Public/2003/DataFiles/AUXTYM_C.xpt,https://wwwn.cdc.gov/Nchs/Data/Nhanes/Public/2003/DataFiles/AUXTYM_C.htm,2560.0,February 2006,True
2003-2004,Examination,Balance,BAX_C,https://wwwn.cdc.gov/Nchs/Data/Nhanes/Public/2003/DataFiles/BAX_C.xpt,https://wwwn.cdc.gov/Nchs/Data/Nhanes/Public/2003/DataFiles/BAX_C.htm,534.2,December 2005,True
2003-2004,Examination,Bioelectrical Impedance Analysis,BIX_C,https://wwwn.cdc.gov/Nchs/Data/Nhanes/Public/2003/DataFiles/BIX_C.xpt,https://wwwn.cdc.gov/Nchs/Data/Nhanes/Public/2003/DataFiles/BIX_C.htm,4812.8,Updated December 2009,True
2003-2004,Examination,Blood Pressure,BPX_C,https://wwwn.cdc.gov/Nchs/Data/Nhanes/Public/2003/DataFiles/BPX_C.xpt,https://wwwn.cdc.gov/Nchs/Data/Nhanes/Public/2003/DataFiles/BPX_C.htm,2252.8,December 2005,True
2003-2004,Examination,Body Measures,BMX_C,https://wwwn.cdc.gov/Nchs/Data/Nhanes/Public/2003/DataFiles/BMX_C.xpt,https://wwwn.cdc.gov/Nchs/Data/Nhanes/Public/2003/DataFiles/BMX_C.htm,2457.6,November 2005,True
2003-2004,Examination,Cardiovascular Fitness,CVX_C,https://wwwn.cdc.gov/Nchs/Data/Nhanes/Public/2003/DataFiles/CVX_C.xpt,https://wwwn.cdc.gov/Nchs/Data/Nhanes/Public/2003/DataFiles/CVX_C.htm,2457.6,May 2009,True
2003-2004,Examination,Dermatology,DEX_C,https://wwwn.cdc.gov/Nchs/Data/Nhanes/Public/2003/DataFiles/DEX_C.xpt,https://wwwn.cdc.gov/Nchs/Data/Nhanes/Public/2003/DataFiles/DEX_C.htm,4608.0,May 2007,True
2003-2004,Examination,Dual Energy X-ray Absorptiometry - Android/Gynoid,DXXAG_C,https://wwwn.cdc.gov/Nchs/Data/Nhanes/Public/2003/DataFiles/DXXAG_C.xpt,https://wwwn.cdc.gov/Nchs/Data/Nhanes/Public/2003/DataFiles/DXXAG_C.htm,720.2,February 2013,True
2003-2004,Examination,Dual-Energy X-ray Absorptiometry - Whole Body,DXA,https://wwwn.cdc.gov/Nchs/Nhanes/Dxa/Dxa.aspx,https://wwwn.cdc.gov/Nchs/Nhanes/Dxa/Dxa.aspx,,Updated December 2016,True
2003-2004,Examination,Lower Extremity Disease - Ankle Brachial Blood Pressure Index,LEXAB_C,https://wwwn.cdc.gov/Nchs/Data/Nhanes/Public/2003/DataFiles/LEXAB_C.xpt,https://wwwn.cdc.gov/Nchs/Data/Nhanes/Public/2003/DataFiles/LEXAB_C.htm,582.7,December 2005,True
2003-2004,Examination,Lower Extremity Disease - Peripheral Neuropathy,LEXPN_C,https://wwwn.cdc.gov/Nchs/Data/Nhanes/Public/2003/DataFiles/LEXPN_C.xpt,https://wwwn.cdc.gov/Nchs/Data/Nhanes/Public/2003/DataFiles/LEXPN_C.htm,1126.4,December 2005,True
2003-2004,Examination,Oral Health - Addendum,OHXADD_C,https://wwwn.cdc.gov/Nchs/Data/Nhanes/Public/2003/DataFiles/OHXADD_C.xpt,https://wwwn.cdc.gov/Nchs/Data/Nhanes/Public/2003/DataFiles/OHXADD_C.htm,3276.8,July 2006,True
2003-2004,Examination,Oral Health - Dentition,OHXDEN_C,https://wwwn.cdc.gov/Nchs/Data/Nhanes/Public/2003/DataFiles/OHXDEN_C.xpt,https://wwwn.cdc.gov/Nchs/Data/Nhanes/Public/2003/DataFiles/OHXDEN_C.htm,9420.8,July 2006,True
2003-2004,Examination,Oral Health - Periodontal/Lower,OHXPRL_C,https://wwwn.cdc.gov/Nchs/Data/Nhanes/Public/2003/DataFiles/OHXPRL_C.xpt,https://wwwn.cdc.gov/Nchs/Data/Nhanes/Public/2003/DataFiles/OHXPRL_C.htm,9011.2,July 2006,True
2003-2004,Examination,Oral Health - Periodontal/Upper,OHXPRU_C,https://wwwn.cdc.gov/Nchs/Data/Nhanes/Public/2003/DataFiles/OHXPRU_C.xpt,https://wwwn.cdc.gov/Nchs/Data/Nhanes/Public/2003/DataFiles/OHXPRU_C.htm,9011.2,July 2006,True
2003-2004,Examination,Oral Health - Recommendation of Care,OHXREF_C,https://wwwn.cdc.gov/Nchs/Data/Nhanes/Public/2003/DataFiles/OHXREF_C.xpt,https://wwwn.cdc.gov/Nchs/Data/Nhanes/Public/2003/DataFiles/OHXREF_C.htm,4608.0,July 2006,True
2003-2004,Examination,Physical Activity Monitor,PAXRAW_C,https://wwwn.cdc.gov/Nchs/Data/Nhanes/Public/2003/DataFiles/PAXRAW_C.zip,https://wwwn.cdc.gov/Nchs/Data/Nhanes/Public/2003/DataFiles/PAXRAW_C.htm,417484.8,Updated December 2007,True
2003-2004,Examination,Vision,VIX_C,https://wwwn.cdc.gov/Nchs/Data/Nhanes/Public/2003/DataFiles/VIX_C.xpt,https://wwwn.cdc.gov/Nchs/Data/Nhanes/Public/2003/DataFiles/VIX_C.htm,3072.0,December 2005,True
2003-2004,Laboratory,Acrylamide & Glycidamide,L06AGE_C,https://wwwn.cdc.gov/Nchs/Data/Nhanes/Public/2003/DataFiles/L06AGE_C.xpt,https://wwwn.cdc.gov/Nchs/Data/Nhanes/Public/2003/DataFiles/L06AGE_C.htm,335.6,Updated October 2016,True
2003-2004,Laboratory,Albumin & Creatinine - Urine,L16_C,https://wwwn.cdc.gov/Nchs/Data/Nhanes/Public/2003/DataFiles/L16_C.xpt,https://wwwn.cdc.gov/Nchs/Data/Nhanes/Public/2003/DataFiles/L16_C.htm,313.2,April 2006,True
2003-2004,Laboratory,Anti-Mullerian Hormone (AMH) & Inhibin-B (Surplus),SSAMH_C,https://wwwn.cdc.gov/Nchs/Data/Nhanes/Public/2003/DataFiles/SSAMH_C.xpt,https://wwwn.cdc.gov/Nchs/Data/Nhanes/Public/2003/DataFiles/SSAMH_C.htm,12.7,Updated April 2022,True
2003-2004,Laboratory,Arsenics - Total & Speciated - Urine,L06UAS_C,https://wwwn.cdc.gov/Nchs/Data/Nhanes/Public/2003/DataFiles/L06UAS_C.xpt,https://wwwn.cdc.gov/Nchs/Data/Nhanes/Public/2003/DataFiles/L06UAS_C.htm,400.2,November 2007,True
2003-2004,Laboratory,Autoantibodies - Anti-DFS70 Autoantibody Analyses (Surplus),SSDFS_A,https://wwwn.cdc.gov/Nchs/Data/Nhanes/Public/1999/DataFiles/SSDFS_A.xpt,https://wwwn.cdc.gov/Nchs/Data/Nhanes/Public/1999/DataFiles/SSDFS_A.htm,7.2,July 2022,True
2003-2004,Laboratory,Autoantibodies - Immunofluorescence & Immunoprecipitation Analyses (Surplus),SSANA_A,https://wwwn.cdc.gov/Nchs/Data/Nhanes/Public/1999/DataFiles/SSANA_A.xpt,https://wwwn.cdc.gov/Nchs/Data/Nhanes/Public/1999/DataFiles/SSANA_A.htm,2457.6,Updated July 2022,True
2003-2004,Laboratory,Autoantibodies - Immunofluorescence Analyses (Surplus),SSANA2_A,https://wwwn.cdc.gov/Nchs/Data/Nhanes/Public/1999/DataFiles/SSANA2_A.xpt,https://wwwn.cdc.gov/Nchs/Data/Nhanes/Public/1999/DataFiles/SSANA2_A.htm,1843.2,Updated July 2022,True
2003-2004,Laboratory,Bacterial vaginosis (BV) & Trichomonas vaginalis,L34_C,https://wwwn.cdc.gov/Nchs/Data/Nhanes/Public/2003/DataFiles/L34_C.xpt,https://wwwn.cdc.gov/Nchs/Data/Nhanes/Public/2003/DataFiles/L34_C.htm,45.5,Updated October 2010,True
2003-2004,Laboratory,Brominated Flame Retardants (BFRs),L28PBE_C,https://wwwn.cdc.gov/Nchs/Data/Nhanes/Public/2003/DataFiles/L28PBE_C.xpt,https://wwwn.cdc.gov/Nchs/Data/Nhanes/Public/2003/DataFiles/L28PBE_C.htm,644.6,Updated August 2007,True
2003-2004,Laboratory,"Cadmium, Lead, & Total Mercury - Blood",L06BMT_C,https://wwwn.cdc.gov/Nchs/Data/Nhanes/Public/2003/DataFiles/L06BMT_C.xpt,https://wwwn.cdc.gov/Nchs/Data/Nhanes/Public/2003/DataFiles/L06BMT_C.htm,647.4,May 2006,True
2003-2004,Laboratory,Chlamydia & Gonorrhea - Urine,L05_C,https://wwwn.cdc.gov/Nchs/Data/Nhanes/Public/2003/DataFiles/L05_C.xpt,https://wwwn.cdc.gov/Nchs/Data/Nhanes/Public/2003/DataFiles/L05_C.htm,53.2,Updated June 2007,True
2003-2004,Laboratory,Cholesterol - LDL & Triglycerides,L13AM_C,https://wwwn.cdc.gov/Nchs/Data/Nhanes/Public/2003/DataFiles/L13AM_C.xpt,https://wwwn.cdc.gov/Nchs/Data/Nhanes/Public/2003/DataFiles/L13AM_C.htm,190.7,Updated May 2008,True
2003-2004,Laboratory,Cholesterol - Total & HDL,L13_C,https://wwwn.cdc.gov/Nchs/Data/Nhanes/Public/2003/DataFiles/L13_C.xpt,https://wwwn.cdc.gov/Nchs/Data/Nhanes/Public/2003/DataFiles/L13_C.htm,335.6,Updated April 2010,True
2003-2004,Laboratory,Complete Blood Count with 5-part Differential - Whole Blood,L25_C,https://wwwn.cdc.gov/Nchs/Data/Nhanes/Public/2003/DataFiles/L25_C.xpt,https://wwwn.cdc.gov/Nchs/Data/Nhanes/Public/2003/DataFiles/L25_C.htm,1536.0,Updated August 2007,True
2003-2004,Laboratory,Cotinine - Serum,L06COT_C,https://wwwn.cdc.gov/Nchs/Data/Nhanes/Public/2003/DataFiles/L06COT_C.xpt,https://wwwn.cdc.gov/Nchs/Data/Nhanes/Public/2003/DataFiles/L06COT_C.htm,134.8,April 2006,True
2003-2004,Laboratory,Coxiella Burnetii (Q Fever) Antibodies - Serum (Surplus),SSQFEV_C,https://wwwn.cdc.gov/Nchs/Data/Nhanes/Public/2003/DataFiles/SSQFEV_C.xpt,https://wwwn.cdc.gov/Nchs/Data/Nhanes/Public/2003/DataFiles/SSQFEV_C.htm,166.9,Updated April 2022,True
2003-2004,Laboratory,"C-Reactive Protein (CRP), Bone Alkaline Phosphatase (BAP) & Parathyroid Hormone (PTH)",L11_C,https://wwwn.cdc.gov/Nchs/Data/Nhanes/Public/2003/DataFiles/L11_C.xpt,https://wwwn.cdc.gov/Nchs/Data/Nhanes/Public/2003/DataFiles/L11_C.htm,288.1,February 2006,True
2003-2004,Laboratory,Cytomegalovirus Antibodies - Serum (Surplus),SSCMV_C,https://wwwn.cdc.gov/Nchs/Data/Nhanes/Public/2003/DataFiles/SSCMV_C.xpt,https://wwwn.cdc.gov/Nchs/Data/Nhanes/Public/2003/DataFiles/SSCMV_C.htm,228.1,Updated April 2022,True
2003-2004,Laboratory,Cytomegalovirus Genotypes - Urine (Surplus),SSCMVG_A,https://wwwn.cdc.gov/Nchs/Data/Nhanes/Public/1999/DataFiles/SSCMVG_A.xpt,https://wwwn.cdc.gov/Nchs/Data/Nhanes/Public/1999/DataFiles/SSCMVG_A.htm,31.1,June 2017,True
2003-2004,Laboratory,Cytomegalovirus shedding - Urine (Surplus),SSUCSH_A,https://wwwn.cdc.gov/Nchs/Data/Nhanes/Public/1999/DataFiles/SSUCSH_A.xpt,https://wwwn.cdc.gov/Nchs/Data/Nhanes/Public/1999/DataFiles/SSUCSH_A.htm,161.9,Updated April 2022,True
2003-2004,Laboratory,"Dioxins, Furans, & Coplanar PCBs",L28DFP_C,https://wwwn.cdc.gov/Nchs/Data/Nhanes/Public/2003/DataFiles/L28DFP_C.xpt,https://wwwn.cdc.gov/Nchs/Data/Nhanes/Public/2003/DataFiles/L28DFP_C.htm,1638.4,April 2008,True
2003-2004,Laboratory,Environmental Phenols,L24EPH_C,https://wwwn.cdc.gov/Nchs/Data/Nhanes/Public/2003/DataFiles/L24EPH_C.xpt,https://wwwn.cdc.gov/Nchs/Data/Nhanes/Public/2003/DataFiles/L24EPH_C.htm,185.6,Updated March 2013,True
2003-2004,Laboratory,Epstein-Barr Virus (VCA IgG) - Serum (Surplus),SSEBV_C,https://wwwn.cdc.gov/Nchs/Data/Nhanes/Public/2003/DataFiles/SSEBV_C.xpt,https://wwwn.cdc.gov/Nchs/Data/Nhanes/Public/2003/DataFiles/SSEBV_C.htm,64.5,Updated April 2022,True
2003-2004,Laboratory,Erythrocyte Protoporphyrin & Selenium,L39EPP_C,https://wwwn.cdc.gov/Nchs/Data/Nhanes/Public/2003/DataFiles/L39EPP_C.xpt,https://wwwn.cdc.gov/Nchs/Data/Nhanes/Public/2003/DataFiles/L39EPP_C.htm,296.9,Updated January 2007,True
2003-2004,Laboratory,Fasting Questionnaire,PH_C,https://wwwn.cdc.gov/Nchs/Data/Nhanes/Public/2003/DataFiles/PH_C.xpt,https://wwwn.cdc.gov/Nchs/Data/Nhanes/Public/2003/DataFiles/PH_C.htm,1331.2,Updated April 2006,True
2003-2004,Laboratory,Fatty Acids - Plasma (Surplus),SSFA_C,https://wwwn.cdc.gov/Nchs/Data/Nhanes/Public/2003/DataFiles/SSFA_C.xpt,https://wwwn.cdc.gov/Nchs/Data/Nhanes/Public/2003/DataFiles/SSFA_C.htm,365.5,Updated April 2022,True
2003-2004,Laboratory,Ferritin & Transferrin Receptor,L06TFR_C,https://wwwn.cdc.gov/Nchs/Data/Nhanes/Public/2003/DataFiles/L06TFR_C.xpt,https://wwwn.cdc.gov/Nchs/Data/Nhanes/Public/2003/DataFiles/L06TFR_C.htm,112.7,Updated December 2007,True
2003-2004,Laboratory,"Folate - RBC & Serum, and Vitamin B12",L06NB_C,https://wwwn.cdc.gov/Nchs/Data/Nhanes/Public/2003/DataFiles/L06NB_C.xpt,https://wwwn.cdc.gov/Nchs/Data/Nhanes/Public/2003/DataFiles/L06NB_C.htm,503.8,June 2006,True
2003-2004,Laboratory,"Glycated albumin, Beta-2 Microglobulin, Cystatin C (Surplus)",SSCARD_A,https://wwwn.cdc.gov/Nchs/Data/Nhanes/Public/1999/DataFiles/SSCARD_A.xpt,https://wwwn.cdc.gov/Nchs/Data/Nhanes/Public/1999/DataFiles/SSCARD_A.htm,2252.8,Updated July 2022,True
2003-2004,Laboratory,Glycohemoglobin,L10_C,https://wwwn.cdc.gov/Nchs/Data/Nhanes/Public/2003/DataFiles/L10_C.xpt,https://wwwn.cdc.gov/Nchs/Data/Nhanes/Public/2003/DataFiles/L10_C.htm,110.2,Updated March 2012,True
2003-2004,Laboratory,Hepatitis A Antibody,L02HPA_C,https://wwwn.cdc.gov/Nchs/Data/Nhanes/Public/2003/DataFiles/L02HPA_C.xpt,https://wwwn.cdc.gov/Nchs/Data/Nhanes/Public/2003/DataFiles/L02HPA_C.htm,139.3,March 2008,True
2003-2004,Laboratory,Hepatitis B Surface Antibody,L02HBS_C,https://wwwn.cdc.gov/Nchs/Data/Nhanes/Public/2003/DataFiles/L02HBS_C.xpt,https://wwwn.cdc.gov/Nchs/Data/Nhanes/Public/2003/DataFiles/L02HBS_C.htm,139.3,Updated May 2008,True
2003-2004,Laboratory,Hepatitis B: Core Antibody & Surface Antigen; Hepatitis C: Confirmed Antibody & RNA (HCV-RNA); Hepatitis D Antibody,L02_C,https://wwwn.cdc.gov/Nchs/Data/Nhanes/Public/2003/DataFiles/L02_C.xpt,https://wwwn.cdc.gov/Nchs/Data/Nhanes/Public/2003/DataFiles/L02_C.htm,347.0,Updated July 2007,True
2003-2004,Laboratory,Hepatitis C RNA (HCV-RNA) & HCV Genotype (Surplus),SSHCVR_C,https://wwwn.cdc.gov/Nchs/Data/Nhanes/Public/2003/DataFiles/SSHCVR_C.xpt,https://wwwn.cdc.gov/Nchs/Data/Nhanes/Public/2003/DataFiles/SSHCVR_C.htm,3.0,July 2012,True
2003-2004,Laboratory,Herpes Simplex Virus Type-1 & Type-2,L09_C,https://wwwn.cdc.gov/Nchs/Data/Nhanes/Public/2003/DataFiles/L09_C.xpt,https://wwwn.cdc.gov/Nchs/Data/Nhanes/Public/2003/DataFiles/L09_C.htm,97.3,Updated May 2010,True
2003-2004,Laboratory,High-sensitivity cardiac troponins (Surplus),SSTROP_A,https://wwwn.cdc.gov/Nchs/Data/Nhanes/Public/1999/DataFiles/SSTROP_A.xpt,https://wwwn.cdc.gov/Nchs/Data/Nhanes/Public/1999/DataFiles/SSTROP_A.htm,2048.0,September 2022,True
2003-2004,Laboratory,"HIV Antibody Test, CD4+ T Lymphocytes & CD8+ T Cells",L03_C,https://wwwn.cdc.gov/Nchs/Data/Nhanes/Public/2003/DataFiles/L03_C.xpt,https://wwwn.cdc.gov/Nchs/Data/Nhanes/Public/2003/DataFiles/L03_C.htm,94.3,Updated August 2006,True
2003-2004,Laboratory,"Human Papillomavirus (HPV) - 6, 11, 16 & 18 Antibody - Serum: 4-plex CLIA",L52SER_C,https://wwwn.cdc.gov/Nchs/Data/Nhanes/Public/2003/DataFiles/L52SER_C.xpt,https://wwwn.cdc.gov/Nchs/Data/Nhanes/Public/2003/DataFiles/L52SER_C.htm,140.2,December 2008,True
2003-2004,Laboratory,Human Papillomavirus (HPV) DNA - Vaginal Swab: Digene Hybrid Capture & Prototype Line Blot Assay,L37SWA_C,https://wwwn.cdc.gov/Nchs/Data/Nhanes/Public/2003/DataFiles/L37SWA_C.xpt,https://wwwn.cdc.gov/Nchs/Data/Nhanes/Public/2003/DataFiles/L37SWA_C.htm,616.5,Updated October 2010,True
2003-2004,Laboratory,Human Papillomavirus (HPV) DNA - Vaginal Swab: Roche Linear Array,L37SWR_C,https://wwwn.cdc.gov/Nchs/Data/Nhanes/Public/2003/DataFiles/L37SWR_C.xpt,https://wwwn.cdc.gov/Nchs/Data/Nhanes/Public/2003/DataFiles/L37SWR_C.htm,601.8,November 2010,True
2003-2004,Laboratory,Iodine - Urine,L06UIO_C,https://wwwn.cdc.gov/Nchs/Data/Nhanes/Public/2003/DataFiles/L06UIO_C.xpt,https://wwwn.cdc.gov/Nchs/Data/Nhanes/Public/2003/DataFiles/L06UIO_C.htm,82.9,December 2007,True
2003-2004,Laboratory,"Iron, Total Iron Binding Capacity (TIBC), & Transferrin Saturation",L40FE_C,https://wwwn.cdc.gov/Nchs/Data/Nhanes/Public/2003/DataFiles/L40FE_C.xpt,https://wwwn.cdc.gov/Nchs/Data/Nhanes/Public/2003/DataFiles/L40FE_C.htm,153.4,Updated April 2006,True
2003-2004,Laboratory,Lead - Dust,L20_C,https://wwwn.cdc.gov/Nchs/Data/Nhanes/Public/2003/DataFiles/L20_C.xpt,https://wwwn.cdc.gov/Nchs/Data/Nhanes/Public/2003/DataFiles/L20_C.htm,201.4,June 2006,True
2003-2004,Laboratory,"Measles, Rubella, & Varicella",L19_C,https://wwwn.cdc.gov/Nchs/Data/Nhanes/Public/2003/DataFiles/L19_C.xpt,https://wwwn.cdc.gov/Nchs/Data/Nhanes/Public/2003/DataFiles/L19_C.htm,178.0,April 2006,True
2003-2004,Laboratory,Melamine - Urine (Surplus),SSMEL_C,https://wwwn.cdc.gov/Nchs/Data/Nhanes/Public/2003/DataFiles/SSMEL_C.xpt,https://wwwn.cdc.gov/Nchs/Data/Nhanes/Public/2003/DataFiles/SSMEL_C.htm,16.4,Updated April 2022,True
2003-2004,Laboratory,Mercury: Inorganic - Urine,L06UHG_C,https://wwwn.cdc.gov/Nchs/Data/Nhanes/Public/2003/DataFiles/L06UHG_C.xpt,https://wwwn.cdc.gov/Nchs/Data/Nhanes/Public/2003/DataFiles/L06UHG_C.htm,105.9,July 2007,True
2003-2004,Laboratory,Metals - Urine,L06HM_C,https://wwwn.cdc.gov/Nchs/Data/Nhanes/Public/2003/DataFiles/L06HM_C.xpt,https://wwwn.cdc.gov/Nchs/Data/Nhanes/Public/2003/DataFiles/L06HM_C.htm,568.4,July 2007,True
2003-2004,Laboratory,Methicillin - Resistant Staphylococcus aureus (MRSA),L35_C,https://wwwn.cdc.gov/Nchs/Data/Nhanes/Public/2003/DataFiles/L35_C.xpt,https://wwwn.cdc.gov/Nchs/Data/Nhanes/Public/2003/DataFiles/L35_C.htm,3584.0,November 2006,True
2003-2004,Laboratory,Methylmalonic acid & Homocysteine,L06MH_C,https://wwwn.cdc.gov/Nchs/Data/Nhanes/Public/2003/DataFiles/L06MH_C.xpt,https://wwwn.cdc.gov/Nchs/Data/Nhanes/Public/2003/DataFiles/L06MH_C.htm,201.7,Updated July 2007,True
2003-2004,Laboratory,Monoclonal gammopathy of undetermined significance (MGUS) (Surplus),SSOL_C,https://wwwn.cdc.gov/Nchs/Data/Nhanes/Public/2003/DataFiles/SSOL_C.xpt,https://wwwn.cdc.gov/Nchs/Data/Nhanes/Public/2003/DataFiles/SSOL_C.htm,844.5,Updated April 2022,True
2003-2004,Laboratory,Mumps Antibody - Serum (Surplus),SSMUMP_C,https://wwwn.cdc.gov/Nchs/Data/Nhanes/Public/2003/DataFiles/SSMUMP_C.xpt,https://wwwn.cdc.gov/Nchs/Data/Nhanes/Public/2003/DataFiles/SSMUMP_C.htm,153.7,Updated April 2022,True
2003-2004,Laboratory,Non-dioxin-like Polychlorinated Biphenyls,L28NPB_C,https://wwwn.cdc.gov/Nchs/Data/Nhanes/Public/2003/DataFiles/L28NPB_C.xpt,https://wwwn.cdc.gov/Nchs/Data/Nhanes/Public/2003/DataFiles/L28NPB_C.htm,1433.6,April 2008,True
2003-2004,Laboratory,Norovirus antibody - Serum,SSNORO_C,https://wwwn.cdc.gov/Nchs/Data/Nhanes/Public/2003/DataFiles/SSNORO_C.xpt,https://wwwn.cdc.gov/Nchs/Data/Nhanes/Public/2003/DataFiles/SSNORO_C.htm,354.7,Updated April 2022,True
2003-2004,Laboratory,N-terminal Pro-BNP (Surplus),SSBNP_A,https://wwwn.cdc.gov/Nchs/Data/Nhanes/Public/1999/DataFiles/SSBNP_A.xpt,https://wwwn.cdc.gov/Nchs/Data/Nhanes/Public/1999/DataFiles/SSBNP_A.htm,995.6,July 2022,True
2003-2004,Laboratory,Organophosphate Insecticides - Diakyl Phosphate Metabolites - Urine,L26OPD_C,https://wwwn.cdc.gov/Nchs/Data/Nhanes/Public/2003/DataFiles/L26OPD_C.xpt,https://wwwn.cdc.gov/Nchs/Data/Nhanes/Public/2003/DataFiles/L26OPD_C.htm,308.9,June 2009,True
2003-2004,Laboratory,Perchlorate - Urine,L04PER_C,https://wwwn.cdc.gov/Nchs/Data/Nhanes/Public/2003/DataFiles/L04PER_C.xpt,https://wwwn.cdc.gov/Nchs/Data/Nhanes/Public/2003/DataFiles/L04PER_C.htm,82.9,Updated March 2011,True
2003-2004,Laboratory,"Pesticides - Current Use - Urine (Formerly Priority Pesticides, Non-persistent Pesticide Metabolites)",L26UPP_C,https://wwwn.cdc.gov/Nchs/Data/Nhanes/Public/2003/DataFiles/L26UPP_C.xpt,https://wwwn.cdc.gov/Nchs/Data/Nhanes/Public/2003/DataFiles/L26UPP_C.htm,1228.8,Updated August 2011,True
2003-2004,Laboratory,Pesticides - Environmental - Urine,L24PP_C,https://wwwn.cdc.gov/Nchs/Data/Nhanes/Public/2003/DataFiles/L24PP_C.xpt,https://wwwn.cdc.gov/Nchs/Data/Nhanes/Public/2003/DataFiles/L24PP_C.htm,267.8,March 2010,True
2003-2004,Laboratory,Pesticides - Organochlorine Metabolites - Serum (Surplus),L28OCP_C,https://wwwn.cdc.gov/Nchs/Data/Nhanes/Public/2003/DataFiles/L28OCP_C.xpt,https://wwwn.cdc.gov/Nchs/Data/Nhanes/Public/2003/DataFiles/L28OCP_C.htm,754.9,April 2008,True
2003-2004,Laboratory,Phthalates - Urine,L24PH_C,https://wwwn.cdc.gov/Nchs/Data/Nhanes/Public/2003/DataFiles/L24PH_C.xpt,https://wwwn.cdc.gov/Nchs/Data/Nhanes/Public/2003/DataFiles/L24PH_C.htm,615.8,January 2008,True
2003-2004,Laboratory,Phytoestrogens - Urine,L06PHY_C,https://wwwn.cdc.gov/Nchs/Data/Nhanes/Public/2003/DataFiles/L06PHY_C.xpt,https://wwwn.cdc.gov/Nchs/Data/Nhanes/Public/2003/DataFiles/L06PHY_C.htm,191.6,Updated August 2009,True
2003-2004,Laboratory,"Plasma Fasting Glucose, Serum C-peptide & Insulin",L10AM_C,https://wwwn.cdc.gov/Nchs/Data/Nhanes/Public/2003/DataFiles/L10AM_C.xpt,https://wwwn.cdc.gov/Nchs/Data/Nhanes/Public/2003/DataFiles/L10AM_C.htm,185.3,Updated August 2016,True
2003-2004,Laboratory,Polyaromatic Hydrocarbons (PAHs) - Urine,L31PAH_C,https://wwwn.cdc.gov/Nchs/Data/Nhanes/Public/2003/DataFiles/L31PAH_C.xpt,https://wwwn.cdc.gov/Nchs/Data/Nhanes/Public/2003/DataFiles/L31PAH_C.htm,488.6,Updated July 2009,True
2003-2004,Laboratory,Polyfluoroalkyl Chemicals,L24PFC_C,https://wwwn.cdc.gov/Nchs/Data/Nhanes/Public/2003/DataFiles/L24PFC_C.xpt,https://wwwn.cdc.gov/Nchs/Data/Nhanes/Public/2003/DataFiles/L24PFC_C.htm,485.3,Updated December 2022,True
2003-2004,Laboratory,Pregnancy Test - Urine,UC_C,https://wwwn.cdc.gov/Nchs/Data/Nhanes/Public/2003/DataFiles/UC_C.xpt,https://wwwn.cdc.gov/Nchs/Data/Nhanes/Public/2003/DataFiles/UC_C.htm,43.3,Updated April 2006,True
2003-2004,Laboratory,Prostate Specific Antigen (PSA),L11PSA_C,https://wwwn.cdc.gov/Nchs/Data/Nhanes/Public/2003/DataFiles/L11PSA_C.xpt,https://wwwn.cdc.gov/Nchs/Data/Nhanes/Public/2003/DataFiles/L11PSA_C.htm,197.1,February 2006,True
2003-2004,Laboratory,Sex Steroid Hormone - Men (Surplus),SSCHL_C,https://wwwn.cdc.gov/Nchs/Data/Nhanes/Public/2003/DataFiles/SSCHL_C.xpt,https://wwwn.cdc.gov/Nchs/Data/Nhanes/Public/2003/DataFiles/SSCHL_C.htm,20.5,Updated April 2022,True
2003-2004,Laboratory,Standard Biochemistry Profile,L40_C,https://wwwn.cdc.gov/Nchs/Data/Nhanes/Public/2003/DataFiles/L40_C.xpt,https://wwwn.cdc.gov/Nchs/Data/Nhanes/Public/2003/DataFiles/L40_C.htm,2048.0,Updated October 2007,True
2003-2004,Laboratory,"Syphilis-IgG, Syphilis Rapid Plasma Reagin (RPR) & Treponema pallidum Particle Agglutination (TP-PA)",L36_C,https://wwwn.cdc.gov/Nchs/Data/Nhanes/Public/2003/DataFiles/L36_C.xpt,https://wwwn.cdc.gov/Nchs/Data/Nhanes/Public/2003/DataFiles/L36_C.htm,94.3,Updated April 2006,True
2003-2004,Laboratory,Toxoplasma (IgG) & Toxoplasma (IgM),L17_C,https://wwwn.cdc.gov/Nchs/Data/Nhanes/Public/2003/DataFiles/L17_C.xpt,https://wwwn.cdc.gov/Nchs/Data/Nhanes/Public/2003/DataFiles/L17_C.htm,133.8,April 2006,True
2003-2004,Laboratory,Varicella-Zoster Virus Antibody (Surplus),SSVARI_C,https://wwwn.cdc.gov/Nchs/Data/Nhanes/Public/2003/DataFiles/SSVARI_C.xpt,https://wwwn.cdc.gov/Nchs/Data/Nhanes/Public/2003/DataFiles/SSVARI_C.htm,6.2,March 2009,True
2003-2004,Laboratory,"Vitamin A, Vitamin E & Carotenoids",L45VIT_C,https://wwwn.cdc.gov/Nchs/Data/Nhanes/Public/2003/DataFiles/L45VIT_C.xpt,https://wwwn.cdc.gov/Nchs/Data/Nhanes/Public/2003/DataFiles/L45VIT_C.htm,2662.4,October 2007,True
2003-2004,Laboratory,Vitamin B6,L43_C,https://wwwn.cdc.gov/Nchs/Data/Nhanes/Public/2003/DataFiles/L43_C.xpt,https://wwwn.cdc.gov/Nchs/Data/Nhanes/Public/2003/DataFiles/L43_C.htm,144.5,February 2007,True
2003-2004,Laboratory,Vitamin C,L06VIT_C,https://wwwn.cdc.gov/Nchs/Data/Nhanes/Public/2003/DataFiles/L06VIT_C.xpt,https://wwwn.cdc.gov/Nchs/Data/Nhanes/Public/2003/DataFiles/L06VIT_C.htm,188.3,Updated October 2009,True
2003-2004,Laboratory,Vitamin D,,,,144.5,Updated October 2015,False
2003-2004,Laboratory,"Volatile Organic Compounds - Blood, Water, & Related Questionnaire Items",L04VOC_C,https://wwwn.cdc.gov/Nchs/Data/Nhanes/Public/2003/DataFiles/L04VOC_C.xpt,https://wwwn.cdc.gov/Nchs/Data/Nhanes/Public/2003/DataFiles/L04VOC_C.htm,1126.4,Updated February 2019,True
2003-2004,Questionnaire,Acculturation,ACQ_C,https://wwwn.cdc.gov/Nchs/Data/Nhanes/Public/2003/DataFiles/ACQ_C.xpt,https://wwwn.cdc.gov/Nchs/Data/Nhanes/Public/2003/DataFiles/ACQ_C.htm,633.4,April 2006,True
2003-2004,Questionnaire,Alcohol Use,ALQ_C,https://wwwn.cdc.gov/Nchs/Data/Nhanes/Public/2003/DataFiles/ALQ_C.xpt,https://wwwn.cdc.gov/Nchs/Data/Nhanes/Public/2003/DataFiles/ALQ_C.htm,335.4,December 2006,True
2003-2004,Questionnaire,Analgesic Pain Relievers,RXQANA_C,https://wwwn.cdc.gov/Nchs/Data/Nhanes/Public/2003/DataFiles/RXQANA_C.xpt,https://wwwn.cdc.gov/Nchs/Data/Nhanes/Public/2003/DataFiles/RXQANA_C.htm,452.9,June 2008,True
2003-2004,Questionnaire,Audiometry,AUQ_C,https://wwwn.cdc.gov/Nchs/Data/Nhanes/Public/2003/DataFiles/AUQ_C.xpt,https://wwwn.cdc.gov/Nchs/Data/Nhanes/Public/2003/DataFiles/AUQ_C.htm,982.1,November 2005,True
2003-2004,Questionnaire,Balance,BAQ_C,https://wwwn.cdc.gov/Nchs/Data/Nhanes/Public/2003/DataFiles/BAQ_C.xpt,https://wwwn.cdc.gov/Nchs/Data/Nhanes/Public/2003/DataFiles/BAQ_C.htm,622.6,November 2005,True
2003-2004,Questionnaire,Blood Pressure & Cholesterol,BPQ_C,https://wwwn.cdc.gov/Nchs/Data/Nhanes/Public/2003/DataFiles/BPQ_C.xpt,https://wwwn.cdc.gov/Nchs/Data/Nhanes/Public/2003/DataFiles/BPQ_C.htm,1740.8,April 2006,True
2003-2004,Questionnaire,Cardiovascular Health,CDQ_C,https://wwwn.cdc.gov/Nchs/Data/Nhanes/Public/2003/DataFiles/CDQ_C.xpt,https://wwwn.cdc.gov/Nchs/Data/Nhanes/Public/2003/DataFiles/CDQ_C.htm,441.2,August 2006,True
2003-2004,Questionnaire,Current Health Status,HSQ_C,https://wwwn.cdc.gov/Nchs/Data/Nhanes/Public/2003/DataFiles/HSQ_C.xpt,https://wwwn.cdc.gov/Nchs/Data/Nhanes/Public/2003/DataFiles/HSQ_C.htm,896.2,May 2006,True
2003-2004,Questionnaire,Dermatology,DEQ_C,https://wwwn.cdc.gov/Nchs/Data/Nhanes/Public/2003/DataFiles/DEQ_C.xpt,https://wwwn.cdc.gov/Nchs/Data/Nhanes/Public/2003/DataFiles/DEQ_C.htm,691.4,August 2006,True
2003-2004,Questionnaire,Diabetes,DIQ_C,https://wwwn.cdc.gov/Nchs/Data/Nhanes/Public/2003/DataFiles/DIQ_C.xpt,https://wwwn.cdc.gov/Nchs/Data/Nhanes/Public/2003/DataFiles/DIQ_C.htm,1331.2,April 2006,True
2003-2004,Questionnaire,Diet Behavior & Nutrition,DBQ_C,https://wwwn.cdc.gov/Nchs/Data/Nhanes/Public/2003/DataFiles/DBQ_C.xpt,https://wwwn.cdc.gov/Nchs/Data/Nhanes/Public/2003/DataFiles/DBQ_C.htm,2662.4,Updated August 2006,True
2003-2004,Questionnaire,Drug Use,DUQ_C,https://wwwn.cdc.gov/Nchs/Data/Nhanes/Public/2003/DataFiles/DUQ_C.xpt,https://wwwn.cdc.gov/Nchs/Data/Nhanes/Public/2003/DataFiles/DUQ_C.htm,118.3,December 2006,True
2003-2004,Questionnaire,Early Childhood,ECQ_C,https://wwwn.cdc.gov/Nchs/Data/Nhanes/Public/2003/DataFiles/ECQ_C.xpt,https://wwwn.cdc.gov/Nchs/Data/Nhanes/Public/2003/DataFiles/ECQ_C.htm,399.5,Updated October 2007,True
2003-2004,Questionnaire,Food Security,FSQ_C,https://wwwn.cdc.gov/Nchs/Data/Nhanes/Public/2003/DataFiles/FSQ_C.xpt,https://wwwn.cdc.gov/Nchs/Data/Nhanes/Public/2003/DataFiles/FSQ_C.htm,3788.8,March 2007,True
2003-2004,Questionnaire,Health Insurance,HIQ_C,https://wwwn.cdc.gov/Nchs/Data/Nhanes/Public/2003/DataFiles/HIQ_C.xpt,https://wwwn.cdc.gov/Nchs/Data/Nhanes/Public/2003/DataFiles/HIQ_C.htm,792.9,August 2006,True
2003-2004,Questionnaire,Hepatitis C Follow Up,HCQ_C,https://wwwn.cdc.gov/Nchs/Data/Nhanes/Public/2003/DataFiles/HCQ_C.xpt,https://wwwn.cdc.gov/Nchs/Data/Nhanes/Public/2003/DataFiles/HCQ_C.htm,31.8,Updated April 2008,True
2003-2004,Questionnaire,Hospital Utilization & Access to Care,HUQ_C,https://wwwn.cdc.gov/Nchs/Data/Nhanes/Public/2003/DataFiles/HUQ_C.xpt,https://wwwn.cdc.gov/Nchs/Data/Nhanes/Public/2003/DataFiles/HUQ_C.htm,1228.8,August 2006,True
2003-2004,Questionnaire,Housing Characteristics,HOQ_C,https://wwwn.cdc.gov/Nchs/Data/Nhanes/Public/2003/DataFiles/HOQ_C.xpt,https://wwwn.cdc.gov/Nchs/Data/Nhanes/Public/2003/DataFiles/HOQ_C.htm,1331.2,Updated November 2007,True
2003-2004,Questionnaire,Immunization,IMQ_C,https://wwwn.cdc.gov/Nchs/Data/Nhanes/Public/2003/DataFiles/IMQ_C.xpt,https://wwwn.cdc.gov/Nchs/Data/Nhanes/Public/2003/DataFiles/IMQ_C.htm,317.6,December 2006,True
2003-2004,Questionnaire,Kidney Conditions - Urology,KIQ_U_C,https://wwwn.cdc.gov/Nchs/Data/Nhanes/Public/2003/DataFiles/KIQ_U_C.xpt,https://wwwn.cdc.gov/Nchs/Data/Nhanes/Public/2003/DataFiles/KIQ_U_C.htm,475.0,August 2006,True
2003-2004,Questionnaire,Medical Conditions,MCQ_C,https://wwwn.cdc.gov/Nchs/Data/Nhanes/Public/2003/DataFiles/MCQ_C.xpt,https://wwwn.cdc.gov/Nchs/Data/Nhanes/Public/2003/DataFiles/MCQ_C.htm,11673.6,August 2006,True
2003-2004,Questionnaire,Mental Health - Depression,CIQDEP_C,https://wwwn.cdc.gov/Nchs/Data/Nhanes/Public/2003/DataFiles/CIQDEP_C.xpt,https://wwwn.cdc.gov/Nchs/Data/Nhanes/Public/2003/DataFiles/CIQDEP_C.htm,915.7,August 2006,True
2003-2004,Questionnaire,Mental Health - Generalized Anxiety Disorder,CIQGAD_C,https://wwwn.cdc.gov/Nchs/Data/Nhanes/Public/2003/DataFiles/CIQGAD_C.xpt,https://wwwn.cdc.gov/Nchs/Data/Nhanes/Public/2003/DataFiles/CIQGAD_C.htm,475.2,August 2006,True
2003-2004,Questionnaire,Mental Health - Panic Disorder,CIQPAN_C,https://wwwn.cdc.gov/Nchs/Data/Nhanes/Public/2003/DataFiles/CIQPAN_C.xpt,https://wwwn.cdc.gov/Nchs/Data/Nhanes/Public/2003/DataFiles/CIQPAN_C.htm,949.5,August 2006,True
2003-2004,Questionnaire,Miscellaneous Pain,MPQ_C,https://wwwn.cdc.gov/Nchs/Data/Nhanes/Public/2003/DataFiles/MPQ_C.xpt,https://wwwn.cdc.gov/Nchs/Data/Nhanes/Public/2003/DataFiles/MPQ_C.htm,2355.2,August 2006,True
2003-2004,Questionnaire,Occupation,OCQ_C,https://wwwn.cdc.gov/Nchs/Data/Nhanes/Public/2003/DataFiles/OCQ_C.xpt,https://wwwn.cdc.gov/Nchs/Data/Nhanes/Public/2003/DataFiles/OCQ_C.htm,1228.8,January 2008,True
2003-2004,Questionnaire,Oral Health,OHQ_C,https://wwwn.cdc.gov/Nchs/Data/Nhanes/Public/2003/DataFiles/OHQ_C.xpt,https://wwwn.cdc.gov/Nchs/Data/Nhanes/Public/2003/DataFiles/OHQ_C.htm,2662.4,July 2006,True
2003-2004,Questionnaire,Osteoporosis,OSQ_C,https://wwwn.cdc.gov/Nchs/Data/Nhanes/Public/2003/DataFiles/OSQ_C.xpt,https://wwwn.cdc.gov/Nchs/Data/Nhanes/Public/2003/DataFiles/OSQ_C.htm,2252.8,Updated July 2006,True
2003-2004,Questionnaire,Pesticide Use,PUQ_C,https://wwwn.cdc.gov/Nchs/Data/Nhanes/Public/2003/DataFiles/PUQ_C.xpt,https://wwwn.cdc.gov/Nchs/Data/Nhanes/Public/2003/DataFiles/PUQ_C.htm,1126.4,May 2008,True
2003-2004,Questionnaire,Physical Activity,PAQ_C,https://wwwn.cdc.gov/Nchs/Data/Nhanes/Public/2003/DataFiles/PAQ_C.xpt,https://wwwn.cdc.gov/Nchs/Data/Nhanes/Public/2003/DataFiles/PAQ_C.htm,1433.6,November 2005,True
2003-2004,Questionnaire,Physical Activity - Individual Activities,PAQIAF_C,https://wwwn.cdc.gov/Nchs/Data/Nhanes/Public/2003/DataFiles/PAQIAF_C.xpt,https://wwwn.cdc.gov/Nchs/Data/Nhanes/Public/2003/DataFiles/PAQIAF_C.htm,705.4,November 2005,True
2003-2004,Questionnaire,Physical Functioning,PFQ_C,https://wwwn.cdc.gov/Nchs/Data/Nhanes/Public/2003/DataFiles/PFQ_C.xpt,https://wwwn.cdc.gov/Nchs/Data/Nhanes/Public/2003/DataFiles/PFQ_C.htm,4198.4,Updated March 2008,True
2003-2004,Questionnaire,Prescription Medications,RXQ_RX_C,https://wwwn.cdc.gov/Nchs/Data/Nhanes/Public/2003/DataFiles/RXQ_RX_C.xpt,https://wwwn.cdc.gov/Nchs/Data/Nhanes/Public/2003/DataFiles/RXQ_RX_C.htm,2867.2,Updated June 2009,True
2003-2004,Questionnaire,Prescription Medications - Drug Information,RXQ_DRUG,https://wwwn.cdc.gov/Nchs/Data/Nhanes/Public/1988/DataFiles/RXQ_DRUG.xpt,https://wwwn.cdc.gov/Nchs/Data/Nhanes/Public/1988/DataFiles/RXQ_DRUG.htm,3276.8,Updated September 2021,True
2003-2004,Questionnaire,Prostate Conditions,KIQ_P_C,https://wwwn.cdc.gov/Nchs/Data/Nhanes/Public/2003/DataFiles/KIQ_P_C.xpt,https://wwwn.cdc.gov/Nchs/Data/Nhanes/Public/2003/DataFiles/KIQ_P_C.htm,233.6,August 2006,True
2003-2004,Questionnaire,Prostate Specific Antigen Follow-up,PSQ_C,https://wwwn.cdc.gov/Nchs/Data/Nhanes/Public/2003/DataFiles/PSQ_C.xpt,https://wwwn.cdc.gov/Nchs/Data/Nhanes/Public/2003/DataFiles/PSQ_C.htm,65.6,April 2008,True
2003-2004,Questionnaire,Reproductive Health,RHQ_C,https://wwwn.cdc.gov/Nchs/Data/Nhanes/Public/2003/DataFiles/RHQ_C.xpt,https://wwwn.cdc.gov/Nchs/Data/Nhanes/Public/2003/DataFiles/RHQ_C.htm,2560.0,June 2006,True
2003-2004,Questionnaire,Respiratory Health,RDQ_C,https://wwwn.cdc.gov/Nchs/Data/Nhanes/Public/2003/DataFiles/RDQ_C.xpt,https://wwwn.cdc.gov/Nchs/Data/Nhanes/Public/2003/DataFiles/RDQ_C.htm,1024.0,January 2006,True
2003-2004,Questionnaire,Sexual Behavior,SXQ_C,https://wwwn.cdc.gov/Nchs/Data/Nhanes/Public/2003/DataFiles/SXQ_C.xpt,https://wwwn.cdc.gov/Nchs/Data/Nhanes/Public/2003/DataFiles/SXQ_C.htm,470.9,January 2006,True
2003-2004,Questionnaire,Smoking - Adult Recent Tobacco Use & Youth Cigarette/Tobacco Use,SMQMEC_C,https://wwwn.cdc.gov/Nchs/Data/Nhanes/Public/2003/DataFiles/SMQMEC_C.xpt,https://wwwn.cdc.gov/Nchs/Data/Nhanes/Public/2003/DataFiles/SMQMEC_C.htm,2457.6,September 2006,True
2003-2004,Questionnaire,Smoking - Cigarette/Tobacco Use - Adult,SMQ_C,https://wwwn.cdc.gov/Nchs/Data/Nhanes/Public/2003/DataFiles/SMQ_C.xpt,https://wwwn.cdc.gov/Nchs/Data/Nhanes/Public/2003/DataFiles/SMQ_C.htm,1843.2,September 2006,True
2003-2004,Questionnaire,Smoking - Household Smokers,SMQFAM_C,https://wwwn.cdc.gov/Nchs/Data/Nhanes/Public/2003/DataFiles/SMQFAM_C.xpt,https://wwwn.cdc.gov/Nchs/Data/Nhanes/Public/2003/DataFiles/SMQFAM_C.htm,713.7,September 2006,True
2003-2004,Questionnaire,Social Support,SSQ_C,https://wwwn.cdc.gov/Nchs/Data/Nhanes/Public/2003/DataFiles/SSQ_C.xpt,https://wwwn.cdc.gov/Nchs/Data/Nhanes/Public/2003/DataFiles/SSQ_C.htm,518.9,January 2007,True
2003-2004,Questionnaire,Vision,VIQ_C,https://wwwn.cdc.gov/Nchs/Data/Nhanes/Public/2003/DataFiles/VIQ_C.xpt,https://wwwn.cdc.gov/Nchs/Data/Nhanes/Public/2003/DataFiles/VIQ_C.htm,514.5,November 2005,True
2003-2004,Questionnaire,Weight History,WHQ_C,https://wwwn.cdc.gov/Nchs/Data/Nhanes/Public/2003/DataFiles/WHQ_C.xpt,https://wwwn.cdc.gov/Nchs/Data/Nhanes/Public/2003/DataFiles/WHQ_C.htm,2048.0,July 2006,True
2003-2004,LimitedAccess,Bacterial vaginosis (BV) & Trichomonas vaginalis - Youth,,,https://wwwn.cdc.gov/Nchs/Data/Nhanes/Public/2003/DataFiles/L34_C_R.htm,,Updated November 2010,False
2003-2004,LimitedAccess,California - Demographic Variables & Sample Weights,,,https://wwwn.cdc.gov/Nchs/Data/Nhanes/Public/1999/DataFiles/CDEMO_AD.htm,,January 2016,False
2003-2004,LimitedAccess,Chlamydia & Gonorrhea - Urine - Youth,,,https://wwwn.cdc.gov/Nchs/Data/Nhanes/Public/2003/DataFiles/L05RDC_C.htm,,June 2009,False
2003-2004,LimitedAccess,Electrolytes - Urine,,,https://wwwn.cdc.gov/Nchs/Data/Nhanes/Public/2003/DataFiles/SSUECD_R.htm,,September 2012,False
2003-2004,LimitedAccess,"Geocoded Data, NHANES 1999-2016, Census 2000",,,https://wwwn.cdc.gov/Nchs/Data/Nhanes/Public/1999/DataFiles/GEO_2000.htm,,March 2018,False
2003-2004,LimitedAccess,"Geocoded Data, NHANES 1999-2018, Census 2010",,,https://wwwn.cdc.gov/Nchs/Data/Nhanes/Public/1999/DataFiles/GEO_2010.htm,,Updated July 2021,False
2003-2004,LimitedAccess,"Geocoded Data, NHANES 1999-March 2020, Census 2020",,,https://wwwn.cdc.gov/Nchs/Data/Nhanes/Public/1999/DataFiles/GEO_2020.htm,,October 2023,False
2003-2004,LimitedAccess,Herpes Simplex Virus Type-2 - Youth,,,https://wwwn.cdc.gov/Nchs/Data/Nhanes/Public/2003/DataFiles/L09RDC_C.htm,,Updated May 2010,False
2003-2004,LimitedAccess,Human Papillomavirus (HPV) DNA - Vaginal Swab: Digene Hybrid Capture & Prototype Line Blot Assay - Youth,,,https://wwwn.cdc.gov/Nchs/Data/Nhanes/Public/2003/DataFiles/SWA_C_R.htm,,Updated October 2010,False
2003-2004,LimitedAccess,Human Papillomavirus (HPV) DNA - Vaginal Swab: Roche Linear Array - Youth,,,https://wwwn.cdc.gov/Nchs/Data/Nhanes/Public/2003/DataFiles/SWR_C_R.htm,,November 2010,False
2003-2004,LimitedAccess,"Los Angeles County, California - Demographic Variables & Sample Weights",,,https://wwwn.cdc.gov/Nchs/Data/Nhanes/Public/1999/DataFiles/LA_DEMO.htm,,August 2008,False
2003-2004,LimitedAccess,"Los Angeles County, California - Demographic Variables & Sample Weights",,,https://wwwn.cdc.gov/Nchs/Data/Nhanes/Public/1999/DataFiles/LDEMO_AD.htm,,May 2015,False
2003-2004,LimitedAccess,Mental Health - Attention Deficit Disorder/Hyperactivity - Youth,,,https://wwwn.cdc.gov/Nchs/Data/Nhanes/Public/2000/DataFiles/YDQA.htm,,October 2006,False
2003-2004,LimitedAccess,Mental Health - Conduct Disorder - Youth,,,https://wwwn.cdc.gov/Nchs/Data/Nhanes/Public/2003/DataFiles/YCQ_C.htm,,January 2007,False
2003-2004,LimitedAccess,"Mental Health - Conduct Disorder - Youth, Parent Version",,,https://wwwn.cdc.gov/Nchs/Data/Nhanes/Public/2000/DataFiles/YDQC.htm,,October 2006,False
2003-2004,LimitedAccess,Mental Health - Eating Disorders - Youth,,,https://wwwn.cdc.gov/Nchs/Data/Nhanes/Public/2000/DataFiles/YDQE.htm,,October 2006,False
2003-2004,LimitedAccess,Mental Health - Elimination Disorders - Youth,,,https://wwwn.cdc.gov/Nchs/Data/Nhanes/Public/2000/DataFiles/YDQL.htm,,October 2006,False
2003-2004,LimitedAccess,Mental Health - Generalized Anxiety Disorder - Youth,,,https://wwwn.cdc.gov/Nchs/Data/Nhanes/Public/1999/DataFiles/YDQG.htm,,October 2006,False
2003-2004,LimitedAccess,Mental Health - Major Depression/Dysthymic Disorder - Youth,,,https://wwwn.cdc.gov/Nchs/Data/Nhanes/Public/2000/DataFiles/YDQD.htm,,October 2006,False
2003-2004,LimitedAccess,Mental Health - Panic Disorder - Youth,,,https://wwwn.cdc.gov/Nchs/Data/Nhanes/Public/1999/DataFiles/YDQP.htm,,October 2006,False
2003-2004,LimitedAccess,Mental Health Diagnostic Interview - Youth,,,https://wwwn.cdc.gov/Nchs/Data/Nhanes/Public/1999/DataFiles/YDQ.htm,,October 2006,False
2003-2004,LimitedAccess,Sexual Behavior - Youth,,,https://wwwn.cdc.gov/Nchs/Data/Nhanes/Public/2003/DataFiles/SXQYTH_C.htm,,September 2018,False
2005-2006,Demographics,Demographic Variables & Sample Weights,DEMO_D,https://wwwn.cdc.gov/Nchs/Data/Nhanes/Public/2005/DataFiles/DEMO_D.xpt,https://wwwn.cdc.gov/Nchs/Data/Nhanes/Public/2005/DataFiles/DEMO_D.htm,3481.6,Updated September 2009,True
2005-2006,Dietary,"Dietary Interview - Individual Foods, First Day",DR1IFF_D,https://wwwn.cdc.gov/Nchs/Data/Nhanes/Public/2005/DataFiles/DR1IFF_D.xpt,https://wwwn.cdc.gov/Nchs/Data/Nhanes/Public/2005/DataFiles/DR1IFF_D.htm,95334.4,July 2008,True
2005-2006,Dietary,"Dietary Interview - Individual Foods, Second Day",DR2IFF_D,https://wwwn.cdc.gov/Nchs/Data/Nhanes/Public/2005/DataFiles/DR2IFF_D.xpt,https://wwwn.cdc.gov/Nchs/Data/Nhanes/Public/2005/DataFiles/DR2IFF_D.htm,85708.8,July 2008,True
2005-2006,Dietary,"Dietary Interview - Total Nutrient Intakes, First Day",DR1TOT_D,https://wwwn.cdc.gov/Nchs/Data/Nhanes/Public/2005/DataFiles/DR1TOT_D.xpt,https://wwwn.cdc.gov/Nchs/Data/Nhanes/Public/2005/DataFiles/DR1TOT_D.htm,12492.8,July 2008,True
2005-2006,Dietary,"Dietary Interview - Total Nutrient Intakes, Second Day",DR2TOT_D,https://wwwn.cdc.gov/Nchs/Data/Nhanes/Public/2005/DataFiles/DR2TOT_D.xpt,https://wwwn.cdc.gov/Nchs/Data/Nhanes/Public/2005/DataFiles/DR2TOT_D.htm,6348.8,July 2008,True
2005-2006,Dietary,Dietary Interview Technical Support File - Food Codes,DRXFCD_D,https://wwwn.cdc.gov/Nchs/Data/Nhanes/Public/2005/DataFiles/DRXFCD_D.xpt,https://wwwn.cdc.gov/Nchs/Data/Nhanes/Public/2005/DataFiles/DRXFCD_D.htm,1843.2,July 2008,True
2005-2006,Dietary,Dietary Interview Technical Support File - Modification Codes,DRXMCD_D,https://wwwn.cdc.gov/Nchs/Data/Nhanes/Public/2005/DataFiles/DRXMCD_D.xpt,https://wwwn.cdc.gov/Nchs/Data/Nhanes/Public/2005/DataFiles/DRXMCD_D.htm,315.7,July 2008,True
2005-2006,Dietary,Dietary Supplement Database - Blend Information,DSBI,https://wwwn.cdc.gov/Nchs/Data/Nhanes/Public/1999/DataFiles/DSBI.xpt,https://wwwn.cdc.gov/Nchs/Data/Nhanes/Public/1999/DataFiles/DSBI.htm,10240.0,February 2025,True
2005-2006,Dietary,Dietary Supplement Database - Ingredient Information,DSII,https://wwwn.cdc.gov/Nchs/Data/Nhanes/Public/1999/DataFiles/DSII.xpt,https://wwwn.cdc.gov/Nchs/Data/Nhanes/Public/1999/DataFiles/DSII.htm,84377.6,February 2025,True
2005-2006,Dietary,Dietary Supplement Database - Product Information,DSPI,https://wwwn.cdc.gov/Nchs/Data/Nhanes/Public/1999/DataFiles/DSPI.xpt,https://wwwn.cdc.gov/Nchs/Data/Nhanes/Public/1999/DataFiles/DSPI.htm,6656.0,February 2025,True
2005-2006,Dietary,"Dietary Supplement Use 30-Day - File 1, Supplement Counts",DSQ1_D,https://wwwn.cdc.gov/Nchs/Data/Nhanes/Public/2005/DataFiles/DSQ1_D.xpt,https://wwwn.cdc.gov/Nchs/Data/Nhanes/Public/2005/DataFiles/DSQ1_D.htm,405.6,Updated July 2009,True
2005-2006,Dietary,"Dietary Supplement Use 30-Day - File 2, Participant's Use of Supplements",DSQ2_D,https://wwwn.cdc.gov/Nchs/Data/Nhanes/Public/2005/DataFiles/DSQ2_D.xpt,https://wwwn.cdc.gov/Nchs/Data/Nhanes/Public/2005/DataFiles/DSQ2_D.htm,1536.0,Updated July 2009,True
2005-2006,Dietary,Food Frequency Questionnaire - Look-Up Table FOODLOOK,FOODLK_D,https://wwwn.cdc.gov/Nchs/Data/Nhanes/Public/2005/DataFiles/FOODLK_D.xpt,https://wwwn.cdc.gov/Nchs/Data/Nhanes/Public/2005/DataFiles/FOODLK_D.htm,44.9,March 2010,True
2005-2006,Dietary,Food Frequency Questionnaire - Look-Up Table VARLOOK,VARLK_D,https://wwwn.cdc.gov/Nchs/Data/Nhanes/Public/2005/DataFiles/VARLK_D.xpt,https://wwwn.cdc.gov/Nchs/Data/Nhanes/Public/2005/DataFiles/VARLK_D.htm,32.0,March 2010,True
2005-2006,Dietary,Food Frequency Questionnaire - Output from DietCalc Software,FFQDC_D,https://wwwn.cdc.gov/Nchs/Data/Nhanes/Public/2005/DataFiles/FFQDC_D.xpt,https://wwwn.cdc.gov/Nchs/Data/Nhanes/Public/2005/DataFiles/FFQDC_D.htm,18944.0,September 2008,True
2005-2006,Dietary,Food Frequency Questionnaire - Raw Questionnaire Responses,FFQRAW_D,https://wwwn.cdc.gov/Nchs/Data/Nhanes/Public/2005/DataFiles/FFQRAW_D.xpt,https://wwwn.cdc.gov/Nchs/Data/Nhanes/Public/2005/DataFiles/FFQRAW_D.htm,10649.6,September 2008,True
2005-2006,Examination,Audiometry,AUX_D,https://wwwn.cdc.gov/Nchs/Data/Nhanes/Public/2005/DataFiles/AUX_D.xpt,https://wwwn.cdc.gov/Nchs/Data/Nhanes/Public/2005/DataFiles/AUX_D.htm,1740.8,April 2009,True
2005-2006,Examination,Audiometry - Acoustic Reflex,AUXAR_D,https://wwwn.cdc.gov/Nchs/Data/Nhanes/Public/2005/DataFiles/AUXAR_D.xpt,https://wwwn.cdc.gov/Nchs/Data/Nhanes/Public/2005/DataFiles/AUXAR_D.htm,7987.2,January 2013,True
2005-2006,Examination,Audiometry - Tympanometry,AUXTYM_D,https://wwwn.cdc.gov/Nchs/Data/Nhanes/Public/2005/DataFiles/AUXTYM_D.xpt,https://wwwn.cdc.gov/Nchs/Data/Nhanes/Public/2005/DataFiles/AUXTYM_D.htm,3993.6,April 2009,True
2005-2006,Examination,Blood Pressure,BPX_D,https://wwwn.cdc.gov/Nchs/Data/Nhanes/Public/2005/DataFiles/BPX_D.xpt,https://wwwn.cdc.gov/Nchs/Data/Nhanes/Public/2005/DataFiles/BPX_D.htm,2150.4,November 2007,True
2005-2006,Examination,Body Measures,BMX_D,https://wwwn.cdc.gov/Nchs/Data/Nhanes/Public/2005/DataFiles/BMX_D.xpt,https://wwwn.cdc.gov/Nchs/Data/Nhanes/Public/2005/DataFiles/BMX_D.htm,2150.4,November 2007,True
2005-2006,Examination,Dual Energy X-ray Absorptiometry - Android/Gynoid,DXXAG_D,https://wwwn.cdc.gov/Nchs/Data/Nhanes/Public/2005/DataFiles/DXXAG_D.xpt,https://wwwn.cdc.gov/Nchs/Data/Nhanes/Public/2005/DataFiles/DXXAG_D.htm,648.6,February 2013,True
2005-2006,Examination,Dual Energy X-ray Absorptiometry - Femur,DXXFEM_D,https://wwwn.cdc.gov/Nchs/Data/Nhanes/Public/2005/DataFiles/DXXFEM_D.xpt,https://wwwn.cdc.gov/Nchs/Data/Nhanes/Public/2005/DataFiles/DXXFEM_D.htm,1228.8,January 2009,True
2005-2006,Examination,Dual Energy X-ray Absorptiometry - Spine,DXXSPN_D,https://wwwn.cdc.gov/Nchs/Data/Nhanes/Public/2005/DataFiles/DXXSPN_D.xpt,https://wwwn.cdc.gov/Nchs/Data/Nhanes/Public/2005/DataFiles/DXXSPN_D.htm,2150.4,Updated May 2015,True
2005-2006,Examination,Dual-Energy X-ray Absorptiometry - Whole Body,DXA,https://wwwn.cdc.gov/Nchs/Nhanes/Dxa/Dxa.aspx,https://wwwn.cdc.gov/Nchs/Nhanes/Dxa/Dxa.aspx,,Updated December 2016,True
2005-2006,Examination,Ophthalmology - Frequency Doubling Technology,OPXFDT_D,https://wwwn.cdc.gov/Nchs/Data/Nhanes/Public/2005/DataFiles/OPXFDT_D.xpt,https://wwwn.cdc.gov/Nchs/Data/Nhanes/Public/2005/DataFiles/OPXFDT_D.htm,2252.8,December 2008,True
2005-2006,Examination,Ophthalmology - Retinal Imaging,OPXRET_D,https://wwwn.cdc.gov/Nchs/Data/Nhanes/Public/2005/DataFiles/OPXRET_D.xpt,https://wwwn.cdc.gov/Nchs/Data/Nhanes/Public/2005/DataFiles/OPXRET_D.htm,5120.0,Updated June 2015,True
2005-2006,Examination,Oral Health,OHX_D,https://wwwn.cdc.gov/Nchs/Data/Nhanes/Public/2005/DataFiles/OHX_D.xpt,https://wwwn.cdc.gov/Nchs/Data/Nhanes/Public/2005/DataFiles/OHX_D.htm,3788.8,June 2008,True
2005-2006,Examination,Physical Activity Monitor,PAXRAW_D,https://wwwn.cdc.gov/Nchs/Data/Nhanes/Public/2005/DataFiles/PAXRAW_D.zip,https://wwwn.cdc.gov/Nchs/Data/Nhanes/Public/2005/DataFiles/PAXRAW_D.htm,459980.8,June 2008,True
2005-2006,Examination,Vision,VIX_D,https://wwwn.cdc.gov/Nchs/Data/Nhanes/Public/2005/DataFiles/VIX_D.xpt,https://wwwn.cdc.gov/Nchs/Data/Nhanes/Public/2005/DataFiles/VIX_D.htm,3072.0,April 2008,True
2005-2006,Laboratory,Acrylamide & Glycidamide,AMDGYD_D,https://wwwn.cdc.gov/Nchs/Data/Nhanes/Public/2005/DataFiles/AMDGYD_D.xpt,https://wwwn.cdc.gov/Nchs/Data/Nhanes/Public/2005/DataFiles/AMDGYD_D.htm,343.4,Updated October 2016,True
2005-2006,Laboratory,Albumin & Creatinine - Urine,ALB_CR_D,https://wwwn.cdc.gov/Nchs/Data/Nhanes/Public/2005/DataFiles/ALB_CR_D.xpt,https://wwwn.cdc.gov/Nchs/Data/Nhanes/Public/2005/DataFiles/ALB_CR_D.htm,317.3,November 2007,True
2005-2006,Laboratory,Allergen Specific IgE(s) & Total IgE - Serum,AL_IGE_D,https://wwwn.cdc.gov/Nchs/Data/Nhanes/Public/2005/DataFiles/AL_IGE_D.xpt,https://wwwn.cdc.gov/Nchs/Data/Nhanes/Public/2005/DataFiles/AL_IGE_D.htm,3072.0,Updated February 2013,True
2005-2006,Laboratory,Allergens - Household Dust,ALDUST_D,https://wwwn.cdc.gov/Nchs/Data/Nhanes/Public/2005/DataFiles/ALDUST_D.xpt,https://wwwn.cdc.gov/Nchs/Data/Nhanes/Public/2005/DataFiles/ALDUST_D.htm,3891.2,Updated February 2014,True
2005-2006,Laboratory,Arsenics - Total & Speciated - Urine,UAS_D,https://wwwn.cdc.gov/Nchs/Data/Nhanes/Public/2005/DataFiles/UAS_D.xpt,https://wwwn.cdc.gov/Nchs/Data/Nhanes/Public/2005/DataFiles/UAS_D.htm,403.0,January 2009,True
2005-2006,Laboratory,Brominated Flame Retardants (BFRs) - Pooled Samples,BFRPOL_D,https://wwwn.cdc.gov/Nchs/Data/Nhanes/Public/2005/DataFiles/BFRPOL_D.xpt,https://wwwn.cdc.gov/Nchs/Data/Nhanes/Public/2005/DataFiles/BFRPOL_D.htm,87.6,Updated November 2020,True
2005-2006,Laboratory,"Cadmium, Lead, & Total Mercury - Blood",PBCD_D,https://wwwn.cdc.gov/Nchs/Data/Nhanes/Public/2005/DataFiles/PBCD_D.xpt,https://wwwn.cdc.gov/Nchs/Data/Nhanes/Public/2005/DataFiles/PBCD_D.htm,591.8,Updated June 2013,True
2005-2006,Laboratory,Chlamydia & Gonorrhea - Urine,CHLMDA_D,https://wwwn.cdc.gov/Nchs/Data/Nhanes/Public/2005/DataFiles/CHLMDA_D.xpt,https://wwwn.cdc.gov/Nchs/Data/Nhanes/Public/2005/DataFiles/CHLMDA_D.htm,57.4,May 2008,True
2005-2006,Laboratory,Cholesterol - HDL,HDL_D,https://wwwn.cdc.gov/Nchs/Data/Nhanes/Public/2005/DataFiles/HDL_D.xpt,https://wwwn.cdc.gov/Nchs/Data/Nhanes/Public/2005/DataFiles/HDL_D.htm,190.7,Updated April 2010,True
2005-2006,Laboratory,"Cholesterol - LDL, Triglyceride & Apoliprotein (ApoB)",TRIGLY_D,https://wwwn.cdc.gov/Nchs/Data/Nhanes/Public/2005/DataFiles/TRIGLY_D.xpt,https://wwwn.cdc.gov/Nchs/Data/Nhanes/Public/2005/DataFiles/TRIGLY_D.htm,211.3,March 2008,True
2005-2006,Laboratory,Cholesterol - Total,TCHOL_D,https://wwwn.cdc.gov/Nchs/Data/Nhanes/Public/2005/DataFiles/TCHOL_D.xpt,https://wwwn.cdc.gov/Nchs/Data/Nhanes/Public/2005/DataFiles/TCHOL_D.htm,190.7,Updated April 2010,True
2005-2006,Laboratory,Complete Blood Count with 5-Part Differential - Whole Blood,CBC_D,https://wwwn.cdc.gov/Nchs/Data/Nhanes/Public/2005/DataFiles/CBC_D.xpt,https://wwwn.cdc.gov/Nchs/Data/Nhanes/Public/2005/DataFiles/CBC_D.htm,1536.0,November 2007,True
2005-2006,Laboratory,Cotinine - Serum,COT_D,https://wwwn.cdc.gov/Nchs/Data/Nhanes/Public/2005/DataFiles/COT_D.xpt,https://wwwn.cdc.gov/Nchs/Data/Nhanes/Public/2005/DataFiles/COT_D.htm,137.8,January 2008,True
2005-2006,Laboratory,C-Reactive Protein (CRP),CRP_D,https://wwwn.cdc.gov/Nchs/Data/Nhanes/Public/2005/DataFiles/CRP_D.xpt,https://wwwn.cdc.gov/Nchs/Data/Nhanes/Public/2005/DataFiles/CRP_D.htm,148.5,November 2007,True
2005-2006,Laboratory,Environmental Phenols & Parabens,EPH_D,https://wwwn.cdc.gov/Nchs/Data/Nhanes/Public/2005/DataFiles/EPH_D.xpt,https://wwwn.cdc.gov/Nchs/Data/Nhanes/Public/2005/DataFiles/EPH_D.htm,395.0,August 2009,True
2005-2006,Laboratory,Epstein-Barr Virus (VCA IgG) - Serum (Surplus),SSEBV_D,https://wwwn.cdc.gov/Nchs/Data/Nhanes/Public/2005/DataFiles/SSEBV_D.xpt,https://wwwn.cdc.gov/Nchs/Data/Nhanes/Public/2005/DataFiles/SSEBV_D.htm,52.2,Updated April 2022,True
2005-2006,Laboratory,Erythrocyte Protoporphyrin,EPP_D,https://wwwn.cdc.gov/Nchs/Data/Nhanes/Public/2005/DataFiles/EPP_D.xpt,https://wwwn.cdc.gov/Nchs/Data/Nhanes/Public/2005/DataFiles/EPP_D.htm,76.7,December 2007,True
2005-2006,Laboratory,Fasting Questionnaire,FASTQX_D,https://wwwn.cdc.gov/Nchs/Data/Nhanes/Public/2005/DataFiles/FASTQX_D.xpt,https://wwwn.cdc.gov/Nchs/Data/Nhanes/Public/2005/DataFiles/FASTQX_D.htm,1433.6,November 2007,True
2005-2006,Laboratory,Ferritin,FERTIN_D,https://wwwn.cdc.gov/Nchs/Data/Nhanes/Public/2005/DataFiles/FERTIN_D.xpt,https://wwwn.cdc.gov/Nchs/Data/Nhanes/Public/2005/DataFiles/FERTIN_D.htm,92.8,April 2008,True
2005-2006,Laboratory,Folate - RBC & Serum,FOLATE_D,https://wwwn.cdc.gov/Nchs/Data/Nhanes/Public/2005/DataFiles/FOLATE_D.xpt,https://wwwn.cdc.gov/Nchs/Data/Nhanes/Public/2005/DataFiles/FOLATE_D.htm,370.2,January 2008,True
2005-2006,Laboratory,Glycohemoglobin,GHB_D,https://wwwn.cdc.gov/Nchs/Data/Nhanes/Public/2005/DataFiles/GHB_D.xpt,https://wwwn.cdc.gov/Nchs/Data/Nhanes/Public/2005/DataFiles/GHB_D.htm,110.1,Updated March 2012,True
2005-2006,Laboratory,Hepatitis A Antibody,HEPA_D,https://wwwn.cdc.gov/Nchs/Data/Nhanes/Public/2005/DataFiles/HEPA_D.xpt,https://wwwn.cdc.gov/Nchs/Data/Nhanes/Public/2005/DataFiles/HEPA_D.htm,143.1,March 2008,True
2005-2006,Laboratory,Hepatitis B Surface Antibody,HEPB_S_D,https://wwwn.cdc.gov/Nchs/Data/Nhanes/Public/2005/DataFiles/HEPB_S_D.xpt,https://wwwn.cdc.gov/Nchs/Data/Nhanes/Public/2005/DataFiles/HEPB_S_D.htm,143.1,May 2008,True
2005-2006,Laboratory,"Hepatitis B: Core antibody, Surface antigen, and Hepatitis D: antibody",HEPBD_D,https://wwwn.cdc.gov/Nchs/Data/Nhanes/Public/2005/DataFiles/HEPBD_D.xpt,https://wwwn.cdc.gov/Nchs/Data/Nhanes/Public/2005/DataFiles/HEPBD_D.htm,254.0,February 2008,True
2005-2006,Laboratory,"Hepatitis C: Confirmed Antibody, RNA (HCV-RNA), & Genotype",HEPC_D,https://wwwn.cdc.gov/Nchs/Data/Nhanes/Public/2005/DataFiles/HEPC_D.xpt,https://wwwn.cdc.gov/Nchs/Data/Nhanes/Public/2005/DataFiles/HEPC_D.htm,254.0,Updated February 2015,True
2005-2006,Laboratory,Herpes Simplex Virus Type-1 & Type-2,HSV_D,https://wwwn.cdc.gov/Nchs/Data/Nhanes/Public/2005/DataFiles/HSV_D.xpt,https://wwwn.cdc.gov/Nchs/Data/Nhanes/Public/2005/DataFiles/HSV_D.htm,102.3,Updated May 2010,True
2005-2006,Laboratory,"HIV Antibody Test, CD4+ T Lymphocytes & CD8+ T Cells",HIV_D,https://wwwn.cdc.gov/Nchs/Data/Nhanes/Public/2005/DataFiles/HIV_D.xpt,https://wwwn.cdc.gov/Nchs/Data/Nhanes/Public/2005/DataFiles/HIV_D.htm,101.7,December 2007,True
2005-2006,Laboratory,Homocysteine,HCY_D,https://wwwn.cdc.gov/Nchs/Data/Nhanes/Public/2005/DataFiles/HCY_D.xpt,https://wwwn.cdc.gov/Nchs/Data/Nhanes/Public/2005/DataFiles/HCY_D.htm,75.6,March 2009,True
2005-2006,Laboratory,"Human Papillomavirus (HPV) - 6, 11, 16 & 18 Antibody – Serum: 4-plex CLIA",HPVSER_D,https://wwwn.cdc.gov/Nchs/Data/Nhanes/Public/2005/DataFiles/HPVSER_D.xpt,https://wwwn.cdc.gov/Nchs/Data/Nhanes/Public/2005/DataFiles/HPVSER_D.htm,151.6,July 2013,True
2005-2006,Laboratory,"Human Papillomavirus (HPV) - Multiplexed 6, 11, 16, 18, 31, 33, 45, 52 & 58 Antibody – Serum: 9-plex CLIA",HPVSRM_D,https://wwwn.cdc.gov/Nchs/Data/Nhanes/Public/2005/DataFiles/HPVSRM_D.xpt,https://wwwn.cdc.gov/Nchs/Data/Nhanes/Public/2005/DataFiles/HPVSRM_D.htm,302.6,January 2015,True
2005-2006,Laboratory,Human Papillomavirus (HPV) DNA - Vaginal Swab: Digene Hybrid Capture & Roche Linear Array,HPVSWR_D,https://wwwn.cdc.gov/Nchs/Data/Nhanes/Public/2005/DataFiles/HPVSWR_D.xpt,https://wwwn.cdc.gov/Nchs/Data/Nhanes/Public/2005/DataFiles/HPVSWR_D.htm,694.4,Updated November 2018,True
2005-2006,Laboratory,Iodine - Urine,UIO_D,https://wwwn.cdc.gov/Nchs/Data/Nhanes/Public/2005/DataFiles/UIO_D.xpt,https://wwwn.cdc.gov/Nchs/Data/Nhanes/Public/2005/DataFiles/UIO_D.htm,87.4,July 2008,True
2005-2006,Laboratory,"Iron, Total Iron Binding Capacity (TIBC), & Transferrin Saturation",FETIB_D,https://wwwn.cdc.gov/Nchs/Data/Nhanes/Public/2005/DataFiles/FETIB_D.xpt,https://wwwn.cdc.gov/Nchs/Data/Nhanes/Public/2005/DataFiles/FETIB_D.htm,167.4,December 2007,True
2005-2006,Laboratory,Mercury: Inorganic - Blood,IHG_D,https://wwwn.cdc.gov/Nchs/Data/Nhanes/Public/2005/DataFiles/IHG_D.xpt,https://wwwn.cdc.gov/Nchs/Data/Nhanes/Public/2005/DataFiles/IHG_D.htm,296.2,June 2013,True
2005-2006,Laboratory,Mercury: Inorganic - Urine,UHG_D,https://wwwn.cdc.gov/Nchs/Data/Nhanes/Public/2005/DataFiles/UHG_D.xpt,https://wwwn.cdc.gov/Nchs/Data/Nhanes/Public/2005/DataFiles/UHG_D.htm,106.6,August 2008,True
2005-2006,Laboratory,Metals - Urine,UHM_D,https://wwwn.cdc.gov/Nchs/Data/Nhanes/Public/2005/DataFiles/UHM_D.xpt,https://wwwn.cdc.gov/Nchs/Data/Nhanes/Public/2005/DataFiles/UHM_D.htm,572.3,October 2008,True
2005-2006,Laboratory,Non-dioxin-like Polychlorinated Biphenyls & Mono-ortho-substituted Polychlorinated Biphenyls - Pooled Samples,PCBPOL_D,https://wwwn.cdc.gov/Nchs/Data/Nhanes/Public/2005/DataFiles/PCBPOL_D.xpt,https://wwwn.cdc.gov/Nchs/Data/Nhanes/Public/2005/DataFiles/PCBPOL_D.htm,242.5,Updated November 2020,True
2005-2006,Laboratory,Oral Glucose Tolerance Test,OGTT_D,https://wwwn.cdc.gov/Nchs/Data/Nhanes/Public/2005/DataFiles/OGTT_D.xpt,https://wwwn.cdc.gov/Nchs/Data/Nhanes/Public/2005/DataFiles/OGTT_D.htm,158.8,January 2008,True
2005-2006,Laboratory,Organophosphate Insecticides - Diakyl Phosphate Metabolites - Urine,OPD_D,https://wwwn.cdc.gov/Nchs/Data/Nhanes/Public/2005/DataFiles/OPD_D.xpt,https://wwwn.cdc.gov/Nchs/Data/Nhanes/Public/2005/DataFiles/OPD_D.htm,325.8,July 2013,True
2005-2006,Laboratory,Parathyroid Hormone,PTH_D,https://wwwn.cdc.gov/Nchs/Data/Nhanes/Public/2005/DataFiles/PTH_D.xpt,https://wwwn.cdc.gov/Nchs/Data/Nhanes/Public/2005/DataFiles/PTH_D.htm,127.4,January 2008,True
2005-2006,Laboratory,"Perchlorate, Nitrate & Iodide - Tap Water",WPIN_D,https://wwwn.cdc.gov/Nchs/Data/Nhanes/Public/2005/DataFiles/WPIN_D.xpt,https://wwwn.cdc.gov/Nchs/Data/Nhanes/Public/2005/DataFiles/WPIN_D.htm,216.5,April 2009,True
2005-2006,Laboratory,"Perchlorate, Nitrate & Thiocyanate - Urine",PERNT_D,https://wwwn.cdc.gov/Nchs/Data/Nhanes/Public/2005/DataFiles/PERNT_D.xpt,https://wwwn.cdc.gov/Nchs/Data/Nhanes/Public/2005/DataFiles/PERNT_D.htm,507.2,June 2011,True
2005-2006,Laboratory,Pesticides - Carbamates & Organophosphorus Metabolites - Urine,CARB_D,https://wwwn.cdc.gov/Nchs/Data/Nhanes/Public/2005/DataFiles/CARB_D.xpt,https://wwwn.cdc.gov/Nchs/Data/Nhanes/Public/2005/DataFiles/CARB_D.htm,325.8,Updated April 2013,True
2005-2006,Laboratory,"Pesticides - Current Use - Urine (Formerly Priority Pesticides, Non-persistent Pesticide Metabolites)",UPP_D,https://wwwn.cdc.gov/Nchs/Data/Nhanes/Public/2005/DataFiles/UPP_D.xpt,https://wwwn.cdc.gov/Nchs/Data/Nhanes/Public/2005/DataFiles/UPP_D.htm,802.5,August 2011,True
2005-2006,Laboratory,Pesticides - Environmental - Urine,PP_D,https://wwwn.cdc.gov/Nchs/Data/Nhanes/Public/2005/DataFiles/PP_D.xpt,https://wwwn.cdc.gov/Nchs/Data/Nhanes/Public/2005/DataFiles/PP_D.htm,270.5,September 2009,True
2005-2006,Laboratory,Pesticides - Organochlorine Pesticides - Pooled Samples,PSTPOL_D,https://wwwn.cdc.gov/Nchs/Data/Nhanes/Public/2005/DataFiles/PSTPOL_D.xpt,https://wwwn.cdc.gov/Nchs/Data/Nhanes/Public/2005/DataFiles/PSTPOL_D.htm,69.0,Updated November 2020,True
2005-2006,Laboratory,Phthalates - Urine,PHTHTE_D,https://wwwn.cdc.gov/Nchs/Data/Nhanes/Public/2005/DataFiles/PHTHTE_D.xpt,https://wwwn.cdc.gov/Nchs/Data/Nhanes/Public/2005/DataFiles/PHTHTE_D.htm,685.4,February 2010,True
2005-2006,Laboratory,Phytoestrogens - Urine,PHYTO_D,https://wwwn.cdc.gov/Nchs/Data/Nhanes/Public/2005/DataFiles/PHYTO_D.xpt,https://wwwn.cdc.gov/Nchs/Data/Nhanes/Public/2005/DataFiles/PHYTO_D.htm,312.0,August 2011,True
2005-2006,Laboratory,Plasma Fasting Glucose & Insulin,GLU_D,https://wwwn.cdc.gov/Nchs/Data/Nhanes/Public/2005/DataFiles/GLU_D.xpt,https://wwwn.cdc.gov/Nchs/Data/Nhanes/Public/2005/DataFiles/GLU_D.htm,211.3,Updated August 2016,True
2005-2006,Laboratory,Polyaromatic Hydrocarbons (PAHs) - Urine,PAH_D,https://wwwn.cdc.gov/Nchs/Data/Nhanes/Public/2005/DataFiles/PAH_D.xpt,https://wwwn.cdc.gov/Nchs/Data/Nhanes/Public/2005/DataFiles/PAH_D.htm,478.0,June 2012,True
2005-2006,Laboratory,"Polychlorinated dibenzo-p-dioxins (PCDDs), Dibenzofurans (PCDFs) & Coplanar Polychlorinated Biphenyls (cPCBs) - Pooled Samples",DOXPOL_D,https://wwwn.cdc.gov/Nchs/Data/Nhanes/Public/2005/DataFiles/DOXPOL_D.xpt,https://wwwn.cdc.gov/Nchs/Data/Nhanes/Public/2005/DataFiles/DOXPOL_D.htm,137.2,Updated November 2020,True
2005-2006,Laboratory,Polyfluoroalkyl Chemicals,PFC_D,https://wwwn.cdc.gov/Nchs/Data/Nhanes/Public/2005/DataFiles/PFC_D.xpt,https://wwwn.cdc.gov/Nchs/Data/Nhanes/Public/2005/DataFiles/PFC_D.htm,476.2,Updated September 2012,True
2005-2006,Laboratory,Pooled-Sample Technical Support File,POOLTF_D,https://wwwn.cdc.gov/Nchs/Data/Nhanes/Public/2005/DataFiles/POOLTF_D.xpt,https://wwwn.cdc.gov/Nchs/Data/Nhanes/Public/2005/DataFiles/POOLTF_D.htm,56.2,November 2018,True
2005-2006,Laboratory,Pregnancy Test - Urine,UCPREG_D,https://wwwn.cdc.gov/Nchs/Data/Nhanes/Public/2005/DataFiles/UCPREG_D.xpt,https://wwwn.cdc.gov/Nchs/Data/Nhanes/Public/2005/DataFiles/UCPREG_D.htm,46.6,November 2007,True
2005-2006,Laboratory,Prostate Specific Antigen (PSA),PSA_D,https://wwwn.cdc.gov/Nchs/Data/Nhanes/Public/2005/DataFiles/PSA_D.xpt,https://wwwn.cdc.gov/Nchs/Data/Nhanes/Public/2005/DataFiles/PSA_D.htm,185.1,December 2007,True
2005-2006,Laboratory,Salmonella & Campylobacter Antibodies (Surplus),SSSAL_D,https://wwwn.cdc.gov/Nchs/Data/Nhanes/Public/2005/DataFiles/SSSAL_D.xpt,https://wwwn.cdc.gov/Nchs/Data/Nhanes/Public/2005/DataFiles/SSSAL_D.htm,63.4,Updated April 2022,True
2005-2006,Laboratory,Standard Biochemistry Profile,BIOPRO_D,https://wwwn.cdc.gov/Nchs/Data/Nhanes/Public/2005/DataFiles/BIOPRO_D.xpt,https://wwwn.cdc.gov/Nchs/Data/Nhanes/Public/2005/DataFiles/BIOPRO_D.htm,2048.0,March 2008,True
2005-2006,Laboratory,Transferrin Receptor,TFR_D,https://wwwn.cdc.gov/Nchs/Data/Nhanes/Public/2005/DataFiles/TFR_D.xpt,https://wwwn.cdc.gov/Nchs/Data/Nhanes/Public/2005/DataFiles/TFR_D.htm,62.1,April 2008,True
2005-2006,Laboratory,"Vitamin A, Vitamin E & Carotenoids",VITAEC_D,https://wwwn.cdc.gov/Nchs/Data/Nhanes/Public/2005/DataFiles/VITAEC_D.xpt,https://wwwn.cdc.gov/Nchs/Data/Nhanes/Public/2005/DataFiles/VITAEC_D.htm,1536.0,Updated October 2011,True
2005-2006,Laboratory,Vitamin B12,B12_D,https://wwwn.cdc.gov/Nchs/Data/Nhanes/Public/2005/DataFiles/B12_D.xpt,https://wwwn.cdc.gov/Nchs/Data/Nhanes/Public/2005/DataFiles/B12_D.htm,222.4,March 2008,True
2005-2006,Laboratory,Vitamin B6,VIT_B6_D,https://wwwn.cdc.gov/Nchs/Data/Nhanes/Public/2005/DataFiles/VIT_B6_D.xpt,https://wwwn.cdc.gov/Nchs/Data/Nhanes/Public/2005/DataFiles/VIT_B6_D.htm,222.4,September 2010,True
2005-2006,Laboratory,Vitamin C,VIC_D,https://wwwn.cdc.gov/Nchs/Data/Nhanes/Public/2005/DataFiles/VIC_D.xpt,https://wwwn.cdc.gov/Nchs/Data/Nhanes/Public/2005/DataFiles/VIC_D.htm,190.7,February 2009,True
2005-2006,Laboratory,Vitamin D,,,,148.5,Updated October 2015,False
2005-2006,Laboratory,Volatile Organic Compound (VOC) Metabolites - Urine (Surplus),SSUVOC_D,https://wwwn.cdc.gov/Nchs/Data/Nhanes/Public/2005/DataFiles/SSUVOC_D.xpt,https://wwwn.cdc.gov/Nchs/Data/Nhanes/Public/2005/DataFiles/SSUVOC_D.htm,1536.0,Updated April 2022,True
2005-2006,Laboratory,Volatile Organic Compounds - Blood & Related Questionnaire Items,VOCWB_D,https://wwwn.cdc.gov/Nchs/Data/Nhanes/Public/2005/DataFiles/VOCWB_D.xpt,https://wwwn.cdc.gov/Nchs/Data/Nhanes/Public/2005/DataFiles/VOCWB_D.htm,2457.6,Updated February 2019,True
2005-2006,Laboratory,Volatile Organic Compounds - Water & Related Questionnaire Items,VOC_D,https://wwwn.cdc.gov/Nchs/Data/Nhanes/Public/2005/DataFiles/VOC_D.xpt,https://wwwn.cdc.gov/Nchs/Data/Nhanes/Public/2005/DataFiles/VOC_D.htm,919.2,January 2010,True
2005-2006,Questionnaire,Acculturation,ACQ_D,https://wwwn.cdc.gov/Nchs/Data/Nhanes/Public/2005/DataFiles/ACQ_D.xpt,https://wwwn.cdc.gov/Nchs/Data/Nhanes/Public/2005/DataFiles/ACQ_D.htm,285.3,March 2008,True
2005-2006,Questionnaire,Alcohol Use,ALQ_D,https://wwwn.cdc.gov/Nchs/Data/Nhanes/Public/2005/DataFiles/ALQ_D.xpt,https://wwwn.cdc.gov/Nchs/Data/Nhanes/Public/2005/DataFiles/ALQ_D.htm,337.6,March 2008,True
2005-2006,Questionnaire,Allergy,AGQ_D,https://wwwn.cdc.gov/Nchs/Data/Nhanes/Public/2005/DataFiles/AGQ_D.xpt,https://wwwn.cdc.gov/Nchs/Data/Nhanes/Public/2005/DataFiles/AGQ_D.htm,1843.2,June 2008,True
2005-2006,Questionnaire,Audiometry,AUQ_D,https://wwwn.cdc.gov/Nchs/Data/Nhanes/Public/2005/DataFiles/AUQ_D.xpt,https://wwwn.cdc.gov/Nchs/Data/Nhanes/Public/2005/DataFiles/AUQ_D.htm,1331.2,April 2009,True
2005-2006,Questionnaire,Blood Pressure & Cholesterol,BPQ_D,https://wwwn.cdc.gov/Nchs/Data/Nhanes/Public/2005/DataFiles/BPQ_D.xpt,https://wwwn.cdc.gov/Nchs/Data/Nhanes/Public/2005/DataFiles/BPQ_D.htm,770.3,November 2007,True
2005-2006,Questionnaire,Bowel Health,BHQ_D,https://wwwn.cdc.gov/Nchs/Data/Nhanes/Public/2005/DataFiles/BHQ_D.xpt,https://wwwn.cdc.gov/Nchs/Data/Nhanes/Public/2005/DataFiles/BHQ_D.htm,262.8,November 2007,True
2005-2006,Questionnaire,Cardiovascular Health,CDQ_D,https://wwwn.cdc.gov/Nchs/Data/Nhanes/Public/2005/DataFiles/CDQ_D.xpt,https://wwwn.cdc.gov/Nchs/Data/Nhanes/Public/2005/DataFiles/CDQ_D.htm,409.0,November 2007,True
2005-2006,Questionnaire,Current Health Status,HSQ_D,https://wwwn.cdc.gov/Nchs/Data/Nhanes/Public/2005/DataFiles/HSQ_D.xpt,https://wwwn.cdc.gov/Nchs/Data/Nhanes/Public/2005/DataFiles/HSQ_D.htm,887.3,January 2008,True
2005-2006,Questionnaire,Dermatology,DEQ_D,https://wwwn.cdc.gov/Nchs/Data/Nhanes/Public/2005/DataFiles/DEQ_D.xpt,https://wwwn.cdc.gov/Nchs/Data/Nhanes/Public/2005/DataFiles/DEQ_D.htm,322.0,May 2008,True
2005-2006,Questionnaire,Diabetes,DIQ_D,https://wwwn.cdc.gov/Nchs/Data/Nhanes/Public/2005/DataFiles/DIQ_D.xpt,https://wwwn.cdc.gov/Nchs/Data/Nhanes/Public/2005/DataFiles/DIQ_D.htm,2764.8,Updated April 2011,True
2005-2006,Questionnaire,Diet Behavior & Nutrition,DBQ_D,https://wwwn.cdc.gov/Nchs/Data/Nhanes/Public/2005/DataFiles/DBQ_D.xpt,https://wwwn.cdc.gov/Nchs/Data/Nhanes/Public/2005/DataFiles/DBQ_D.htm,4300.8,November 2007,True
2005-2006,Questionnaire,Drug Use,DUQ_D,https://wwwn.cdc.gov/Nchs/Data/Nhanes/Public/2005/DataFiles/DUQ_D.xpt,https://wwwn.cdc.gov/Nchs/Data/Nhanes/Public/2005/DataFiles/DUQ_D.htm,955.4,March 2008,True
2005-2006,Questionnaire,Early Childhood,ECQ_D,https://wwwn.cdc.gov/Nchs/Data/Nhanes/Public/2005/DataFiles/ECQ_D.xpt,https://wwwn.cdc.gov/Nchs/Data/Nhanes/Public/2005/DataFiles/ECQ_D.htm,463.0,December 2007,True
2005-2006,Questionnaire,Food Security,FSQ_D,https://wwwn.cdc.gov/Nchs/Data/Nhanes/Public/2005/DataFiles/FSQ_D.xpt,https://wwwn.cdc.gov/Nchs/Data/Nhanes/Public/2005/DataFiles/FSQ_D.htm,3276.8,January 2008,True
2005-2006,Questionnaire,Health Insurance,HIQ_D,https://wwwn.cdc.gov/Nchs/Data/Nhanes/Public/2005/DataFiles/HIQ_D.xpt,https://wwwn.cdc.gov/Nchs/Data/Nhanes/Public/2005/DataFiles/HIQ_D.htm,1331.2,November 2007,True
2005-2006,Questionnaire,Hepatitis C Follow Up,HCQ_D,https://wwwn.cdc.gov/Nchs/Data/Nhanes/Public/2005/DataFiles/HCQ_D.xpt,https://wwwn.cdc.gov/Nchs/Data/Nhanes/Public/2005/DataFiles/HCQ_D.htm,29.1,April 2008,True
2005-2006,Questionnaire,Hospital Utilization & Access to Care,HUQ_D,https://wwwn.cdc.gov/Nchs/Data/Nhanes/Public/2005/DataFiles/HUQ_D.xpt,https://wwwn.cdc.gov/Nchs/Data/Nhanes/Public/2005/DataFiles/HUQ_D.htm,810.5,February 2008,True
2005-2006,Questionnaire,Housing Characteristics,HOQ_D,https://wwwn.cdc.gov/Nchs/Data/Nhanes/Public/2005/DataFiles/HOQ_D.xpt,https://wwwn.cdc.gov/Nchs/Data/Nhanes/Public/2005/DataFiles/HOQ_D.htm,1536.0,April 2008,True
2005-2006,Questionnaire,Immunization,IMQ_D,https://wwwn.cdc.gov/Nchs/Data/Nhanes/Public/2005/DataFiles/IMQ_D.xpt,https://wwwn.cdc.gov/Nchs/Data/Nhanes/Public/2005/DataFiles/IMQ_D.htm,243.8,January 2008,True
2005-2006,Questionnaire,Kidney Conditions - Urology,KIQ_U_D,https://wwwn.cdc.gov/Nchs/Data/Nhanes/Public/2005/DataFiles/KIQ_U_D.xpt,https://wwwn.cdc.gov/Nchs/Data/Nhanes/Public/2005/DataFiles/KIQ_U_D.htm,547.3,January 2008,True
2005-2006,Questionnaire,Medical Conditions,MCQ_D,https://wwwn.cdc.gov/Nchs/Data/Nhanes/Public/2005/DataFiles/MCQ_D.xpt,https://wwwn.cdc.gov/Nchs/Data/Nhanes/Public/2005/DataFiles/MCQ_D.htm,6860.8,November 2007,True
2005-2006,Questionnaire,Mental Health - Depression Screener,DPQ_D,https://wwwn.cdc.gov/Nchs/Data/Nhanes/Public/2005/DataFiles/DPQ_D.xpt,https://wwwn.cdc.gov/Nchs/Data/Nhanes/Public/2005/DataFiles/DPQ_D.htm,460.7,April 2008,True
2005-2006,Questionnaire,Occupation,OCQ_D,https://wwwn.cdc.gov/Nchs/Data/Nhanes/Public/2005/DataFiles/OCQ_D.xpt,https://wwwn.cdc.gov/Nchs/Data/Nhanes/Public/2005/DataFiles/OCQ_D.htm,722.3,Updated April 2013,True
2005-2006,Questionnaire,Oral Health,OHQ_D,https://wwwn.cdc.gov/Nchs/Data/Nhanes/Public/2005/DataFiles/OHQ_D.xpt,https://wwwn.cdc.gov/Nchs/Data/Nhanes/Public/2005/DataFiles/OHQ_D.htm,393.1,June 2008,True
2005-2006,Questionnaire,Osteoporosis,OSQ_D,https://wwwn.cdc.gov/Nchs/Data/Nhanes/Public/2005/DataFiles/OSQ_D.xpt,https://wwwn.cdc.gov/Nchs/Data/Nhanes/Public/2005/DataFiles/OSQ_D.htm,4608.0,December 2008,True
2005-2006,Questionnaire,Pesticide Use,PUQMEC_D,https://wwwn.cdc.gov/Nchs/Data/Nhanes/Public/2005/DataFiles/PUQMEC_D.xpt,https://wwwn.cdc.gov/Nchs/Data/Nhanes/Public/2005/DataFiles/PUQMEC_D.htm,190.7,December 2007,True
2005-2006,Questionnaire,Physical Activity,PAQ_D,https://wwwn.cdc.gov/Nchs/Data/Nhanes/Public/2005/DataFiles/PAQ_D.xpt,https://wwwn.cdc.gov/Nchs/Data/Nhanes/Public/2005/DataFiles/PAQ_D.htm,1433.6,November 2007,True
2005-2006,Questionnaire,Physical Activity - Individual Activities,PAQIAF_D,https://wwwn.cdc.gov/Nchs/Data/Nhanes/Public/2005/DataFiles/PAQIAF_D.xpt,https://wwwn.cdc.gov/Nchs/Data/Nhanes/Public/2005/DataFiles/PAQIAF_D.htm,779.0,November 2007,True
2005-2006,Questionnaire,Physical Functioning,PFQ_D,https://wwwn.cdc.gov/Nchs/Data/Nhanes/Public/2005/DataFiles/PFQ_D.xpt,https://wwwn.cdc.gov/Nchs/Data/Nhanes/Public/2005/DataFiles/PFQ_D.htm,4198.4,Updated March 2008,True
2005-2006,Questionnaire,Prescription Medications,RXQ_RX_D,https://wwwn.cdc.gov/Nchs/Data/Nhanes/Public/2005/DataFiles/RXQ_RX_D.xpt,https://wwwn.cdc.gov/Nchs/Data/Nhanes/Public/2005/DataFiles/RXQ_RX_D.htm,2764.8,Updated June 2009,True
2005-2006,Questionnaire,Prescription Medications - Drug Information,RXQ_DRUG,https://wwwn.cdc.gov/Nchs/Data/Nhanes/Public/1988/DataFiles/RXQ_DRUG.xpt,https://wwwn.cdc.gov/Nchs/Data/Nhanes/Public/1988/DataFiles/RXQ_DRUG.htm,3276.8,Updated September 2021,True
2005-2006,Questionnaire,Prostate Conditions,KIQ_P_D,https://wwwn.cdc.gov/Nchs/Data/Nhanes/Public/2005/DataFiles/KIQ_P_D.xpt,https://wwwn.cdc.gov/Nchs/Data/Nhanes/Public/2005/DataFiles/KIQ_P_D.htm,162.6,January 2008,True
2005-2006,Questionnaire,Prostate Specific Antigen Follow-up,PSQ_D,https://wwwn.cdc.gov/Nchs/Data/Nhanes/Public/2005/DataFiles/PSQ_D.xpt,https://wwwn.cdc.gov/Nchs/Data/Nhanes/Public/2005/DataFiles/PSQ_D.htm,33.3,April 2008,True
2005-2006,Questionnaire,Reproductive Health,RHQ_D,https://wwwn.cdc.gov/Nchs/Data/Nhanes/Public/2005/DataFiles/RHQ_D.xpt,https://wwwn.cdc.gov/Nchs/Data/Nhanes/Public/2005/DataFiles/RHQ_D.htm,2355.2,December 2007,True
2005-2006,Questionnaire,Respiratory Health,RDQ_D,https://wwwn.cdc.gov/Nchs/Data/Nhanes/Public/2005/DataFiles/RDQ_D.xpt,https://wwwn.cdc.gov/Nchs/Data/Nhanes/Public/2005/DataFiles/RDQ_D.htm,1126.4,December 2007,True
2005-2006,Questionnaire,Sexual Behavior,SXQ_D,https://wwwn.cdc.gov/Nchs/Data/Nhanes/Public/2005/DataFiles/SXQ_D.xpt,https://wwwn.cdc.gov/Nchs/Data/Nhanes/Public/2005/DataFiles/SXQ_D.htm,749.0,March 2008,True
2005-2006,Questionnaire,Sleep Disorders,SLQ_D,https://wwwn.cdc.gov/Nchs/Data/Nhanes/Public/2005/DataFiles/SLQ_D.xpt,https://wwwn.cdc.gov/Nchs/Data/Nhanes/Public/2005/DataFiles/SLQ_D.htm,1331.2,March 2008,True
2005-2006,Questionnaire,Smoking - Cigarette Use,SMQ_D,https://wwwn.cdc.gov/Nchs/Data/Nhanes/Public/2005/DataFiles/SMQ_D.xpt,https://wwwn.cdc.gov/Nchs/Data/Nhanes/Public/2005/DataFiles/SMQ_D.htm,2560.0,Updated June 2008,True
2005-2006,Questionnaire,Smoking - Household Smokers,SMQFAM_D,https://wwwn.cdc.gov/Nchs/Data/Nhanes/Public/2005/DataFiles/SMQFAM_D.xpt,https://wwwn.cdc.gov/Nchs/Data/Nhanes/Public/2005/DataFiles/SMQFAM_D.htm,405.6,December 2007,True
2005-2006,Questionnaire,Smoking - Recent Tobacco Use,SMQRTU_D,https://wwwn.cdc.gov/Nchs/Data/Nhanes/Public/2005/DataFiles/SMQRTU_D.xpt,https://wwwn.cdc.gov/Nchs/Data/Nhanes/Public/2005/DataFiles/SMQRTU_D.htm,1331.2,December 2007,True
2005-2006,Questionnaire,Social Support,SSQ_D,https://wwwn.cdc.gov/Nchs/Data/Nhanes/Public/2005/DataFiles/SSQ_D.xpt,https://wwwn.cdc.gov/Nchs/Data/Nhanes/Public/2005/DataFiles/SSQ_D.htm,505.0,December 2007,True
2005-2006,Questionnaire,Vision,VIQ_D,https://wwwn.cdc.gov/Nchs/Data/Nhanes/Public/2005/DataFiles/VIQ_D.xpt,https://wwwn.cdc.gov/Nchs/Data/Nhanes/Public/2005/DataFiles/VIQ_D.htm,1024.0,April 2008,True
2005-2006,Questionnaire,Weight History,WHQ_D,https://wwwn.cdc.gov/Nchs/Data/Nhanes/Public/2005/DataFiles/WHQ_D.xpt,https://wwwn.cdc.gov/Nchs/Data/Nhanes/Public/2005/DataFiles/WHQ_D.htm,2867.2,November 2007,True
2005-2006,Questionnaire,Weight History - Youth,WHQMEC_D,https://wwwn.cdc.gov/Nchs/Data/Nhanes/Public/2005/DataFiles/WHQMEC_D.xpt,https://wwwn.cdc.gov/Nchs/Data/Nhanes/Public/2005/DataFiles/WHQMEC_D.htm,375.9,December 2007,True
2005-2006,LimitedAccess,Alcohol Use - Youth,,,https://wwwn.cdc.gov/Nchs/Data/Nhanes/Public/2005/DataFiles/ALQYTH_D.htm,,March 2008,False
2005-2006,LimitedAccess,California - Demographic Variables & Sample Weights,,,https://wwwn.cdc.gov/Nchs/Data/Nhanes/Public/1999/DataFiles/CDEMO_AD.htm,,January 2016,False
2005-2006,LimitedAccess,Chlamydia & Gonorrhea - Urine - Youth,,,https://wwwn.cdc.gov/Nchs/Data/Nhanes/Public/2005/DataFiles/CHLMD_DR.htm,,June 2009,False
2005-2006,LimitedAccess,Electrolytes - Urine,,,https://wwwn.cdc.gov/Nchs/Data/Nhanes/Public/2003/DataFiles/SSUECD_R.htm,,September 2012,False
2005-2006,LimitedAccess,"Geocoded Data, NHANES 1999-2016, Census 2000",,,https://wwwn.cdc.gov/Nchs/Data/Nhanes/Public/1999/DataFiles/GEO_2000.htm,,March 2018,False
2005-2006,LimitedAccess,"Geocoded Data, NHANES 1999-2018, Census 2010",,,https://wwwn.cdc.gov/Nchs/Data/Nhanes/Public/1999/DataFiles/GEO_2010.htm,,Updated July 2021,False
2005-2006,LimitedAccess,"Geocoded Data, NHANES 1999-March 2020, Census 2020",,,https://wwwn.cdc.gov/Nchs/Data/Nhanes/Public/1999/DataFiles/GEO_2020.htm,,October 2023,False
2005-2006,LimitedAccess,Herpes Simplex Virus Type-2 - Youth,,,https://wwwn.cdc.gov/Nchs/Data/Nhanes/Public/2005/DataFiles/HSV_DR.htm,,Updated May 2010,False
2005-2006,LimitedAccess,"Human Papillomavirus (HPV) - 6, 11, 16 & 18 Antibody - Serum - Youth",,,https://wwwn.cdc.gov/Nchs/Data/Nhanes/Public/2005/DataFiles/HPVS_D_R.htm,,July 2013,False
2005-2006,LimitedAccess,"Human Papillomavirus (HPV) - 6, 11, 16, 18, 31, 33, 45, 52, & 58 Antibody - Serum: M9ELISA",,,https://wwwn.cdc.gov/Nchs/Data/Nhanes/Public/2005/DataFiles/HPVN_D_R.htm,,January 2023,False
2005-2006,LimitedAccess,"Human Papillomavirus (HPV) - Multiplexed 6, 11, 16, 18, 31, 33, 45, 52 & 58 Antibody - Serum - Youth",,,https://wwwn.cdc.gov/Nchs/Data/Nhanes/Public/2005/DataFiles/HPVM_D_R.htm,,January 2015,False
2005-2006,LimitedAccess,Human Papillomavirus (HPV) DNA - Vaginal Swab: Digene Hybrid Capture & Roche Linear Array - Youth,,,https://wwwn.cdc.gov/Nchs/Data/Nhanes/Public/2005/DataFiles/SWR_D_R.htm,,Updated November 2018,False
2005-2006,LimitedAccess,"Los Angeles County, California - Demographic Variables & Sample Weights",,,https://wwwn.cdc.gov/Nchs/Data/Nhanes/Public/1999/DataFiles/LDEMO_AD.htm,,May 2015,False
2005-2006,LimitedAccess,Mental Health - Depression Screener - Youth,,,https://wwwn.cdc.gov/Nchs/Data/Nhanes/Public/2005/DataFiles/DPQYTH_D.htm,,April 2008,False
2005-2006,LimitedAccess,Occupation - Industry & Occupation Codes,,,https://wwwn.cdc.gov/Nchs/Data/Nhanes/Public/2005/DataFiles/OCQ_D_R.htm,,June 2014,False
2005-2006,LimitedAccess,Sexual Behavior - Youth,,,https://wwwn.cdc.gov/Nchs/Data/Nhanes/Public/2005/DataFiles/SXQYTH_D.htm,,March 2008,False
2007-2008,Demographics,Demographic Variables & Sample Weights,DEMO_E,https://wwwn.cdc.gov/Nchs/Data/Nhanes/Public/2007/DataFiles/DEMO_E.xpt,https://wwwn.cdc.gov/Nchs/Data/Nhanes/Public/2007/DataFiles/DEMO_E.htm,3379.2,September 2009,True
2007-2008,Dietary,"Dietary Interview - Individual Foods, First Day",DR1IFF_E,https://wwwn.cdc.gov/Nchs/Data/Nhanes/Public/2007/DataFiles/DR1IFF_E.xpt,https://wwwn.cdc.gov/Nchs/Data/Nhanes/Public/2007/DataFiles/DR1IFF_E.htm,96768.0,Updated May 2013,True
2007-2008,Dietary,"Dietary Interview - Individual Foods, Second Day",DR2IFF_E,https://wwwn.cdc.gov/Nchs/Data/Nhanes/Public/2007/DataFiles/DR2IFF_E.xpt,https://wwwn.cdc.gov/Nchs/Data/Nhanes/Public/2007/DataFiles/DR2IFF_E.htm,80588.8,Updated May 2013,True
2007-2008,Dietary,"Dietary Interview - Total Nutrient Intakes, First Day",DR1TOT_E,https://wwwn.cdc.gov/Nchs/Data/Nhanes/Public/2007/DataFiles/DR1TOT_E.xpt,https://wwwn.cdc.gov/Nchs/Data/Nhanes/Public/2007/DataFiles/DR1TOT_E.htm,12492.8,Updated May 2013,True
2007-2008,Dietary,"Dietary Interview - Total Nutrient Intakes, Second Day",DR2TOT_E,https://wwwn.cdc.gov/Nchs/Data/Nhanes/Public/2007/DataFiles/DR2TOT_E.xpt,https://wwwn.cdc.gov/Nchs/Data/Nhanes/Public/2007/DataFiles/DR2TOT_E.htm,6348.8,Updated May 2013,True
2007-2008,Dietary,Dietary Interview Technical Support File - Food Codes,DRXFCD_E,https://wwwn.cdc.gov/Nchs/Data/Nhanes/Public/2007/DataFiles/DRXFCD_E.xpt,https://wwwn.cdc.gov/Nchs/Data/Nhanes/Public/2007/DataFiles/DRXFCD_E.htm,1843.2,Updated August 2010,True
2007-2008,Dietary,Dietary Interview Technical Support File - Modification Codes,DRXMCD_E,https://wwwn.cdc.gov/Nchs/Data/Nhanes/Public/2007/DataFiles/DRXMCD_E.xpt,https://wwwn.cdc.gov/Nchs/Data/Nhanes/Public/2007/DataFiles/DRXMCD_E.htm,327.0,Updated August 2010,True
2007-2008,Dietary,Dietary Supplement Database - Blend Information,DSBI,https://wwwn.cdc.gov/Nchs/Data/Nhanes/Public/1999/DataFiles/DSBI.xpt,https://wwwn.cdc.gov/Nchs/Data/Nhanes/Public/1999/DataFiles/DSBI.htm,10240.0,February 2025,True
2007-2008,Dietary,Dietary Supplement Database - Ingredient Information,DSII,https://wwwn.cdc.gov/Nchs/Data/Nhanes/Public/1999/DataFiles/DSII.xpt,https://wwwn.cdc.gov/Nchs/Data/Nhanes/Public/1999/DataFiles/DSII.htm,84377.6,February 2025,True
2007-2008,Dietary,Dietary Supplement Database - Product Information,DSPI,https://wwwn.cdc.gov/Nchs/Data/Nhanes/Public/1999/DataFiles/DSPI.xpt,https://wwwn.cdc.gov/Nchs/Data/Nhanes/Public/1999/DataFiles/DSPI.htm,6656.0,February 2025,True
2007-2008,Dietary,"Dietary Supplement Use 24-Hour - Individual Dietary Supplements, First Day",DS1IDS_E,https://wwwn.cdc.gov/Nchs/Data/Nhanes/Public/2007/DataFiles/DS1IDS_E.xpt,https://wwwn.cdc.gov/Nchs/Data/Nhanes/Public/2007/DataFiles/DS1IDS_E.htm,2048.0,July 2010,True
2007-2008,Dietary,"Dietary Supplement Use 24-Hour - Individual Dietary Supplements, Second Day",DS2IDS_E,https://wwwn.cdc.gov/Nchs/Data/Nhanes/Public/2007/DataFiles/DS2IDS_E.xpt,https://wwwn.cdc.gov/Nchs/Data/Nhanes/Public/2007/DataFiles/DS2IDS_E.htm,2048.0,July 2010,True
2007-2008,Dietary,"Dietary Supplement Use 24-Hour - Total Dietary Supplements, First Day",DS1TOT_E,https://wwwn.cdc.gov/Nchs/Data/Nhanes/Public/2007/DataFiles/DS1TOT_E.xpt,https://wwwn.cdc.gov/Nchs/Data/Nhanes/Public/2007/DataFiles/DS1TOT_E.htm,3584.0,July 2010,True
2007-2008,Dietary,"Dietary Supplement Use 24-Hour - Total Dietary Supplements, Second Day",DS2TOT_E,https://wwwn.cdc.gov/Nchs/Data/Nhanes/Public/2007/DataFiles/DS2TOT_E.xpt,https://wwwn.cdc.gov/Nchs/Data/Nhanes/Public/2007/DataFiles/DS2TOT_E.htm,3584.0,July 2010,True
2007-2008,Dietary,Dietary Supplement Use 30 Day - Individual Dietary Supplements,DSQIDS_E,https://wwwn.cdc.gov/Nchs/Data/Nhanes/Public/2007/DataFiles/DSQIDS_E.xpt,https://wwwn.cdc.gov/Nchs/Data/Nhanes/Public/2007/DataFiles/DSQIDS_E.htm,5529.6,July 2010,True
2007-2008,Dietary,Dietary Supplement Use 30-Day - Total Dietary Supplements,DSQTOT_E,https://wwwn.cdc.gov/Nchs/Data/Nhanes/Public/2007/DataFiles/DSQTOT_E.xpt,https://wwwn.cdc.gov/Nchs/Data/Nhanes/Public/2007/DataFiles/DSQTOT_E.htm,2969.6,July 2010,True
2007-2008,Examination,Audiometry,AUX_E,https://wwwn.cdc.gov/Nchs/Data/Nhanes/Public/2007/DataFiles/AUX_E.xpt,https://wwwn.cdc.gov/Nchs/Data/Nhanes/Public/2007/DataFiles/AUX_E.htm,681.6,September 2010,True
2007-2008,Examination,Audiometry - Acoustic Reflex,AUXAR_E,https://wwwn.cdc.gov/Nchs/Data/Nhanes/Public/2007/DataFiles/AUXAR_E.xpt,https://wwwn.cdc.gov/Nchs/Data/Nhanes/Public/2007/DataFiles/AUXAR_E.htm,3276.8,January 2013,True
2007-2008,Examination,Audiometry - Tympanometry,AUXTYM_E,https://wwwn.cdc.gov/Nchs/Data/Nhanes/Public/2007/DataFiles/AUXTYM_E.xpt,https://wwwn.cdc.gov/Nchs/Data/Nhanes/Public/2007/DataFiles/AUXTYM_E.htm,1638.4,September 2010,True
2007-2008,Examination,Blood Pressure,BPX_E,https://wwwn.cdc.gov/Nchs/Data/Nhanes/Public/2007/DataFiles/BPX_E.xpt,https://wwwn.cdc.gov/Nchs/Data/Nhanes/Public/2007/DataFiles/BPX_E.htm,2048.0,September 2009,True
2007-2008,Examination,Body Measures,BMX_E,https://wwwn.cdc.gov/Nchs/Data/Nhanes/Public/2007/DataFiles/BMX_E.xpt,https://wwwn.cdc.gov/Nchs/Data/Nhanes/Public/2007/DataFiles/BMX_E.htm,1740.8,Updated April 2011,True
2007-2008,Examination,Dual Energy X-ray Absorptiometry - Femur,DXXFEM_E,https://wwwn.cdc.gov/Nchs/Data/Nhanes/Public/2007/DataFiles/DXXFEM_E.xpt,https://wwwn.cdc.gov/Nchs/Data/Nhanes/Public/2007/DataFiles/DXXFEM_E.htm,1228.8,December 2009,True
2007-2008,Examination,Dual Energy X-ray Absorptiometry - Spine,DXXSPN_E,https://wwwn.cdc.gov/Nchs/Data/Nhanes/Public/2007/DataFiles/DXXSPN_E.xpt,https://wwwn.cdc.gov/Nchs/Data/Nhanes/Public/2007/DataFiles/DXXSPN_E.htm,2150.4,Updated May 2015,True
2007-2008,Examination,Exhaled Nitric Oxide,ENX_E,https://wwwn.cdc.gov/Nchs/Data/Nhanes/Public/2007/DataFiles/ENX_E.xpt,https://wwwn.cdc.gov/Nchs/Data/Nhanes/Public/2007/DataFiles/ENX_E.htm,1331.2,September 2011,True
2007-2008,Examination,Ophthalmology - Frequency Doubling Technology,OPXFDT_E,https://wwwn.cdc.gov/Nchs/Data/Nhanes/Public/2007/DataFiles/OPXFDT_E.xpt,https://wwwn.cdc.gov/Nchs/Data/Nhanes/Public/2007/DataFiles/OPXFDT_E.htm,2867.2,January 2010,True
2007-2008,Examination,Ophthalmology - Retinal Imaging,OPXRET_E,https://wwwn.cdc.gov/Nchs/Data/Nhanes/Public/2007/DataFiles/OPXRET_E.xpt,https://wwwn.cdc.gov/Nchs/Data/Nhanes/Public/2007/DataFiles/OPXRET_E.htm,6758.4,Updated June 2015,True
2007-2008,Examination,Oral Health,OHX_E,https://wwwn.cdc.gov/Nchs/Data/Nhanes/Public/2007/DataFiles/OHX_E.xpt,https://wwwn.cdc.gov/Nchs/Data/Nhanes/Public/2007/DataFiles/OHX_E.htm,3788.8,September 2009,True
2007-2008,Examination,Spirometry - Pre and Post-Bronchodilator,SPX_E,https://wwwn.cdc.gov/Nchs/Data/Nhanes/Public/2007/DataFiles/SPX_E.xpt,https://wwwn.cdc.gov/Nchs/Data/Nhanes/Public/2007/DataFiles/SPX_E.htm,2764.8,December 2011,True
2007-2008,Examination,Spirometry - Raw Curve Data,SPXRAW_E,https://wwwn.cdc.gov/Nchs/Data/Nhanes/Public/2007/DataFiles/SPXRAW_E.zip,https://wwwn.cdc.gov/Nchs/Data/Nhanes/Public/2007/DataFiles/SPXRAW_E.htm,12390.4,December 2011,True
2007-2008,Examination,Vision,VIX_E,https://wwwn.cdc.gov/Nchs/Data/Nhanes/Public/2007/DataFiles/VIX_E.xpt,https://wwwn.cdc.gov/Nchs/Data/Nhanes/Public/2007/DataFiles/VIX_E.htm,3072.0,September 2009,True
2007-2008,Laboratory,Albumin & Creatinine - Urine,ALB_CR_E,https://wwwn.cdc.gov/Nchs/Data/Nhanes/Public/2007/DataFiles/ALB_CR_E.xpt,https://wwwn.cdc.gov/Nchs/Data/Nhanes/Public/2007/DataFiles/ALB_CR_E.htm,319.1,September 2009,True
2007-2008,Laboratory,Apolipoprotein B,APOB_E,https://wwwn.cdc.gov/Nchs/Data/Nhanes/Public/2007/DataFiles/APOB_E.xpt,https://wwwn.cdc.gov/Nchs/Data/Nhanes/Public/2007/DataFiles/APOB_E.htm,104.8,July 2010,True
2007-2008,Laboratory,Arsenics - Total & Speciated - Urine,UAS_E,https://wwwn.cdc.gov/Nchs/Data/Nhanes/Public/2007/DataFiles/UAS_E.xpt,https://wwwn.cdc.gov/Nchs/Data/Nhanes/Public/2007/DataFiles/UAS_E.htm,407.1,Updated September 2011,True
2007-2008,Laboratory,Atrazine and Metabolites,UAM_E,https://wwwn.cdc.gov/Nchs/Data/Nhanes/Public/2007/DataFiles/UAM_E.xpt,https://wwwn.cdc.gov/Nchs/Data/Nhanes/Public/2007/DataFiles/UAM_E.htm,318.5,September 2015,True
2007-2008,Laboratory,Brominated Flame Retardants (BFRs) - Pooled Samples,BFRPOL_E,https://wwwn.cdc.gov/Nchs/Data/Nhanes/Public/2007/DataFiles/BFRPOL_E.xpt,https://wwwn.cdc.gov/Nchs/Data/Nhanes/Public/2007/DataFiles/BFRPOL_E.htm,93.1,Updated November 2020,True
2007-2008,Laboratory,"Cadmium, Lead, & Total Mercury - Blood",PBCD_E,https://wwwn.cdc.gov/Nchs/Data/Nhanes/Public/2007/DataFiles/PBCD_E.xpt,https://wwwn.cdc.gov/Nchs/Data/Nhanes/Public/2007/DataFiles/PBCD_E.htm,583.5,Updated June 2013,True
2007-2008,Laboratory,Chlamydia & Gonorrhea - Urine,CHLMDA_E,https://wwwn.cdc.gov/Nchs/Data/Nhanes/Public/2007/DataFiles/CHLMDA_E.xpt,https://wwwn.cdc.gov/Nchs/Data/Nhanes/Public/2007/DataFiles/CHLMDA_E.htm,51.2,September 2009,True
2007-2008,Laboratory,Cholesterol - HDL,HDL_E,https://wwwn.cdc.gov/Nchs/Data/Nhanes/Public/2007/DataFiles/HDL_E.xpt,https://wwwn.cdc.gov/Nchs/Data/Nhanes/Public/2007/DataFiles/HDL_E.htm,191.8,April 2010,True
2007-2008,Laboratory,Cholesterol - LDL & Triglycerides,TRIGLY_E,https://wwwn.cdc.gov/Nchs/Data/Nhanes/Public/2007/DataFiles/TRIGLY_E.xpt,https://wwwn.cdc.gov/Nchs/Data/Nhanes/Public/2007/DataFiles/TRIGLY_E.htm,157.0,Updated September 2010,True
2007-2008,Laboratory,Cholesterol - Total,TCHOL_E,https://wwwn.cdc.gov/Nchs/Data/Nhanes/Public/2007/DataFiles/TCHOL_E.xpt,https://wwwn.cdc.gov/Nchs/Data/Nhanes/Public/2007/DataFiles/TCHOL_E.htm,191.8,Updated February 2010,True
2007-2008,Laboratory,Complete Blood Count with 5-part Differential - Whole Blood,CBC_E,https://wwwn.cdc.gov/Nchs/Data/Nhanes/Public/2007/DataFiles/CBC_E.xpt,https://wwwn.cdc.gov/Nchs/Data/Nhanes/Public/2007/DataFiles/CBC_E.htm,1536.0,September 2009,True
2007-2008,Laboratory,Cotinine - Serum & Total NNAL - Urine,COTNAL_E,https://wwwn.cdc.gov/Nchs/Data/Nhanes/Public/2007/DataFiles/COTNAL_E.xpt,https://wwwn.cdc.gov/Nchs/Data/Nhanes/Public/2007/DataFiles/COTNAL_E.htm,410.0,Updated February 2012,True
2007-2008,Laboratory,C-Reactive Protein (CRP),CRP_E,https://wwwn.cdc.gov/Nchs/Data/Nhanes/Public/2007/DataFiles/CRP_E.xpt,https://wwwn.cdc.gov/Nchs/Data/Nhanes/Public/2007/DataFiles/CRP_E.htm,137.2,September 2009,True
2007-2008,Laboratory,DEET and Metabolites,DEET_E,https://wwwn.cdc.gov/Nchs/Data/Nhanes/Public/2007/DataFiles/DEET_E.xpt,https://wwwn.cdc.gov/Nchs/Data/Nhanes/Public/2007/DataFiles/DEET_E.htm,191.4,Updated May 2016,True
2007-2008,Laboratory,Environmental Phenols,EPH_E,https://wwwn.cdc.gov/Nchs/Data/Nhanes/Public/2007/DataFiles/EPH_E.xpt,https://wwwn.cdc.gov/Nchs/Data/Nhanes/Public/2007/DataFiles/EPH_E.htm,406.9,Updated September 2011,True
2007-2008,Laboratory,Epstein-Barr Virus (VCA IgG) - Serum (Surplus),SSEBV_E,https://wwwn.cdc.gov/Nchs/Data/Nhanes/Public/2007/DataFiles/SSEBV_E.xpt,https://wwwn.cdc.gov/Nchs/Data/Nhanes/Public/2007/DataFiles/SSEBV_E.htm,58.9,Updated April 2022,True
2007-2008,Laboratory,Fasting Questionnaire,FASTQX_E,https://wwwn.cdc.gov/Nchs/Data/Nhanes/Public/2007/DataFiles/FASTQX_E.xpt,https://wwwn.cdc.gov/Nchs/Data/Nhanes/Public/2007/DataFiles/FASTQX_E.htm,1433.6,September 2009,True
2007-2008,Laboratory,Ferritin,FERTIN_E,https://wwwn.cdc.gov/Nchs/Data/Nhanes/Public/2007/DataFiles/FERTIN_E.xpt,https://wwwn.cdc.gov/Nchs/Data/Nhanes/Public/2007/DataFiles/FERTIN_E.htm,75.7,September 2009,True
2007-2008,Laboratory,Folate - RBC & Serum,FOLATE_E,https://wwwn.cdc.gov/Nchs/Data/Nhanes/Public/2007/DataFiles/FOLATE_E.xpt,https://wwwn.cdc.gov/Nchs/Data/Nhanes/Public/2007/DataFiles/FOLATE_E.htm,365.0,June 2011,True
2007-2008,Laboratory,Folate Forms - Individual - Serum,FOLFMS_E,https://wwwn.cdc.gov/Nchs/Data/Nhanes/Public/2007/DataFiles/FOLFMS_E.xpt,https://wwwn.cdc.gov/Nchs/Data/Nhanes/Public/2007/DataFiles/FOLFMS_E.htm,148.0,Updated February 2019,True
2007-2008,Laboratory,Glycohemoglobin,GHB_E,https://wwwn.cdc.gov/Nchs/Data/Nhanes/Public/2007/DataFiles/GHB_E.xpt,https://wwwn.cdc.gov/Nchs/Data/Nhanes/Public/2007/DataFiles/GHB_E.htm,109.1,Updated March 2012,True
2007-2008,Laboratory,Hepatitis A Antibody,HEPA_E,https://wwwn.cdc.gov/Nchs/Data/Nhanes/Public/2007/DataFiles/HEPA_E.xpt,https://wwwn.cdc.gov/Nchs/Data/Nhanes/Public/2007/DataFiles/HEPA_E.htm,141.9,Updated September 2014,True
2007-2008,Laboratory,Hepatitis B Surface Antibody,HEPB_S_E,https://wwwn.cdc.gov/Nchs/Data/Nhanes/Public/2007/DataFiles/HEPB_S_E.xpt,https://wwwn.cdc.gov/Nchs/Data/Nhanes/Public/2007/DataFiles/HEPB_S_E.htm,141.9,September 2009,True
2007-2008,Laboratory,"Hepatitis B: Core antibody, Surface atigen, and Hepatitis D: antibody",HEPBD_E,https://wwwn.cdc.gov/Nchs/Data/Nhanes/Public/2007/DataFiles/HEPBD_E.xpt,https://wwwn.cdc.gov/Nchs/Data/Nhanes/Public/2007/DataFiles/HEPBD_E.htm,319.1,Updated January 2026,True
2007-2008,Laboratory,Hepatitis C Antibody Reflex Testing - Serum (Surplus),SSHCV_E,https://wwwn.cdc.gov/Nchs/Data/Nhanes/Public/2007/DataFiles/SSHCV_E.xpt,https://wwwn.cdc.gov/Nchs/Data/Nhanes/Public/2007/DataFiles/SSHCV_E.htm,31.8,Updated April 2022,True
2007-2008,Laboratory,"Hepatitis C: Confirmed Antibody, RNA (HCV-RNA), & Genotype",HEPC_E,https://wwwn.cdc.gov/Nchs/Data/Nhanes/Public/2007/DataFiles/HEPC_E.xpt,https://wwwn.cdc.gov/Nchs/Data/Nhanes/Public/2007/DataFiles/HEPC_E.htm,255.4,Updated February 2015,True
2007-2008,Laboratory,Herpes Simplex Virus Type-1 & Type-2,HSV_E,https://wwwn.cdc.gov/Nchs/Data/Nhanes/Public/2007/DataFiles/HSV_E.xpt,https://wwwn.cdc.gov/Nchs/Data/Nhanes/Public/2007/DataFiles/HSV_E.htm,87.7,Updated May 2010,True
2007-2008,Laboratory,HIV Antibody Test,HIV_E,https://wwwn.cdc.gov/Nchs/Data/Nhanes/Public/2007/DataFiles/HIV_E.xpt,https://wwwn.cdc.gov/Nchs/Data/Nhanes/Public/2007/DataFiles/HIV_E.htm,48.8,September 2009,True
2007-2008,Laboratory,"Human Papillomavirus (HPV) - 6, 11, 16 & 18 Antibody – Serum: 4-plex CLIA",HPVSER_E,https://wwwn.cdc.gov/Nchs/Data/Nhanes/Public/2007/DataFiles/HPVSER_E.xpt,https://wwwn.cdc.gov/Nchs/Data/Nhanes/Public/2007/DataFiles/HPVSER_E.htm,155.7,November 2013,True
2007-2008,Laboratory,Human Papillomavirus (HPV) DNA - Vaginal Swab: Digene Hybrid Capture & Roche Linear Array,HPVSWR_E,https://wwwn.cdc.gov/Nchs/Data/Nhanes/Public/2007/DataFiles/HPVSWR_E.xpt,https://wwwn.cdc.gov/Nchs/Data/Nhanes/Public/2007/DataFiles/HPVSWR_E.htm,677.9,August 2012,True
2007-2008,Laboratory,Iodine - Urine,UIO_E,https://wwwn.cdc.gov/Nchs/Data/Nhanes/Public/2007/DataFiles/UIO_E.xpt,https://wwwn.cdc.gov/Nchs/Data/Nhanes/Public/2007/DataFiles/UIO_E.htm,191.8,December 2009,True
2007-2008,Laboratory,Klotho - Serum (Surplus),SSKL_E,https://wwwn.cdc.gov/Nchs/Data/Nhanes/Public/2007/DataFiles/SSKL_E.xpt,https://wwwn.cdc.gov/Nchs/Data/Nhanes/Public/2007/DataFiles/SSKL_E.htm,48.0,April 2021,True
2007-2008,Laboratory,Mercury: Inorganic - Blood,IHG_E,https://wwwn.cdc.gov/Nchs/Data/Nhanes/Public/2007/DataFiles/IHG_E.xpt,https://wwwn.cdc.gov/Nchs/Data/Nhanes/Public/2007/DataFiles/IHG_E.htm,292.1,June 2013,True
2007-2008,Laboratory,Mercury: Inorganic - Urine,UHG_E,https://wwwn.cdc.gov/Nchs/Data/Nhanes/Public/2007/DataFiles/UHG_E.xpt,https://wwwn.cdc.gov/Nchs/Data/Nhanes/Public/2007/DataFiles/UHG_E.htm,86.2,Updated September 2011,True
2007-2008,Laboratory,Metals - Urine,UHM_E,https://wwwn.cdc.gov/Nchs/Data/Nhanes/Public/2007/DataFiles/UHM_E.xpt,https://wwwn.cdc.gov/Nchs/Data/Nhanes/Public/2007/DataFiles/UHM_E.htm,578.2,Updated September 2011,True
2007-2008,Laboratory,Non-dioxin-like Polychlorinated Biphenyls & Mono-ortho-substituted Polychlorinated Biphenyls - Pooled Samples,PCBPOL_E,https://wwwn.cdc.gov/Nchs/Data/Nhanes/Public/2007/DataFiles/PCBPOL_E.xpt,https://wwwn.cdc.gov/Nchs/Data/Nhanes/Public/2007/DataFiles/PCBPOL_E.htm,258.0,Updated November 2020,True
2007-2008,Laboratory,Oral Glucose Tolerance Test,OGTT_E,https://wwwn.cdc.gov/Nchs/Data/Nhanes/Public/2007/DataFiles/OGTT_E.xpt,https://wwwn.cdc.gov/Nchs/Data/Nhanes/Public/2007/DataFiles/OGTT_E.htm,313.1,January 2010,True
2007-2008,Laboratory,Organophosphate Insecticides - Diakyl Phosphate Metabolites - Urine,OPD_E,https://wwwn.cdc.gov/Nchs/Data/Nhanes/Public/2007/DataFiles/OPD_E.xpt,https://wwwn.cdc.gov/Nchs/Data/Nhanes/Public/2007/DataFiles/OPD_E.htm,318.5,May 2012,True
2007-2008,Laboratory,"Perchlorate, Nitrate & Thiocyanate - Urine",PERNT_E,https://wwwn.cdc.gov/Nchs/Data/Nhanes/Public/2007/DataFiles/PERNT_E.xpt,https://wwwn.cdc.gov/Nchs/Data/Nhanes/Public/2007/DataFiles/PERNT_E.htm,510.1,June 2011,True
2007-2008,Laboratory,Pesticides - Carbamates & Organophosphorus Metabolites - Urine,CARB_E,https://wwwn.cdc.gov/Nchs/Data/Nhanes/Public/2007/DataFiles/CARB_E.xpt,https://wwwn.cdc.gov/Nchs/Data/Nhanes/Public/2007/DataFiles/CARB_E.htm,318.5,June 2014,True
2007-2008,Laboratory,"Pesticides - Current Use - Urine (Formerly Priority Pesticides, Non-persistent Pesticide Metabolites)",UPP_E,https://wwwn.cdc.gov/Nchs/Data/Nhanes/Public/2007/DataFiles/UPP_E.xpt,https://wwwn.cdc.gov/Nchs/Data/Nhanes/Public/2007/DataFiles/UPP_E.htm,784.5,Updated September 2011,True
2007-2008,Laboratory,Pesticides - Environmental - Urine,PP_E,https://wwwn.cdc.gov/Nchs/Data/Nhanes/Public/2007/DataFiles/PP_E.xpt,https://wwwn.cdc.gov/Nchs/Data/Nhanes/Public/2007/DataFiles/PP_E.htm,278.6,Updated September 2011,True
2007-2008,Laboratory,Pesticides - Organochlorine Pesticides - Pooled Samples,PSTPOL_E,https://wwwn.cdc.gov/Nchs/Data/Nhanes/Public/2007/DataFiles/PSTPOL_E.xpt,https://wwwn.cdc.gov/Nchs/Data/Nhanes/Public/2007/DataFiles/PSTPOL_E.htm,73.4,Updated November 2020,True
2007-2008,Laboratory,Phthalates - Urine,PHTHTE_E,https://wwwn.cdc.gov/Nchs/Data/Nhanes/Public/2007/DataFiles/PHTHTE_E.xpt,https://wwwn.cdc.gov/Nchs/Data/Nhanes/Public/2007/DataFiles/PHTHTE_E.htm,706.0,October 2010,True
2007-2008,Laboratory,Phytoestrogens - Urine,PHYTO_E,https://wwwn.cdc.gov/Nchs/Data/Nhanes/Public/2007/DataFiles/PHYTO_E.xpt,https://wwwn.cdc.gov/Nchs/Data/Nhanes/Public/2007/DataFiles/PHYTO_E.htm,321.3,July 2012,True
2007-2008,Laboratory,Plasma Fasting Glucose & Insulin,GLU_E,https://wwwn.cdc.gov/Nchs/Data/Nhanes/Public/2007/DataFiles/GLU_E.xpt,https://wwwn.cdc.gov/Nchs/Data/Nhanes/Public/2007/DataFiles/GLU_E.htm,209.0,January 2010,True
2007-2008,Laboratory,Polyaromatic Hydrocarbons (PAHs) - Urine,PAH_E,https://wwwn.cdc.gov/Nchs/Data/Nhanes/Public/2007/DataFiles/PAH_E.xpt,https://wwwn.cdc.gov/Nchs/Data/Nhanes/Public/2007/DataFiles/PAH_E.htm,449.5,February 2013,True
2007-2008,Laboratory,"Polychlorinated dibenzo-p-dioxins (PCDDs), Dibenzofurans (PCDFs) & Coplanar Polychlorinated Biphenyls (cPCBs) - Pooled Samples",DOXPOL_E,https://wwwn.cdc.gov/Nchs/Data/Nhanes/Public/2007/DataFiles/DOXPOL_E.xpt,https://wwwn.cdc.gov/Nchs/Data/Nhanes/Public/2007/DataFiles/DOXPOL_E.htm,145.9,Updated November 2020,True
2007-2008,Laboratory,Polyfluoroalkyl Chemicals,PFC_E,https://wwwn.cdc.gov/Nchs/Data/Nhanes/Public/2007/DataFiles/PFC_E.xpt,https://wwwn.cdc.gov/Nchs/Data/Nhanes/Public/2007/DataFiles/PFC_E.htm,470.3,Updated October 2013,True
2007-2008,Laboratory,Pooled-Sample Technical Support File,POOLTF_E,https://wwwn.cdc.gov/Nchs/Data/Nhanes/Public/2007/DataFiles/POOLTF_E.xpt,https://wwwn.cdc.gov/Nchs/Data/Nhanes/Public/2007/DataFiles/POOLTF_E.htm,54.7,November 2018,True
2007-2008,Laboratory,Pregnancy Test - Urine,UCPREG_E,https://wwwn.cdc.gov/Nchs/Data/Nhanes/Public/2007/DataFiles/UCPREG_E.xpt,https://wwwn.cdc.gov/Nchs/Data/Nhanes/Public/2007/DataFiles/UCPREG_E.htm,19.5,September 2009,True
2007-2008,Laboratory,Prostate Specific Antigen (PSA),PSA_E,https://wwwn.cdc.gov/Nchs/Data/Nhanes/Public/2007/DataFiles/PSA_E.xpt,https://wwwn.cdc.gov/Nchs/Data/Nhanes/Public/2007/DataFiles/PSA_E.htm,239.5,September 2009,True
2007-2008,Laboratory,"Pyrethroids, Herbicides, & OP Metabolites - Urine",UPHOPM_E,https://wwwn.cdc.gov/Nchs/Data/Nhanes/Public/2007/DataFiles/UPHOPM_E.xpt,https://wwwn.cdc.gov/Nchs/Data/Nhanes/Public/2007/DataFiles/UPHOPM_E.htm,488.0,September 2013,True
2007-2008,Laboratory,Standard Biochemistry Profile,BIOPRO_E,https://wwwn.cdc.gov/Nchs/Data/Nhanes/Public/2007/DataFiles/BIOPRO_E.xpt,https://wwwn.cdc.gov/Nchs/Data/Nhanes/Public/2007/DataFiles/BIOPRO_E.htm,2048.0,Updated June 2010,True
2007-2008,Laboratory,Thyroid Profile,THYROD_E,https://wwwn.cdc.gov/Nchs/Data/Nhanes/Public/2007/DataFiles/THYROD_E.xpt,https://wwwn.cdc.gov/Nchs/Data/Nhanes/Public/2007/DataFiles/THYROD_E.htm,705.1,Updated October 2015,True
2007-2008,Laboratory,Transferrin Receptor,TFR_E,https://wwwn.cdc.gov/Nchs/Data/Nhanes/Public/2007/DataFiles/TFR_E.xpt,https://wwwn.cdc.gov/Nchs/Data/Nhanes/Public/2007/DataFiles/TFR_E.htm,50.7,September 2009,True
2007-2008,Laboratory,Urine Specific Gravity Measurement (Surplus),SSUSG_E,https://wwwn.cdc.gov/Nchs/Data/Nhanes/Public/2007/DataFiles/SSUSG_E.xpt,https://wwwn.cdc.gov/Nchs/Data/Nhanes/Public/2007/DataFiles/SSUSG_E.htm,154.9,Updated April 2022,True
2007-2008,Laboratory,Vitamin B6,VIT_B6_E,https://wwwn.cdc.gov/Nchs/Data/Nhanes/Public/2007/DataFiles/VIT_B6_E.xpt,https://wwwn.cdc.gov/Nchs/Data/Nhanes/Public/2007/DataFiles/VIT_B6_E.htm,219.4,March 2014,True
2007-2008,Laboratory,Vitamin D,,,,656.4,October 2015,False
2007-2008,Laboratory,Volatile Organic Compounds - Blood & Related Questionnaire Items,VOCWB_E,https://wwwn.cdc.gov/Nchs/Data/Nhanes/Public/2007/DataFiles/VOCWB_E.xpt,https://wwwn.cdc.gov/Nchs/Data/Nhanes/Public/2007/DataFiles/VOCWB_E.htm,2355.2,May 2016,True
2007-2008,Laboratory,Volatile Organic Compounds - Trihalomethanes/MTBE/Nitromethane - Blood,VOCMWB_E,https://wwwn.cdc.gov/Nchs/Data/Nhanes/Public/2007/DataFiles/VOCMWB_E.xpt,https://wwwn.cdc.gov/Nchs/Data/Nhanes/Public/2007/DataFiles/VOCMWB_E.htm,912.5,May 2016,True
2007-2008,Laboratory,Volatile Organic Compounds - Water & Related Questionnaire Items,VOC_E,https://wwwn.cdc.gov/Nchs/Data/Nhanes/Public/2007/DataFiles/VOC_E.xpt,https://wwwn.cdc.gov/Nchs/Data/Nhanes/Public/2007/DataFiles/VOC_E.htm,885.7,February 2015,True
2007-2008,Questionnaire,Acculturation,ACQ_E,https://wwwn.cdc.gov/Nchs/Data/Nhanes/Public/2007/DataFiles/ACQ_E.xpt,https://wwwn.cdc.gov/Nchs/Data/Nhanes/Public/2007/DataFiles/ACQ_E.htm,281.6,September 2009,True
2007-2008,Questionnaire,Air Quality,AQQ_E,https://wwwn.cdc.gov/Nchs/Data/Nhanes/Public/2007/DataFiles/AQQ_E.xpt,https://wwwn.cdc.gov/Nchs/Data/Nhanes/Public/2007/DataFiles/AQQ_E.htm,718.7,November 2010,True
2007-2008,Questionnaire,Alcohol Use,ALQ_E,https://wwwn.cdc.gov/Nchs/Data/Nhanes/Public/2007/DataFiles/ALQ_E.xpt,https://wwwn.cdc.gov/Nchs/Data/Nhanes/Public/2007/DataFiles/ALQ_E.htm,403.3,September 2009,True
2007-2008,Questionnaire,Audiometry,AUQ_E,https://wwwn.cdc.gov/Nchs/Data/Nhanes/Public/2007/DataFiles/AUQ_E.xpt,https://wwwn.cdc.gov/Nchs/Data/Nhanes/Public/2007/DataFiles/AUQ_E.htm,1331.2,January 2010,True
2007-2008,Questionnaire,Blood Pressure & Cholesterol,BPQ_E,https://wwwn.cdc.gov/Nchs/Data/Nhanes/Public/2007/DataFiles/BPQ_E.xpt,https://wwwn.cdc.gov/Nchs/Data/Nhanes/Public/2007/DataFiles/BPQ_E.htm,975.1,September 2009,True
2007-2008,Questionnaire,Bowel Health,BHQ_E,https://wwwn.cdc.gov/Nchs/Data/Nhanes/Public/2007/DataFiles/BHQ_E.xpt,https://wwwn.cdc.gov/Nchs/Data/Nhanes/Public/2007/DataFiles/BHQ_E.htm,313.8,September 2009,True
2007-2008,Questionnaire,Cardiovascular Health,CDQ_E,https://wwwn.cdc.gov/Nchs/Data/Nhanes/Public/2007/DataFiles/CDQ_E.xpt,https://wwwn.cdc.gov/Nchs/Data/Nhanes/Public/2007/DataFiles/CDQ_E.htm,537.7,September 2009,True
2007-2008,Questionnaire,Consumer Behavior,CBQ_E,https://wwwn.cdc.gov/Nchs/Data/Nhanes/Public/2007/DataFiles/CBQ_E.xpt,https://wwwn.cdc.gov/Nchs/Data/Nhanes/Public/2007/DataFiles/CBQ_E.htm,1433.6,May 2010,True
2007-2008,Questionnaire,Consumer Behavior Phone Follow-up Module - Adult,CBQPFA_E,https://wwwn.cdc.gov/Nchs/Data/Nhanes/Public/2007/DataFiles/CBQPFA_E.xpt,https://wwwn.cdc.gov/Nchs/Data/Nhanes/Public/2007/DataFiles/CBQPFA_E.htm,2764.8,April 2012,True
2007-2008,Questionnaire,Consumer Behavior Phone Follow-up Module - Child,CBQPFC_E,https://wwwn.cdc.gov/Nchs/Data/Nhanes/Public/2007/DataFiles/CBQPFC_E.xpt,https://wwwn.cdc.gov/Nchs/Data/Nhanes/Public/2007/DataFiles/CBQPFC_E.htm,1331.2,April 2012,True
2007-2008,Questionnaire,Current Health Status,HSQ_E,https://wwwn.cdc.gov/Nchs/Data/Nhanes/Public/2007/DataFiles/HSQ_E.xpt,https://wwwn.cdc.gov/Nchs/Data/Nhanes/Public/2007/DataFiles/HSQ_E.htm,1020.6,September 2009,True
2007-2008,Questionnaire,Diabetes,DIQ_E,https://wwwn.cdc.gov/Nchs/Data/Nhanes/Public/2007/DataFiles/DIQ_E.xpt,https://wwwn.cdc.gov/Nchs/Data/Nhanes/Public/2007/DataFiles/DIQ_E.htm,2764.8,Updated April 2011,True
2007-2008,Questionnaire,Diet Behavior & Nutrition,DBQ_E,https://wwwn.cdc.gov/Nchs/Data/Nhanes/Public/2007/DataFiles/DBQ_E.xpt,https://wwwn.cdc.gov/Nchs/Data/Nhanes/Public/2007/DataFiles/DBQ_E.htm,4300.8,May 2010,True
2007-2008,Questionnaire,Drug Use,DUQ_E,https://wwwn.cdc.gov/Nchs/Data/Nhanes/Public/2007/DataFiles/DUQ_E.xpt,https://wwwn.cdc.gov/Nchs/Data/Nhanes/Public/2007/DataFiles/DUQ_E.htm,1331.2,January 2010,True
2007-2008,Questionnaire,Early Childhood,ECQ_E,https://wwwn.cdc.gov/Nchs/Data/Nhanes/Public/2007/DataFiles/ECQ_E.xpt,https://wwwn.cdc.gov/Nchs/Data/Nhanes/Public/2007/DataFiles/ECQ_E.htm,396.8,September 2009,True
2007-2008,Questionnaire,Food Security,FSQ_E,https://wwwn.cdc.gov/Nchs/Data/Nhanes/Public/2007/DataFiles/FSQ_E.xpt,https://wwwn.cdc.gov/Nchs/Data/Nhanes/Public/2007/DataFiles/FSQ_E.htm,3481.6,July 2010,True
2007-2008,Questionnaire,Health Insurance,HIQ_E,https://wwwn.cdc.gov/Nchs/Data/Nhanes/Public/2007/DataFiles/HIQ_E.xpt,https://wwwn.cdc.gov/Nchs/Data/Nhanes/Public/2007/DataFiles/HIQ_E.htm,1331.2,September 2009,True
2007-2008,Questionnaire,Hepatitis C Follow Up,HCQ_E,https://wwwn.cdc.gov/Nchs/Data/Nhanes/Public/2007/DataFiles/HCQ_E.xpt,https://wwwn.cdc.gov/Nchs/Data/Nhanes/Public/2007/DataFiles/HCQ_E.htm,40.4,July 2010,True
2007-2008,Questionnaire,Hospital Utilization & Access to Care,HUQ_E,https://wwwn.cdc.gov/Nchs/Data/Nhanes/Public/2007/DataFiles/HUQ_E.xpt,https://wwwn.cdc.gov/Nchs/Data/Nhanes/Public/2007/DataFiles/HUQ_E.htm,795.0,September 2009,True
2007-2008,Questionnaire,Housing Characteristics,HOQ_E,https://wwwn.cdc.gov/Nchs/Data/Nhanes/Public/2007/DataFiles/HOQ_E.xpt,https://wwwn.cdc.gov/Nchs/Data/Nhanes/Public/2007/DataFiles/HOQ_E.htm,556.8,September 2009,True
2007-2008,Questionnaire,Immunization,IMQ_E,https://wwwn.cdc.gov/Nchs/Data/Nhanes/Public/2007/DataFiles/IMQ_E.xpt,https://wwwn.cdc.gov/Nchs/Data/Nhanes/Public/2007/DataFiles/IMQ_E.htm,397.9,September 2009,True
2007-2008,Questionnaire,Income,INQ_E,https://wwwn.cdc.gov/Nchs/Data/Nhanes/Public/2007/DataFiles/INQ_E.xpt,https://wwwn.cdc.gov/Nchs/Data/Nhanes/Public/2007/DataFiles/INQ_E.htm,1228.8,June 2010,True
2007-2008,Questionnaire,Kidney Conditions - Urology,KIQ_U_E,https://wwwn.cdc.gov/Nchs/Data/Nhanes/Public/2007/DataFiles/KIQ_U_E.xpt,https://wwwn.cdc.gov/Nchs/Data/Nhanes/Public/2007/DataFiles/KIQ_U_E.htm,744.8,September 2009,True
2007-2008,Questionnaire,Medical Conditions,MCQ_E,https://wwwn.cdc.gov/Nchs/Data/Nhanes/Public/2007/DataFiles/MCQ_E.xpt,https://wwwn.cdc.gov/Nchs/Data/Nhanes/Public/2007/DataFiles/MCQ_E.htm,6963.2,September 2009,True
2007-2008,Questionnaire,Mental Health - Depression Screener,DPQ_E,https://wwwn.cdc.gov/Nchs/Data/Nhanes/Public/2007/DataFiles/DPQ_E.xpt,https://wwwn.cdc.gov/Nchs/Data/Nhanes/Public/2007/DataFiles/DPQ_E.htm,517.5,October 2009,True
2007-2008,Questionnaire,Occupation,OCQ_E,https://wwwn.cdc.gov/Nchs/Data/Nhanes/Public/2007/DataFiles/OCQ_E.xpt,https://wwwn.cdc.gov/Nchs/Data/Nhanes/Public/2007/DataFiles/OCQ_E.htm,1228.8,Updated August 2013,True
2007-2008,Questionnaire,Oral Health,OHQ_E,https://wwwn.cdc.gov/Nchs/Data/Nhanes/Public/2007/DataFiles/OHQ_E.xpt,https://wwwn.cdc.gov/Nchs/Data/Nhanes/Public/2007/DataFiles/OHQ_E.htm,439.9,September 2009,True
2007-2008,Questionnaire,Osteoporosis,OSQ_E,https://wwwn.cdc.gov/Nchs/Data/Nhanes/Public/2007/DataFiles/OSQ_E.xpt,https://wwwn.cdc.gov/Nchs/Data/Nhanes/Public/2007/DataFiles/OSQ_E.htm,4915.2,October 2009,True
2007-2008,Questionnaire,Pesticide Use,PUQMEC_E,https://wwwn.cdc.gov/Nchs/Data/Nhanes/Public/2007/DataFiles/PUQMEC_E.xpt,https://wwwn.cdc.gov/Nchs/Data/Nhanes/Public/2007/DataFiles/PUQMEC_E.htm,191.8,September 2009,True
2007-2008,Questionnaire,Physical Activity,PAQ_E,https://wwwn.cdc.gov/Nchs/Data/Nhanes/Public/2007/DataFiles/PAQ_E.xpt,https://wwwn.cdc.gov/Nchs/Data/Nhanes/Public/2007/DataFiles/PAQ_E.htm,1536.0,Updated March 2017,True
2007-2008,Questionnaire,Physical Functioning,PFQ_E,https://wwwn.cdc.gov/Nchs/Data/Nhanes/Public/2007/DataFiles/PFQ_E.xpt,https://wwwn.cdc.gov/Nchs/Data/Nhanes/Public/2007/DataFiles/PFQ_E.htm,4198.4,September 2009,True
2007-2008,Questionnaire,Prescription Medications,RXQ_RX_E,https://wwwn.cdc.gov/Nchs/Data/Nhanes/Public/2007/DataFiles/RXQ_RX_E.xpt,https://wwwn.cdc.gov/Nchs/Data/Nhanes/Public/2007/DataFiles/RXQ_RX_E.htm,3174.4,April 2010,True
2007-2008,Questionnaire,Prescription Medications - Drug Information,RXQ_DRUG,https://wwwn.cdc.gov/Nchs/Data/Nhanes/Public/1988/DataFiles/RXQ_DRUG.xpt,https://wwwn.cdc.gov/Nchs/Data/Nhanes/Public/1988/DataFiles/RXQ_DRUG.htm,3276.8,Updated September 2021,True
2007-2008,Questionnaire,Prostate Conditions,KIQ_P_E,https://wwwn.cdc.gov/Nchs/Data/Nhanes/Public/2007/DataFiles/KIQ_P_E.xpt,https://wwwn.cdc.gov/Nchs/Data/Nhanes/Public/2007/DataFiles/KIQ_P_E.htm,403.3,September 2009,True
2007-2008,Questionnaire,Reproductive Health,RHQ_E,https://wwwn.cdc.gov/Nchs/Data/Nhanes/Public/2007/DataFiles/RHQ_E.xpt,https://wwwn.cdc.gov/Nchs/Data/Nhanes/Public/2007/DataFiles/RHQ_E.htm,1638.4,Updated December 2017,True
2007-2008,Questionnaire,Respiratory Health,RDQ_E,https://wwwn.cdc.gov/Nchs/Data/Nhanes/Public/2007/DataFiles/RDQ_E.xpt,https://wwwn.cdc.gov/Nchs/Data/Nhanes/Public/2007/DataFiles/RDQ_E.htm,1126.4,January 2010,True
2007-2008,Questionnaire,Sexual Behavior,SXQ_E,https://wwwn.cdc.gov/Nchs/Data/Nhanes/Public/2007/DataFiles/SXQ_E.xpt,https://wwwn.cdc.gov/Nchs/Data/Nhanes/Public/2007/DataFiles/SXQ_E.htm,1024.0,September 2009,True
2007-2008,Questionnaire,Sleep Disorders,SLQ_E,https://wwwn.cdc.gov/Nchs/Data/Nhanes/Public/2007/DataFiles/SLQ_E.xpt,https://wwwn.cdc.gov/Nchs/Data/Nhanes/Public/2007/DataFiles/SLQ_E.htm,1433.6,October 2009,True
2007-2008,Questionnaire,Smoking - Cigarette Use,SMQ_E,https://wwwn.cdc.gov/Nchs/Data/Nhanes/Public/2007/DataFiles/SMQ_E.xpt,https://wwwn.cdc.gov/Nchs/Data/Nhanes/Public/2007/DataFiles/SMQ_E.htm,2355.2,Updated May 2015,True
2007-2008,Questionnaire,Smoking - Household Smokers,SMQFAM_E,https://wwwn.cdc.gov/Nchs/Data/Nhanes/Public/2007/DataFiles/SMQFAM_E.xpt,https://wwwn.cdc.gov/Nchs/Data/Nhanes/Public/2007/DataFiles/SMQFAM_E.htm,397.9,September 2009,True
2007-2008,Questionnaire,Smoking - Recent Tobacco Use,SMQRTU_E,https://wwwn.cdc.gov/Nchs/Data/Nhanes/Public/2007/DataFiles/SMQRTU_E.xpt,https://wwwn.cdc.gov/Nchs/Data/Nhanes/Public/2007/DataFiles/SMQRTU_E.htm,1331.2,September 2009,True
2007-2008,Questionnaire,Social Support,SSQ_E,https://wwwn.cdc.gov/Nchs/Data/Nhanes/Public/2007/DataFiles/SSQ_E.xpt,https://wwwn.cdc.gov/Nchs/Data/Nhanes/Public/2007/DataFiles/SSQ_E.htm,664.0,September 2009,True
2007-2008,Questionnaire,Vision,VIQ_E,https://wwwn.cdc.gov/Nchs/Data/Nhanes/Public/2007/DataFiles/VIQ_E.xpt,https://wwwn.cdc.gov/Nchs/Data/Nhanes/Public/2007/DataFiles/VIQ_E.htm,1012.0,September 2009,True
2007-2008,Questionnaire,Weight History,WHQ_E,https://wwwn.cdc.gov/Nchs/Data/Nhanes/Public/2007/DataFiles/WHQ_E.xpt,https://wwwn.cdc.gov/Nchs/Data/Nhanes/Public/2007/DataFiles/WHQ_E.htm,2969.6,September 2009,True
2007-2008,Questionnaire,Weight History - Youth,WHQMEC_E,https://wwwn.cdc.gov/Nchs/Data/Nhanes/Public/2007/DataFiles/WHQMEC_E.xpt,https://wwwn.cdc.gov/Nchs/Data/Nhanes/Public/2007/DataFiles/WHQMEC_E.htm,282.9,September 2009,True
2007-2008,LimitedAccess,Alcohol Use - Youth,,,https://wwwn.cdc.gov/Nchs/Data/Nhanes/Public/2007/DataFiles/ALQYTH_E.htm,,September 2009,False
2007-2008,LimitedAccess,California - Demographic Variables & Sample Weights,,,https://wwwn.cdc.gov/Nchs/Data/Nhanes/Public/2007/DataFiles/CDEMO_EH.htm,,October 2015,False
2007-2008,LimitedAccess,Chlamydia & Gonorrhea - Urine - Youth,,,https://wwwn.cdc.gov/Nchs/Data/Nhanes/Public/2007/DataFiles/CHLM_E_R.htm,,Updated February 2019,False
2007-2008,LimitedAccess,Dermatology,,,https://wwwn.cdc.gov/Nchs/Data/Nhanes/Public/2007/DataFiles/DEQ_E_R.htm,,Updated August 2017,False
2007-2008,LimitedAccess,Drug Use - Youth,,,https://wwwn.cdc.gov/Nchs/Data/Nhanes/Public/2007/DataFiles/DUQYTH_E.htm,,January 2010,False
2007-2008,LimitedAccess,Food Security - Pregnant Women,,,https://wwwn.cdc.gov/Nchs/Data/Nhanes/Public/2007/DataFiles/FSQ_E_R.htm,,July 2010,False
2007-2008,LimitedAccess,"Geocoded Data, NHANES 1999-2016, Census 2000",,,https://wwwn.cdc.gov/Nchs/Data/Nhanes/Public/1999/DataFiles/GEO_2000.htm,,March 2018,False
2007-2008,LimitedAccess,"Geocoded Data, NHANES 1999-2018, Census 2010",,,https://wwwn.cdc.gov/Nchs/Data/Nhanes/Public/1999/DataFiles/GEO_2010.htm,,Updated July 2021,False
2007-2008,LimitedAccess,"Geocoded Data, NHANES 1999-March 2020, Census 2020",,,https://wwwn.cdc.gov/Nchs/Data/Nhanes/Public/1999/DataFiles/GEO_2020.htm,,October 2023,False
2007-2008,LimitedAccess,Hemagglutination inhibition antibody titers to influenza A/ H1N1 viruses (Surplus),,,https://wwwn.cdc.gov/Nchs/Data/Nhanes/Public/2007/DataFiles/SSH1N1_E.htm,,Updated July 2012,False
2007-2008,LimitedAccess,Herpes Simplex Virus Type-2 - Youth,,,https://wwwn.cdc.gov/Nchs/Data/Nhanes/Public/2007/DataFiles/HSV_E_R.htm,,Updated November 2010,False
2007-2008,LimitedAccess,"Human Papillomavirus (HPV) - 6, 11, 16 & 18 Antibody - Serum - Youth",,,https://wwwn.cdc.gov/Nchs/Data/Nhanes/Public/2007/DataFiles/SER_E_R.htm,,November 2013,False
2007-2008,LimitedAccess,Human Papillomavirus (HPV) DNA - Vaginal Swab: Digene Hybrid Capture & Roche Linear Array - Youth,,,https://wwwn.cdc.gov/Nchs/Data/Nhanes/Public/2007/DataFiles/SWR_E_R.htm,,Updated August 2012,False
2007-2008,LimitedAccess,"Los Angeles County, California - Demographic Variables & Sample Weights",,,https://wwwn.cdc.gov/Nchs/Data/Nhanes/Public/2007/DataFiles/LDEMO_EH.htm,,October 2015,False
2007-2008,LimitedAccess,Mental Health - Depression Screener - Youth,,,https://wwwn.cdc.gov/Nchs/Data/Nhanes/Public/2007/DataFiles/DPQYTH_E.htm,,October 2009,False
2007-2008,LimitedAccess,Occupation - Industry & Occupation Codes,,,https://wwwn.cdc.gov/Nchs/Data/Nhanes/Public/2007/DataFiles/OCQ_E_R.htm,,January 2012,False
2007-2008,LimitedAccess,Reproductive Health - Pregnant Women,,,https://wwwn.cdc.gov/Nchs/Data/Nhanes/Public/2007/DataFiles/RHQ_E_R.htm,,May 2010,False
2007-2008,LimitedAccess,Sexual Behavior - Youth,,,https://wwwn.cdc.gov/Nchs/Data/Nhanes/Public/2007/DataFiles/SXQYTH_E.htm,,September 2009,False
2009-2010,Demographics,Demographic Variables & Sample Weights,DEMO_F,https://wwwn.cdc.gov/Nchs/Data/Nhanes/Public/2009/DataFiles/DEMO_F.xpt,https://wwwn.cdc.gov/Nchs/Data/Nhanes/Public/2009/DataFiles/DEMO_F.htm,3584.0,September 2011,True
2009-2010,Dietary,"Dietary Interview - Individual Foods, First Day",DR1IFF_F,https://wwwn.cdc.gov/Nchs/Data/Nhanes/Public/2009/DataFiles/DR1IFF_F.xpt,https://wwwn.cdc.gov/Nchs/Data/Nhanes/Public/2009/DataFiles/DR1IFF_F.htm,100249.6,Updated May 2013,True
2009-2010,Dietary,"Dietary Interview - Individual Foods, Second Day",DR2IFF_F,https://wwwn.cdc.gov/Nchs/Data/Nhanes/Public/2009/DataFiles/DR2IFF_F.xpt,https://wwwn.cdc.gov/Nchs/Data/Nhanes/Public/2009/DataFiles/DR2IFF_F.htm,85811.2,Updated May 2013,True
2009-2010,Dietary,"Dietary Interview - Total Nutrient Intakes, First Day",DR1TOT_F,https://wwwn.cdc.gov/Nchs/Data/Nhanes/Public/2009/DataFiles/DR1TOT_F.xpt,https://wwwn.cdc.gov/Nchs/Data/Nhanes/Public/2009/DataFiles/DR1TOT_F.htm,13312.0,Updated May 2013,True
2009-2010,Dietary,"Dietary Interview - Total Nutrient Intakes, Second Day",DR2TOT_F,https://wwwn.cdc.gov/Nchs/Data/Nhanes/Public/2009/DataFiles/DR2TOT_F.xpt,https://wwwn.cdc.gov/Nchs/Data/Nhanes/Public/2009/DataFiles/DR2TOT_F.htm,6656.0,Updated May 2013,True
2009-2010,Dietary,Dietary Interview Technical Support File - Food Codes,DRXFCD_F,https://wwwn.cdc.gov/Nchs/Data/Nhanes/Public/2009/DataFiles/DRXFCD_F.xpt,https://wwwn.cdc.gov/Nchs/Data/Nhanes/Public/2009/DataFiles/DRXFCD_F.htm,1945.6,June 2012,True
2009-2010,Dietary,Dietary Interview Technical Support File - Modification Codes,DRXMCD_F,https://wwwn.cdc.gov/Nchs/Data/Nhanes/Public/2009/DataFiles/DRXMCD_F.xpt,https://wwwn.cdc.gov/Nchs/Data/Nhanes/Public/2009/DataFiles/DRXMCD_F.htm,352.4,June 2012,True
2009-2010,Dietary,Dietary Screener Questionnaire,DTQ_F,https://wwwn.cdc.gov/Nchs/Data/Nhanes/Public/2009/DataFiles/DTQ_F.xpt,https://wwwn.cdc.gov/Nchs/Data/Nhanes/Public/2009/DataFiles/DTQ_F.htm,6963.2,December 2012,True
2009-2010,Dietary,Dietary Supplement Database - Blend Information,DSBI,https://wwwn.cdc.gov/Nchs/Data/Nhanes/Public/1999/DataFiles/DSBI.xpt,https://wwwn.cdc.gov/Nchs/Data/Nhanes/Public/1999/DataFiles/DSBI.htm,10240.0,February 2025,True
2009-2010,Dietary,Dietary Supplement Database - Ingredient Information,DSII,https://wwwn.cdc.gov/Nchs/Data/Nhanes/Public/1999/DataFiles/DSII.xpt,https://wwwn.cdc.gov/Nchs/Data/Nhanes/Public/1999/DataFiles/DSII.htm,84377.6,February 2025,True
2009-2010,Dietary,Dietary Supplement Database - Product Information,DSPI,https://wwwn.cdc.gov/Nchs/Data/Nhanes/Public/1999/DataFiles/DSPI.xpt,https://wwwn.cdc.gov/Nchs/Data/Nhanes/Public/1999/DataFiles/DSPI.htm,6656.0,February 2025,True
2009-2010,Dietary,"Dietary Supplement Use 24-Hour - Individual Dietary Supplements, First Day",DS1IDS_F,https://wwwn.cdc.gov/Nchs/Data/Nhanes/Public/2009/DataFiles/DS1IDS_F.xpt,https://wwwn.cdc.gov/Nchs/Data/Nhanes/Public/2009/DataFiles/DS1IDS_F.htm,3379.2,June 2012,True
2009-2010,Dietary,"Dietary Supplement Use 24-Hour - Individual Dietary Supplements, Second Day",DS2IDS_F,https://wwwn.cdc.gov/Nchs/Data/Nhanes/Public/2009/DataFiles/DS2IDS_F.xpt,https://wwwn.cdc.gov/Nchs/Data/Nhanes/Public/2009/DataFiles/DS2IDS_F.htm,3379.2,June 2012,True
2009-2010,Dietary,"Dietary Supplement Use 24-Hour - Total Dietary Supplements, First Day",DS1TOT_F,https://wwwn.cdc.gov/Nchs/Data/Nhanes/Public/2009/DataFiles/DS1TOT_F.xpt,https://wwwn.cdc.gov/Nchs/Data/Nhanes/Public/2009/DataFiles/DS1TOT_F.htm,3891.2,June 2012,True
2009-2010,Dietary,"Dietary Supplement Use 24-Hour - Total Dietary Supplements, Second Day",DS2TOT_F,https://wwwn.cdc.gov/Nchs/Data/Nhanes/Public/2009/DataFiles/DS2TOT_F.xpt,https://wwwn.cdc.gov/Nchs/Data/Nhanes/Public/2009/DataFiles/DS2TOT_F.htm,3891.2,June 2012,True
2009-2010,Dietary,Dietary Supplement Use 30 Day - Individual Dietary Supplements,DSQIDS_F,https://wwwn.cdc.gov/Nchs/Data/Nhanes/Public/2009/DataFiles/DSQIDS_F.xpt,https://wwwn.cdc.gov/Nchs/Data/Nhanes/Public/2009/DataFiles/DSQIDS_F.htm,7065.6,June 2012,True
2009-2010,Dietary,Dietary Supplement Use 30-Day - Total Dietary Supplements,DSQTOT_F,https://wwwn.cdc.gov/Nchs/Data/Nhanes/Public/2009/DataFiles/DSQTOT_F.xpt,https://wwwn.cdc.gov/Nchs/Data/Nhanes/Public/2009/DataFiles/DSQTOT_F.htm,3174.4,June 2012,True
2009-2010,Examination,Arthritis Body Measures,ARX_F,https://wwwn.cdc.gov/Nchs/Data/Nhanes/Public/2009/DataFiles/ARX_F.xpt,https://wwwn.cdc.gov/Nchs/Data/Nhanes/Public/2009/DataFiles/ARX_F.htm,510.5,September 2011,True
2009-2010,Examination,Audiometry,AUX_F,https://wwwn.cdc.gov/Nchs/Data/Nhanes/Public/2009/DataFiles/AUX_F.xpt,https://wwwn.cdc.gov/Nchs/Data/Nhanes/Public/2009/DataFiles/AUX_F.htm,1331.2,June 2012,True
2009-2010,Examination,Audiometry - Acoustic Reflex,AUXAR_F,https://wwwn.cdc.gov/Nchs/Data/Nhanes/Public/2009/DataFiles/AUXAR_F.xpt,https://wwwn.cdc.gov/Nchs/Data/Nhanes/Public/2009/DataFiles/AUXAR_F.htm,6246.4,Updated August 2012,True
2009-2010,Examination,Audiometry - Tympanometry,AUXTYM_F,https://wwwn.cdc.gov/Nchs/Data/Nhanes/Public/2009/DataFiles/AUXTYM_F.xpt,https://wwwn.cdc.gov/Nchs/Data/Nhanes/Public/2009/DataFiles/AUXTYM_F.htm,3174.4,June 2012,True
2009-2010,Examination,Blood Pressure,BPX_F,https://wwwn.cdc.gov/Nchs/Data/Nhanes/Public/2009/DataFiles/BPX_F.xpt,https://wwwn.cdc.gov/Nchs/Data/Nhanes/Public/2009/DataFiles/BPX_F.htm,2150.4,September 2011,True
2009-2010,Examination,Body Measures,BMX_F,https://wwwn.cdc.gov/Nchs/Data/Nhanes/Public/2009/DataFiles/BMX_F.xpt,https://wwwn.cdc.gov/Nchs/Data/Nhanes/Public/2009/DataFiles/BMX_F.htm,1843.2,September 2011,True
2009-2010,Examination,Dual Energy X-ray Absorptiometry - Femur,DXXFEM_F,https://wwwn.cdc.gov/Nchs/Data/Nhanes/Public/2009/DataFiles/DXXFEM_F.xpt,https://wwwn.cdc.gov/Nchs/Data/Nhanes/Public/2009/DataFiles/DXXFEM_F.htm,1331.2,November 2012,True
2009-2010,Examination,Dual Energy X-ray Absorptiometry - Spine,DXXSPN_F,https://wwwn.cdc.gov/Nchs/Data/Nhanes/Public/2009/DataFiles/DXXSPN_F.xpt,https://wwwn.cdc.gov/Nchs/Data/Nhanes/Public/2009/DataFiles/DXXSPN_F.htm,1536.0,November 2012,True
2009-2010,Examination,Exhaled Nitric Oxide,ENX_F,https://wwwn.cdc.gov/Nchs/Data/Nhanes/Public/2009/DataFiles/ENX_F.xpt,https://wwwn.cdc.gov/Nchs/Data/Nhanes/Public/2009/DataFiles/ENX_F.htm,1433.6,September 2011,True
2009-2010,Examination,Fluorosis - Clinical,FLXCLN_F,https://wwwn.cdc.gov/Nchs/Data/Nhanes/Public/2009/DataFiles/FLXCLN_F.xpt,https://wwwn.cdc.gov/Nchs/Data/Nhanes/Public/2009/DataFiles/FLXCLN_F.htm,140.2,March 2020,True
2009-2010,Examination,Oral Health - Dentition,OHXDEN_F,https://wwwn.cdc.gov/Nchs/Data/Nhanes/Public/2009/DataFiles/OHXDEN_F.xpt,https://wwwn.cdc.gov/Nchs/Data/Nhanes/Public/2009/DataFiles/OHXDEN_F.htm,2457.6,April 2012,True
2009-2010,Examination,Oral Health - Periodontal,OHXPER_F,https://wwwn.cdc.gov/Nchs/Data/Nhanes/Public/2009/DataFiles/OHXPER_F.xpt,https://wwwn.cdc.gov/Nchs/Data/Nhanes/Public/2009/DataFiles/OHXPER_F.htm,20070.4,Updated April 2014,True
2009-2010,Examination,Oral Health - Recommendation of Care,OHXREF_F,https://wwwn.cdc.gov/Nchs/Data/Nhanes/Public/2009/DataFiles/OHXREF_F.xpt,https://wwwn.cdc.gov/Nchs/Data/Nhanes/Public/2009/DataFiles/OHXREF_F.htm,770.1,April 2012,True
2009-2010,Examination,Spirometry - Pre and Post-Bronchodilator,SPX_F,https://wwwn.cdc.gov/Nchs/Data/Nhanes/Public/2009/DataFiles/SPX_F.xpt,https://wwwn.cdc.gov/Nchs/Data/Nhanes/Public/2009/DataFiles/SPX_F.htm,2969.6,December 2011,True
2009-2010,Examination,Spirometry - Raw Curve Data,SPXRAW_F,https://wwwn.cdc.gov/Nchs/Data/Nhanes/Public/2009/DataFiles/SPXRAW_F.zip,https://wwwn.cdc.gov/Nchs/Data/Nhanes/Public/2009/DataFiles/SPXRAW_F.htm,12697.6,December 2011,True
2009-2010,Laboratory,Albumin & Creatinine - Urine,ALB_CR_F,https://wwwn.cdc.gov/Nchs/Data/Nhanes/Public/2009/DataFiles/ALB_CR_F.xpt,https://wwwn.cdc.gov/Nchs/Data/Nhanes/Public/2009/DataFiles/ALB_CR_F.htm,740.6,February 2012,True
2009-2010,Laboratory,Apolipoprotein B,APOB_F,https://wwwn.cdc.gov/Nchs/Data/Nhanes/Public/2009/DataFiles/APOB_F.xpt,https://wwwn.cdc.gov/Nchs/Data/Nhanes/Public/2009/DataFiles/APOB_F.htm,113.2,June 2012,True
2009-2010,Laboratory,Arsenics - Total & Speciated - Urine,UAS_F,https://wwwn.cdc.gov/Nchs/Data/Nhanes/Public/2009/DataFiles/UAS_F.xpt,https://wwwn.cdc.gov/Nchs/Data/Nhanes/Public/2009/DataFiles/UAS_F.htm,439.9,September 2011,True
2009-2010,Laboratory,Brominated Flame Retardants (BFRs) - Pooled Samples,BFRPOL_F,https://wwwn.cdc.gov/Nchs/Data/Nhanes/Public/2009/DataFiles/BFRPOL_F.xpt,https://wwwn.cdc.gov/Nchs/Data/Nhanes/Public/2009/DataFiles/BFRPOL_F.htm,105.3,Updated November 2020,True
2009-2010,Laboratory,"Cadmium, Lead, & Total Mercury - Blood",PBCD_F,https://wwwn.cdc.gov/Nchs/Data/Nhanes/Public/2009/DataFiles/PBCD_F.xpt,https://wwwn.cdc.gov/Nchs/Data/Nhanes/Public/2009/DataFiles/PBCD_F.htm,770.5,Updated June 2013,True
2009-2010,Laboratory,Caffeine & Caffeine Metabolites - Urine,CAFE_F,https://wwwn.cdc.gov/Nchs/Data/Nhanes/Public/2009/DataFiles/CAFE_F.xpt,https://wwwn.cdc.gov/Nchs/Data/Nhanes/Public/2009/DataFiles/CAFE_F.htm,735.2,March 2014,True
2009-2010,Laboratory,Chlamydia - Urine,CHLMDA_F,https://wwwn.cdc.gov/Nchs/Data/Nhanes/Public/2009/DataFiles/CHLMDA_F.xpt,https://wwwn.cdc.gov/Nchs/Data/Nhanes/Public/2009/DataFiles/CHLMDA_F.htm,37.5,September 2011,True
2009-2010,Laboratory,Cholesterol - HDL,HDL_F,https://wwwn.cdc.gov/Nchs/Data/Nhanes/Public/2009/DataFiles/HDL_F.xpt,https://wwwn.cdc.gov/Nchs/Data/Nhanes/Public/2009/DataFiles/HDL_F.htm,202.6,September 2011,True
2009-2010,Laboratory,Cholesterol - LDL & Triglycerides,TRIGLY_F,https://wwwn.cdc.gov/Nchs/Data/Nhanes/Public/2009/DataFiles/TRIGLY_F.xpt,https://wwwn.cdc.gov/Nchs/Data/Nhanes/Public/2009/DataFiles/TRIGLY_F.htm,169.5,December 2011,True
2009-2010,Laboratory,Cholesterol - Total,TCHOL_F,https://wwwn.cdc.gov/Nchs/Data/Nhanes/Public/2009/DataFiles/TCHOL_F.xpt,https://wwwn.cdc.gov/Nchs/Data/Nhanes/Public/2009/DataFiles/TCHOL_F.htm,202.6,September 2011,True
2009-2010,Laboratory,Complete Blood Count with 5-part Differential - Whole Blood,CBC_F,https://wwwn.cdc.gov/Nchs/Data/Nhanes/Public/2009/DataFiles/CBC_F.xpt,https://wwwn.cdc.gov/Nchs/Data/Nhanes/Public/2009/DataFiles/CBC_F.htm,1638.4,Updated January 2012,True
2009-2010,Laboratory,Cotinine - Serum & Total NNAL - Urine,COTNAL_F,https://wwwn.cdc.gov/Nchs/Data/Nhanes/Public/2009/DataFiles/COTNAL_F.xpt,https://wwwn.cdc.gov/Nchs/Data/Nhanes/Public/2009/DataFiles/COTNAL_F.htm,433.4,Updated July 2014,True
2009-2010,Laboratory,C-Reactive Protein (CRP),CRP_F,https://wwwn.cdc.gov/Nchs/Data/Nhanes/Public/2009/DataFiles/CRP_F.xpt,https://wwwn.cdc.gov/Nchs/Data/Nhanes/Public/2009/DataFiles/CRP_F.htm,145.0,September 2011,True
2009-2010,Laboratory,DEET and Metabolites,DEET_F,https://wwwn.cdc.gov/Nchs/Data/Nhanes/Public/2009/DataFiles/DEET_F.xpt,https://wwwn.cdc.gov/Nchs/Data/Nhanes/Public/2009/DataFiles/DEET_F.htm,201.0,January 2016,True
2009-2010,Laboratory,Environmental Phenols,EPH_F,https://wwwn.cdc.gov/Nchs/Data/Nhanes/Public/2009/DataFiles/EPH_F.xpt,https://wwwn.cdc.gov/Nchs/Data/Nhanes/Public/2009/DataFiles/EPH_F.htm,421.9,October 2011,True
2009-2010,Laboratory,Epstein-Barr Virus (VCA IgG) - Serum (Surplus),SSEBV_F,https://wwwn.cdc.gov/Nchs/Data/Nhanes/Public/2009/DataFiles/SSEBV_F.xpt,https://wwwn.cdc.gov/Nchs/Data/Nhanes/Public/2009/DataFiles/SSEBV_F.htm,60.1,Updated April 2022,True
2009-2010,Laboratory,Fasting Questionnaire,FASTQX_F,https://wwwn.cdc.gov/Nchs/Data/Nhanes/Public/2009/DataFiles/FASTQX_F.xpt,https://wwwn.cdc.gov/Nchs/Data/Nhanes/Public/2009/DataFiles/FASTQX_F.htm,1433.6,September 2011,True
2009-2010,Laboratory,Ferritin,FERTIN_F,https://wwwn.cdc.gov/Nchs/Data/Nhanes/Public/2009/DataFiles/FERTIN_F.xpt,https://wwwn.cdc.gov/Nchs/Data/Nhanes/Public/2009/DataFiles/FERTIN_F.htm,83.8,February 2012,True
2009-2010,Laboratory,Folate - RBC & Serum,FOLATE_F,https://wwwn.cdc.gov/Nchs/Data/Nhanes/Public/2009/DataFiles/FOLATE_F.xpt,https://wwwn.cdc.gov/Nchs/Data/Nhanes/Public/2009/DataFiles/FOLATE_F.htm,385.6,September 2011,True
2009-2010,Laboratory,Glycohemoglobin,GHB_F,https://wwwn.cdc.gov/Nchs/Data/Nhanes/Public/2009/DataFiles/GHB_F.xpt,https://wwwn.cdc.gov/Nchs/Data/Nhanes/Public/2009/DataFiles/GHB_F.htm,116.2,Updated March 2012,True
2009-2010,Laboratory,Hepatitis A Antibody,HEPA_F,https://wwwn.cdc.gov/Nchs/Data/Nhanes/Public/2009/DataFiles/HEPA_F.xpt,https://wwwn.cdc.gov/Nchs/Data/Nhanes/Public/2009/DataFiles/HEPA_F.htm,149.8,Updated January 2013,True
2009-2010,Laboratory,Hepatitis B Surface Antibody,HEPB_S_F,https://wwwn.cdc.gov/Nchs/Data/Nhanes/Public/2009/DataFiles/HEPB_S_F.xpt,https://wwwn.cdc.gov/Nchs/Data/Nhanes/Public/2009/DataFiles/HEPB_S_F.htm,149.8,September 2011,True
2009-2010,Laboratory,"Hepatitis B: Core antibody, Surface antigen, and Hepatitis D: antibody",HEPBD_F,https://wwwn.cdc.gov/Nchs/Data/Nhanes/Public/2009/DataFiles/HEPBD_F.xpt,https://wwwn.cdc.gov/Nchs/Data/Nhanes/Public/2009/DataFiles/HEPBD_F.htm,337.0,Updated January 2026,True
2009-2010,Laboratory,Hepatitis C Antibody Reflex Testing - Serum (Surplus),SSHCV_E,https://wwwn.cdc.gov/Nchs/Data/Nhanes/Public/2007/DataFiles/SSHCV_E.xpt,https://wwwn.cdc.gov/Nchs/Data/Nhanes/Public/2007/DataFiles/SSHCV_E.htm,31.8,Updated April 2022,True
2009-2010,Laboratory,"Hepatitis C: Confirmed Antibody, RNA (HCV-RNA), & Genotype",HEPC_F,https://wwwn.cdc.gov/Nchs/Data/Nhanes/Public/2009/DataFiles/HEPC_F.xpt,https://wwwn.cdc.gov/Nchs/Data/Nhanes/Public/2009/DataFiles/HEPC_F.htm,269.8,Updated February 2015,True
2009-2010,Laboratory,Hepatitis E : IgG & IgM Antibodies,HEPE_F,https://wwwn.cdc.gov/Nchs/Data/Nhanes/Public/2009/DataFiles/HEPE_F.xpt,https://wwwn.cdc.gov/Nchs/Data/Nhanes/Public/2009/DataFiles/HEPE_F.htm,202.6,January 2012,True
2009-2010,Laboratory,Herpes Simplex Virus Type-1 & Type-2,HSV_F,https://wwwn.cdc.gov/Nchs/Data/Nhanes/Public/2009/DataFiles/HSV_F.xpt,https://wwwn.cdc.gov/Nchs/Data/Nhanes/Public/2009/DataFiles/HSV_F.htm,97.4,October 2011,True
2009-2010,Laboratory,HIV Antibody Test,HIV_F,https://wwwn.cdc.gov/Nchs/Data/Nhanes/Public/2009/DataFiles/HIV_F.xpt,https://wwwn.cdc.gov/Nchs/Data/Nhanes/Public/2009/DataFiles/HIV_F.htm,69.1,September 2011,True
2009-2010,Laboratory,"Human Papillomavirus (HPV) - 6, 11, 16 & 18 Antibody - Serum",HPVSER_F,https://wwwn.cdc.gov/Nchs/Data/Nhanes/Public/2009/DataFiles/HPVSER_F.xpt,https://wwwn.cdc.gov/Nchs/Data/Nhanes/Public/2009/DataFiles/HPVSER_F.htm,171.6,November 2013,True
2009-2010,Laboratory,Human Papillomavirus (HPV) - Oral Rinse,ORHPV_F,https://wwwn.cdc.gov/Nchs/Data/Nhanes/Public/2009/DataFiles/ORHPV_F.xpt,https://wwwn.cdc.gov/Nchs/Data/Nhanes/Public/2009/DataFiles/ORHPV_F.htm,1740.8,October 2011,True
2009-2010,Laboratory,Human Papillomavirus (HPV) DNA - Vaginal Swab: Digene Hybrid Capture & Roche Linear Array,HPVSWR_F,https://wwwn.cdc.gov/Nchs/Data/Nhanes/Public/2009/DataFiles/HPVSWR_F.xpt,https://wwwn.cdc.gov/Nchs/Data/Nhanes/Public/2009/DataFiles/HPVSWR_F.htm,725.2,August 2012,True
2009-2010,Laboratory,Human Papillomavirus (HPV) Viral Load - Oral Rinse - Oral High-Risk HPV Infections (Surplus),SSHPV_F,https://wwwn.cdc.gov/Nchs/Data/Nhanes/Public/2009/DataFiles/SSHPV_F.xpt,https://wwwn.cdc.gov/Nchs/Data/Nhanes/Public/2009/DataFiles/SSHPV_F.htm,31.5,Updated April 2022,True
2009-2010,Laboratory,Iodine - Urine,UIO_F,https://wwwn.cdc.gov/Nchs/Data/Nhanes/Public/2009/DataFiles/UIO_F.xpt,https://wwwn.cdc.gov/Nchs/Data/Nhanes/Public/2009/DataFiles/UIO_F.htm,93.2,September 2011,True
2009-2010,Laboratory,Klotho - Serum (Surplus),SSKL_F,https://wwwn.cdc.gov/Nchs/Data/Nhanes/Public/2009/DataFiles/SSKL_F.xpt,https://wwwn.cdc.gov/Nchs/Data/Nhanes/Public/2009/DataFiles/SSKL_F.htm,46.3,April 2021,True
2009-2010,Laboratory,"Measles, Mumps, Rubella & Varicella",MMRV_F,https://wwwn.cdc.gov/Nchs/Data/Nhanes/Public/2009/DataFiles/MMRV_F.xpt,https://wwwn.cdc.gov/Nchs/Data/Nhanes/Public/2009/DataFiles/MMRV_F.htm,222.2,December 2011,True
2009-2010,Laboratory,Mercury: Inorganic - Blood,IHG_F,https://wwwn.cdc.gov/Nchs/Data/Nhanes/Public/2009/DataFiles/IHG_F.xpt,https://wwwn.cdc.gov/Nchs/Data/Nhanes/Public/2009/DataFiles/IHG_F.htm,308.6,June 2013,True
2009-2010,Laboratory,Mercury: Inorganic - Urine,UHG_F,https://wwwn.cdc.gov/Nchs/Data/Nhanes/Public/2009/DataFiles/UHG_F.xpt,https://wwwn.cdc.gov/Nchs/Data/Nhanes/Public/2009/DataFiles/UHG_F.htm,93.2,September 2011,True
2009-2010,Laboratory,Metals - Urine,UHM_F,https://wwwn.cdc.gov/Nchs/Data/Nhanes/Public/2009/DataFiles/UHM_F.xpt,https://wwwn.cdc.gov/Nchs/Data/Nhanes/Public/2009/DataFiles/UHM_F.htm,624.8,September 2011,True
2009-2010,Laboratory,Non-dioxin-like Polychlorinated Biphenyls & Mono-ortho-substituted Polychlorinated Biphenyls - Pooled Samples,PCBPOL_F,https://wwwn.cdc.gov/Nchs/Data/Nhanes/Public/2009/DataFiles/PCBPOL_F.xpt,https://wwwn.cdc.gov/Nchs/Data/Nhanes/Public/2009/DataFiles/PCBPOL_F.htm,194.8,Updated November 2020,True
2009-2010,Laboratory,Oral Glucose Tolerance Test,OGTT_F,https://wwwn.cdc.gov/Nchs/Data/Nhanes/Public/2009/DataFiles/OGTT_F.xpt,https://wwwn.cdc.gov/Nchs/Data/Nhanes/Public/2009/DataFiles/OGTT_F.htm,298.9,January 2012,True
2009-2010,Laboratory,Oral Microbiome Project,DEFAULT,https://wwwn.cdc.gov/Nchs/Nhanes/Omp/Default.aspx,https://wwwn.cdc.gov/Nchs/Nhanes/Omp/Default.aspx,,October 2022,True
2009-2010,Laboratory,Osmolality - Urine,UCOSMO_F,https://wwwn.cdc.gov/Nchs/Data/Nhanes/Public/2009/DataFiles/UCOSMO_F.xpt,https://wwwn.cdc.gov/Nchs/Data/Nhanes/Public/2009/DataFiles/UCOSMO_F.htm,135.3,September 2011,True
2009-2010,Laboratory,"Perchlorate, Nitrate & Thiocyanate - Urine",PERNT_F,https://wwwn.cdc.gov/Nchs/Data/Nhanes/Public/2009/DataFiles/PERNT_F.xpt,https://wwwn.cdc.gov/Nchs/Data/Nhanes/Public/2009/DataFiles/PERNT_F.htm,208.8,April 2014,True
2009-2010,Laboratory,Pesticides - Environmental - Urine,PP_F,https://wwwn.cdc.gov/Nchs/Data/Nhanes/Public/2009/DataFiles/PP_F.xpt,https://wwwn.cdc.gov/Nchs/Data/Nhanes/Public/2009/DataFiles/PP_F.htm,288.8,October 2011,True
2009-2010,Laboratory,Pesticides - Organochlorine Pesticides - Pooled Samples,PSTPOL_F,https://wwwn.cdc.gov/Nchs/Data/Nhanes/Public/2009/DataFiles/PSTPOL_F.xpt,https://wwwn.cdc.gov/Nchs/Data/Nhanes/Public/2009/DataFiles/PSTPOL_F.htm,75.4,Updated November 2020,True
2009-2010,Laboratory,Phthalates - Urine,PHTHTE_F,https://wwwn.cdc.gov/Nchs/Data/Nhanes/Public/2009/DataFiles/PHTHTE_F.xpt,https://wwwn.cdc.gov/Nchs/Data/Nhanes/Public/2009/DataFiles/PHTHTE_F.htm,732.0,September 2012,True
2009-2010,Laboratory,Phytoestrogens - Urine,PHYTO_F,https://wwwn.cdc.gov/Nchs/Data/Nhanes/Public/2009/DataFiles/PHYTO_F.xpt,https://wwwn.cdc.gov/Nchs/Data/Nhanes/Public/2009/DataFiles/PHYTO_F.htm,347.5,January 2013,True
2009-2010,Laboratory,Plasma Fasting Glucose & Insulin,GLU_F,https://wwwn.cdc.gov/Nchs/Data/Nhanes/Public/2009/DataFiles/GLU_F.xpt,https://wwwn.cdc.gov/Nchs/Data/Nhanes/Public/2009/DataFiles/GLU_F.htm,225.6,January 2012,True
2009-2010,Laboratory,"Poliovirus Serotypes 1, 2, & 3 Antibodies - Serum (Surplus)",SSPOLI_F,https://wwwn.cdc.gov/Nchs/Data/Nhanes/Public/2009/DataFiles/SSPOLI_F.xpt,https://wwwn.cdc.gov/Nchs/Data/Nhanes/Public/2009/DataFiles/SSPOLI_F.htm,167.6,Updated April 2022,True
2009-2010,Laboratory,Polyaromatic Hydrocarbons -Urine,PAH_F,https://wwwn.cdc.gov/Nchs/Data/Nhanes/Public/2009/DataFiles/PAH_F.xpt,https://wwwn.cdc.gov/Nchs/Data/Nhanes/Public/2009/DataFiles/PAH_F.htm,466.1,August 2015,True
2009-2010,Laboratory,"Polychlorinated dibenzo-p-dioxins (PCDDs), Dibenzofurans (PCDFs) & Coplanar Polychlorinated Biphenyls (cPCBs) - Pooled Samples",DOXPOL_F,https://wwwn.cdc.gov/Nchs/Data/Nhanes/Public/2009/DataFiles/DOXPOL_F.xpt,https://wwwn.cdc.gov/Nchs/Data/Nhanes/Public/2009/DataFiles/DOXPOL_F.htm,165.0,Updated November 2020,True
2009-2010,Laboratory,Polyfluoroalkyl Chemicals,PFC_F,https://wwwn.cdc.gov/Nchs/Data/Nhanes/Public/2009/DataFiles/PFC_F.xpt,https://wwwn.cdc.gov/Nchs/Data/Nhanes/Public/2009/DataFiles/PFC_F.htm,498.4,Updated October 2013,True
2009-2010,Laboratory,Pooled-Sample Technical Support File,POOLTF_F,https://wwwn.cdc.gov/Nchs/Data/Nhanes/Public/2009/DataFiles/POOLTF_F.xpt,https://wwwn.cdc.gov/Nchs/Data/Nhanes/Public/2009/DataFiles/POOLTF_F.htm,60.4,September 2017,True
2009-2010,Laboratory,Pregnancy Test - Urine,UCPREG_F,https://wwwn.cdc.gov/Nchs/Data/Nhanes/Public/2009/DataFiles/UCPREG_F.xpt,https://wwwn.cdc.gov/Nchs/Data/Nhanes/Public/2009/DataFiles/UCPREG_F.htm,22.6,Updated October 2014,True
2009-2010,Laboratory,Prostate Specific Antigen (PSA),PSA_F,https://wwwn.cdc.gov/Nchs/Data/Nhanes/Public/2009/DataFiles/PSA_F.xpt,https://wwwn.cdc.gov/Nchs/Data/Nhanes/Public/2009/DataFiles/PSA_F.htm,249.9,September 2011,True
2009-2010,Laboratory,"Pyrethroids, Herbicides, & OP Metabolites - Urine",UPHOPM_F,https://wwwn.cdc.gov/Nchs/Data/Nhanes/Public/2009/DataFiles/UPHOPM_F.xpt,https://wwwn.cdc.gov/Nchs/Data/Nhanes/Public/2009/DataFiles/UPHOPM_F.htm,512.7,July 2014,True
2009-2010,Laboratory,Standard Biochemistry Profile,BIOPRO_F,https://wwwn.cdc.gov/Nchs/Data/Nhanes/Public/2009/DataFiles/BIOPRO_F.xpt,https://wwwn.cdc.gov/Nchs/Data/Nhanes/Public/2009/DataFiles/BIOPRO_F.htm,2150.4,Updated May 2014,True
2009-2010,Laboratory,Thyroid Profile,THYROD_F,https://wwwn.cdc.gov/Nchs/Data/Nhanes/Public/2009/DataFiles/THYROD_F.xpt,https://wwwn.cdc.gov/Nchs/Data/Nhanes/Public/2009/DataFiles/THYROD_F.htm,280.9,Updated October 2015,True
2009-2010,Laboratory,Tissue Transglutaminase Assay (IgA-TTG) & IgA Endomyseal Antibody Assay (IgA EMA),TGEMA_F,https://wwwn.cdc.gov/Nchs/Data/Nhanes/Public/2009/DataFiles/TGEMA_F.xpt,https://wwwn.cdc.gov/Nchs/Data/Nhanes/Public/2009/DataFiles/TGEMA_F.htm,202.6,September 2011,True
2009-2010,Laboratory,Toxoplasma Gondii Antibody - Serum (Surplus),SSTOXO_F,https://wwwn.cdc.gov/Nchs/Data/Nhanes/Public/2009/DataFiles/SSTOXO_F.xpt,https://wwwn.cdc.gov/Nchs/Data/Nhanes/Public/2009/DataFiles/SSTOXO_F.htm,105.4,Updated April 2022,True
2009-2010,Laboratory,Trans Fatty Acids,TFA_F,https://wwwn.cdc.gov/Nchs/Data/Nhanes/Public/2009/DataFiles/TFA_F.xpt,https://wwwn.cdc.gov/Nchs/Data/Nhanes/Public/2009/DataFiles/TFA_F.htm,425.8,Updated March 2019,True
2009-2010,Laboratory,Transferrin Receptor,TFR_F,https://wwwn.cdc.gov/Nchs/Data/Nhanes/Public/2009/DataFiles/TFR_F.xpt,https://wwwn.cdc.gov/Nchs/Data/Nhanes/Public/2009/DataFiles/TFR_F.htm,56.1,February 2012,True
2009-2010,Laboratory,Urine Flow Rate,UCFLOW_F,https://wwwn.cdc.gov/Nchs/Data/Nhanes/Public/2009/DataFiles/UCFLOW_F.xpt,https://wwwn.cdc.gov/Nchs/Data/Nhanes/Public/2009/DataFiles/UCFLOW_F.htm,673.3,Updated April 2018,True
2009-2010,Laboratory,Vitamin B6,VIT_B6_F,https://wwwn.cdc.gov/Nchs/Data/Nhanes/Public/2009/DataFiles/VIT_B6_F.xpt,https://wwwn.cdc.gov/Nchs/Data/Nhanes/Public/2009/DataFiles/VIT_B6_F.htm,231.7,October 2015,True
2009-2010,Laboratory,Vitamin D,,,,693.5,October 2015,False
2009-2010,Laboratory,Volatile Organic Compounds (VOCs) - Blood,VOCWB_F,https://wwwn.cdc.gov/Nchs/Data/Nhanes/Public/2009/DataFiles/VOCWB_F.xpt,https://wwwn.cdc.gov/Nchs/Data/Nhanes/Public/2009/DataFiles/VOCWB_F.htm,2150.4,April 2017,True
2009-2010,Laboratory,Volatile Organic Compounds (VOCs) - Trihalomethanes/MTBE/Nitromethane - Blood,VOCMWB_F,https://wwwn.cdc.gov/Nchs/Data/Nhanes/Public/2009/DataFiles/VOCMWB_F.xpt,https://wwwn.cdc.gov/Nchs/Data/Nhanes/Public/2009/DataFiles/VOCMWB_F.htm,412.3,February 2018,True
2009-2010,Laboratory,Volatile Organic Compounds (VOCs) - Water,VOC_F,https://wwwn.cdc.gov/Nchs/Data/Nhanes/Public/2009/DataFiles/VOC_F.xpt,https://wwwn.cdc.gov/Nchs/Data/Nhanes/Public/2009/DataFiles/VOC_F.htm,353.4,August 2017,True
2009-2010,Questionnaire,Acculturation,ACQ_F,https://wwwn.cdc.gov/Nchs/Data/Nhanes/Public/2009/DataFiles/ACQ_F.xpt,https://wwwn.cdc.gov/Nchs/Data/Nhanes/Public/2009/DataFiles/ACQ_F.htm,296.6,August 2012,True
2009-2010,Questionnaire,Air Quality,AQQ_F,https://wwwn.cdc.gov/Nchs/Data/Nhanes/Public/2009/DataFiles/AQQ_F.xpt,https://wwwn.cdc.gov/Nchs/Data/Nhanes/Public/2009/DataFiles/AQQ_F.htm,756.2,September 2011,True
2009-2010,Questionnaire,Alcohol Use,ALQ_F,https://wwwn.cdc.gov/Nchs/Data/Nhanes/Public/2009/DataFiles/ALQ_F.xpt,https://wwwn.cdc.gov/Nchs/Data/Nhanes/Public/2009/DataFiles/ALQ_F.htm,428.0,January 2012,True
2009-2010,Questionnaire,Alcohol Use (Ages 18-19),ALQY_F,https://wwwn.cdc.gov/Nchs/Data/Nhanes/Public/2009/DataFiles/ALQY_F.xpt,https://wwwn.cdc.gov/Nchs/Data/Nhanes/Public/2009/DataFiles/ALQY_F.htm,13.2,January 2012,True
2009-2010,Questionnaire,Arthritis,ARQ_F,https://wwwn.cdc.gov/Nchs/Data/Nhanes/Public/2009/DataFiles/ARQ_F.xpt,https://wwwn.cdc.gov/Nchs/Data/Nhanes/Public/2009/DataFiles/ARQ_F.htm,5017.6,September 2011,True
2009-2010,Questionnaire,Audiometry,AUQ_F,https://wwwn.cdc.gov/Nchs/Data/Nhanes/Public/2009/DataFiles/AUQ_F.xpt,https://wwwn.cdc.gov/Nchs/Data/Nhanes/Public/2009/DataFiles/AUQ_F.htm,1331.2,September 2011,True
2009-2010,Questionnaire,Blood Pressure & Cholesterol,BPQ_F,https://wwwn.cdc.gov/Nchs/Data/Nhanes/Public/2009/DataFiles/BPQ_F.xpt,https://wwwn.cdc.gov/Nchs/Data/Nhanes/Public/2009/DataFiles/BPQ_F.htm,1126.4,September 2011,True
2009-2010,Questionnaire,Bowel Health,BHQ_F,https://wwwn.cdc.gov/Nchs/Data/Nhanes/Public/2009/DataFiles/BHQ_F.xpt,https://wwwn.cdc.gov/Nchs/Data/Nhanes/Public/2009/DataFiles/BHQ_F.htm,570.4,January 2012,True
2009-2010,Questionnaire,Cardiovascular Health,CDQ_F,https://wwwn.cdc.gov/Nchs/Data/Nhanes/Public/2009/DataFiles/CDQ_F.xpt,https://wwwn.cdc.gov/Nchs/Data/Nhanes/Public/2009/DataFiles/CDQ_F.htm,552.3,September 2011,True
2009-2010,Questionnaire,Consumer Behavior,CBQ_F,https://wwwn.cdc.gov/Nchs/Data/Nhanes/Public/2009/DataFiles/CBQ_F.xpt,https://wwwn.cdc.gov/Nchs/Data/Nhanes/Public/2009/DataFiles/CBQ_F.htm,1536.0,February 2013,True
2009-2010,Questionnaire,Consumer Behavior Phone Follow-up Module - Adult,CBQPFA_F,https://wwwn.cdc.gov/Nchs/Data/Nhanes/Public/2009/DataFiles/CBQPFA_F.xpt,https://wwwn.cdc.gov/Nchs/Data/Nhanes/Public/2009/DataFiles/CBQPFA_F.htm,4403.2,April 2013,True
2009-2010,Questionnaire,Consumer Behavior Phone Follow-up Module - Child,CBQPFC_F,https://wwwn.cdc.gov/Nchs/Data/Nhanes/Public/2009/DataFiles/CBQPFC_F.xpt,https://wwwn.cdc.gov/Nchs/Data/Nhanes/Public/2009/DataFiles/CBQPFC_F.htm,1945.6,April 2013,True
2009-2010,Questionnaire,Current Health Status,HSQ_F,https://wwwn.cdc.gov/Nchs/Data/Nhanes/Public/2009/DataFiles/HSQ_F.xpt,https://wwwn.cdc.gov/Nchs/Data/Nhanes/Public/2009/DataFiles/HSQ_F.htm,1126.4,August 2012,True
2009-2010,Questionnaire,Dermatology,DEQ_F,https://wwwn.cdc.gov/Nchs/Data/Nhanes/Public/2009/DataFiles/DEQ_F.xpt,https://wwwn.cdc.gov/Nchs/Data/Nhanes/Public/2009/DataFiles/DEQ_F.htm,293.4,Updated August 2017,True
2009-2010,Questionnaire,Diabetes,DIQ_F,https://wwwn.cdc.gov/Nchs/Data/Nhanes/Public/2009/DataFiles/DIQ_F.xpt,https://wwwn.cdc.gov/Nchs/Data/Nhanes/Public/2009/DataFiles/DIQ_F.htm,1536.0,September 2011,True
2009-2010,Questionnaire,Diet Behavior & Nutrition,DBQ_F,https://wwwn.cdc.gov/Nchs/Data/Nhanes/Public/2009/DataFiles/DBQ_F.xpt,https://wwwn.cdc.gov/Nchs/Data/Nhanes/Public/2009/DataFiles/DBQ_F.htm,4505.6,September 2012,True
2009-2010,Questionnaire,Drug Use,DUQ_F,https://wwwn.cdc.gov/Nchs/Data/Nhanes/Public/2009/DataFiles/DUQ_F.xpt,https://wwwn.cdc.gov/Nchs/Data/Nhanes/Public/2009/DataFiles/DUQ_F.htm,1740.8,March 2012,True
2009-2010,Questionnaire,Early Childhood,ECQ_F,https://wwwn.cdc.gov/Nchs/Data/Nhanes/Public/2009/DataFiles/ECQ_F.xpt,https://wwwn.cdc.gov/Nchs/Data/Nhanes/Public/2009/DataFiles/ECQ_F.htm,287.1,January 2012,True
2009-2010,Questionnaire,Food Security,FSQ_F,https://wwwn.cdc.gov/Nchs/Data/Nhanes/Public/2009/DataFiles/FSQ_F.xpt,https://wwwn.cdc.gov/Nchs/Data/Nhanes/Public/2009/DataFiles/FSQ_F.htm,3584.0,March 2013,True
2009-2010,Questionnaire,Health Insurance,HIQ_F,https://wwwn.cdc.gov/Nchs/Data/Nhanes/Public/2009/DataFiles/HIQ_F.xpt,https://wwwn.cdc.gov/Nchs/Data/Nhanes/Public/2009/DataFiles/HIQ_F.htm,1331.2,September 2011,True
2009-2010,Questionnaire,Hepatitis C Follow Up,HCQ_F,https://wwwn.cdc.gov/Nchs/Data/Nhanes/Public/2009/DataFiles/HCQ_F.xpt,https://wwwn.cdc.gov/Nchs/Data/Nhanes/Public/2009/DataFiles/HCQ_F.htm,37.7,April 2012,True
2009-2010,Questionnaire,Hospital Utilization & Access to Care,HUQ_F,https://wwwn.cdc.gov/Nchs/Data/Nhanes/Public/2009/DataFiles/HUQ_F.xpt,https://wwwn.cdc.gov/Nchs/Data/Nhanes/Public/2009/DataFiles/HUQ_F.htm,825.3,September 2011,True
2009-2010,Questionnaire,Housing Characteristics,HOQ_F,https://wwwn.cdc.gov/Nchs/Data/Nhanes/Public/2009/DataFiles/HOQ_F.xpt,https://wwwn.cdc.gov/Nchs/Data/Nhanes/Public/2009/DataFiles/HOQ_F.htm,578.0,September 2012,True
2009-2010,Questionnaire,Immunization,IMQ_F,https://wwwn.cdc.gov/Nchs/Data/Nhanes/Public/2009/DataFiles/IMQ_F.xpt,https://wwwn.cdc.gov/Nchs/Data/Nhanes/Public/2009/DataFiles/IMQ_F.htm,413.0,December 2011,True
2009-2010,Questionnaire,Income,INQ_F,https://wwwn.cdc.gov/Nchs/Data/Nhanes/Public/2009/DataFiles/INQ_F.xpt,https://wwwn.cdc.gov/Nchs/Data/Nhanes/Public/2009/DataFiles/INQ_F.htm,1228.8,March 2013,True
2009-2010,Questionnaire,Kidney Conditions - Urology,KIQ_U_F,https://wwwn.cdc.gov/Nchs/Data/Nhanes/Public/2009/DataFiles/KIQ_U_F.xpt,https://wwwn.cdc.gov/Nchs/Data/Nhanes/Public/2009/DataFiles/KIQ_U_F.htm,780.2,January 2012,True
2009-2010,Questionnaire,Medical Conditions,MCQ_F,https://wwwn.cdc.gov/Nchs/Data/Nhanes/Public/2009/DataFiles/MCQ_F.xpt,https://wwwn.cdc.gov/Nchs/Data/Nhanes/Public/2009/DataFiles/MCQ_F.htm,6451.2,September 2011,True
2009-2010,Questionnaire,Mental Health - Depression Screener,DPQ_F,https://wwwn.cdc.gov/Nchs/Data/Nhanes/Public/2009/DataFiles/DPQ_F.xpt,https://wwwn.cdc.gov/Nchs/Data/Nhanes/Public/2009/DataFiles/DPQ_F.htm,548.8,September 2011,True
2009-2010,Questionnaire,Occupation,OCQ_F,https://wwwn.cdc.gov/Nchs/Data/Nhanes/Public/2009/DataFiles/OCQ_F.xpt,https://wwwn.cdc.gov/Nchs/Data/Nhanes/Public/2009/DataFiles/OCQ_F.htm,1228.8,Updated August 2014,True
2009-2010,Questionnaire,Oral Health,OHQ_F,https://wwwn.cdc.gov/Nchs/Data/Nhanes/Public/2009/DataFiles/OHQ_F.xpt,https://wwwn.cdc.gov/Nchs/Data/Nhanes/Public/2009/DataFiles/OHQ_F.htm,366.0,April 2012,True
2009-2010,Questionnaire,Osteoporosis,OSQ_F,https://wwwn.cdc.gov/Nchs/Data/Nhanes/Public/2009/DataFiles/OSQ_F.xpt,https://wwwn.cdc.gov/Nchs/Data/Nhanes/Public/2009/DataFiles/OSQ_F.htm,4505.6,January 2012,True
2009-2010,Questionnaire,Pesticide Use,PUQMEC_F,https://wwwn.cdc.gov/Nchs/Data/Nhanes/Public/2009/DataFiles/PUQMEC_F.xpt,https://wwwn.cdc.gov/Nchs/Data/Nhanes/Public/2009/DataFiles/PUQMEC_F.htm,202.6,September 2011,True
2009-2010,Questionnaire,Physical Activity,PAQ_F,https://wwwn.cdc.gov/Nchs/Data/Nhanes/Public/2009/DataFiles/PAQ_F.xpt,https://wwwn.cdc.gov/Nchs/Data/Nhanes/Public/2009/DataFiles/PAQ_F.htm,1638.4,September 2011,True
2009-2010,Questionnaire,Physical Functioning,PFQ_F,https://wwwn.cdc.gov/Nchs/Data/Nhanes/Public/2009/DataFiles/PFQ_F.xpt,https://wwwn.cdc.gov/Nchs/Data/Nhanes/Public/2009/DataFiles/PFQ_F.htm,2457.6,September 2011,True
2009-2010,Questionnaire,Prescription Medications,RXQ_RX_F,https://wwwn.cdc.gov/Nchs/Data/Nhanes/Public/2009/DataFiles/RXQ_RX_F.xpt,https://wwwn.cdc.gov/Nchs/Data/Nhanes/Public/2009/DataFiles/RXQ_RX_F.htm,3276.8,May 2012,True
2009-2010,Questionnaire,Prescription Medications - Drug Information,RXQ_DRUG,https://wwwn.cdc.gov/Nchs/Data/Nhanes/Public/1988/DataFiles/RXQ_DRUG.xpt,https://wwwn.cdc.gov/Nchs/Data/Nhanes/Public/1988/DataFiles/RXQ_DRUG.htm,3276.8,Updated September 2021,True
2009-2010,Questionnaire,Reproductive Health,RHQ_F,https://wwwn.cdc.gov/Nchs/Data/Nhanes/Public/2009/DataFiles/RHQ_F.xpt,https://wwwn.cdc.gov/Nchs/Data/Nhanes/Public/2009/DataFiles/RHQ_F.htm,1740.8,Updated December 2017,True
2009-2010,Questionnaire,Respiratory Health,RDQ_F,https://wwwn.cdc.gov/Nchs/Data/Nhanes/Public/2009/DataFiles/RDQ_F.xpt,https://wwwn.cdc.gov/Nchs/Data/Nhanes/Public/2009/DataFiles/RDQ_F.htm,1228.8,September 2011,True
2009-2010,Questionnaire,Sexual Behavior,SXQ_F,https://wwwn.cdc.gov/Nchs/Data/Nhanes/Public/2009/DataFiles/SXQ_F.xpt,https://wwwn.cdc.gov/Nchs/Data/Nhanes/Public/2009/DataFiles/SXQ_F.htm,2048.0,November 2011,True
2009-2010,Questionnaire,Sleep Disorders,SLQ_F,https://wwwn.cdc.gov/Nchs/Data/Nhanes/Public/2009/DataFiles/SLQ_F.xpt,https://wwwn.cdc.gov/Nchs/Data/Nhanes/Public/2009/DataFiles/SLQ_F.htm,216.6,January 2012,True
2009-2010,Questionnaire,Smoking - Cigarette Use,SMQ_F,https://wwwn.cdc.gov/Nchs/Data/Nhanes/Public/2009/DataFiles/SMQ_F.xpt,https://wwwn.cdc.gov/Nchs/Data/Nhanes/Public/2009/DataFiles/SMQ_F.htm,2560.0,Updated May 2015,True
2009-2010,Questionnaire,Smoking - Household Smokers,SMQFAM_F,https://wwwn.cdc.gov/Nchs/Data/Nhanes/Public/2009/DataFiles/SMQFAM_F.xpt,https://wwwn.cdc.gov/Nchs/Data/Nhanes/Public/2009/DataFiles/SMQFAM_F.htm,413.0,September 2011,True
2009-2010,Questionnaire,Smoking - Recent Tobacco Use,SMQRTU_F,https://wwwn.cdc.gov/Nchs/Data/Nhanes/Public/2009/DataFiles/SMQRTU_F.xpt,https://wwwn.cdc.gov/Nchs/Data/Nhanes/Public/2009/DataFiles/SMQRTU_F.htm,1433.6,September 2011,True
2009-2010,Questionnaire,Volatile Toxicant,VTQ_F,https://wwwn.cdc.gov/Nchs/Data/Nhanes/Public/2009/DataFiles/VTQ_F.xpt,https://wwwn.cdc.gov/Nchs/Data/Nhanes/Public/2009/DataFiles/VTQ_F.htm,647.4,April 2017,True
2009-2010,Questionnaire,Weight History,WHQ_F,https://wwwn.cdc.gov/Nchs/Data/Nhanes/Public/2009/DataFiles/WHQ_F.xpt,https://wwwn.cdc.gov/Nchs/Data/Nhanes/Public/2009/DataFiles/WHQ_F.htm,3379.2,October 2012,True
2009-2010,Questionnaire,Weight History - Youth,WHQMEC_F,https://wwwn.cdc.gov/Nchs/Data/Nhanes/Public/2009/DataFiles/WHQMEC_F.xpt,https://wwwn.cdc.gov/Nchs/Data/Nhanes/Public/2009/DataFiles/WHQMEC_F.htm,290.9,January 2012,True
2009-2010,LimitedAccess,Alcohol Use - Youth,,,https://wwwn.cdc.gov/Nchs/Data/Nhanes/Public/2009/DataFiles/ALQY_F_R.htm,,January 2012,False
2009-2010,LimitedAccess,Avian Influenza A (H7N9) & Seasonal Influenza Viruses Antibodies (Surplus),,,https://wwwn.cdc.gov/Nchs/Data/Nhanes/Public/2010/DataFiles/SSH7N9_R.htm,,November 2013,False
2009-2010,LimitedAccess,California - Demographic Variables & Sample Weights,,,https://wwwn.cdc.gov/Nchs/Data/Nhanes/Public/2007/DataFiles/CDEMO_EH.htm,,October 2015,False
2009-2010,LimitedAccess,Chlamydia & Gonorrhea - Urine - Youth,,,https://wwwn.cdc.gov/Nchs/Data/Nhanes/Public/2009/DataFiles/CHLM_F_R.htm,,September 2011,False
2009-2010,LimitedAccess,Drug Use - Youth,,,https://wwwn.cdc.gov/Nchs/Data/Nhanes/Public/2009/DataFiles/DUQY_F_R.htm,,March 2012,False
2009-2010,LimitedAccess,Food Security - Pregnant Women,,,https://wwwn.cdc.gov/Nchs/Data/Nhanes/Public/2009/DataFiles/FSQ_F_R.htm,,March 2013,False
2009-2010,LimitedAccess,"Geocoded Data, NHANES 1999-2016, Census 2000",,,https://wwwn.cdc.gov/Nchs/Data/Nhanes/Public/1999/DataFiles/GEO_2000.htm,,March 2018,False
2009-2010,LimitedAccess,"Geocoded Data, NHANES 1999-2018, Census 2010",,,https://wwwn.cdc.gov/Nchs/Data/Nhanes/Public/1999/DataFiles/GEO_2010.htm,,Updated July 2021,False
2009-2010,LimitedAccess,"Geocoded Data, NHANES 1999-March 2020, Census 2020",,,https://wwwn.cdc.gov/Nchs/Data/Nhanes/Public/1999/DataFiles/GEO_2020.htm,,October 2023,False
2009-2010,LimitedAccess,Hemagglutination inhibition antibody titers to influenza A/ H1N1 viruses (Surplus),,,https://wwwn.cdc.gov/Nchs/Data/Nhanes/Public/2010/DataFiles/SSHN10_R.htm,,July 2013,False
2009-2010,LimitedAccess,Herpes Simplex Virus Type-2 - Youth,,,https://wwwn.cdc.gov/Nchs/Data/Nhanes/Public/2009/DataFiles/HSV_F_R.htm,,October 2011,False
2009-2010,LimitedAccess,Human Leukocyte Antigen B-27,,,https://wwwn.cdc.gov/Nchs/Data/Nhanes/Public/2009/DataFiles/B27_F_R.htm,,December 2011,False
2009-2010,LimitedAccess,"Human Papillomavirus (HPV) - 6, 11, 16 & 18 Antibody - Serum - Youth",,,https://wwwn.cdc.gov/Nchs/Data/Nhanes/Public/2009/DataFiles/SER_F_R.htm,,November 2013,False
2009-2010,LimitedAccess,Human Papillomavirus (HPV) - Oral Rinse - Youth,,,https://wwwn.cdc.gov/Nchs/Data/Nhanes/Public/2009/DataFiles/OHPV_F_R.htm,,October 2011,False
2009-2010,LimitedAccess,Human Papillomavirus (HPV) DNA - Vaginal Swab: Digene Hybrid Capture & Roche Linear Array - Youth,,,https://wwwn.cdc.gov/Nchs/Data/Nhanes/Public/2009/DataFiles/HPVS_F_R.htm,,August 2012,False
2009-2010,LimitedAccess,Human Papillomavirus (HPV) Viral Load - Oral Rinse - Oral High-Risk HPV Infections - Youth (Surplus),,,https://wwwn.cdc.gov/Nchs/Data/Nhanes/Public/2009/DataFiles/SSHP_F_R.htm,,Updated May 2022,False
2009-2010,LimitedAccess,Influenza A (H3N2) Variant Virus & Historical Seasonal H3N2 Influenza Viruses Antibodies (Surplus),,,https://wwwn.cdc.gov/Nchs/Data/Nhanes/Public/2009/DataFiles/SSIF_F_R.htm,,Updated October 2015,False
2009-2010,LimitedAccess,Iodine - Urine - Pregnant Women (Surplus),,,https://wwwn.cdc.gov/Nchs/Data/Nhanes/Public/2009/DataFiles/SSUIFG_R.htm,,Updated May 2022,False
2009-2010,LimitedAccess,"Los Angeles County, California - Demographic Variables & Sample Weights",,,https://wwwn.cdc.gov/Nchs/Data/Nhanes/Public/2007/DataFiles/LDEMO_EH.htm,,October 2015,False
2009-2010,LimitedAccess,Mental Health - Depression Screener - Youth,,,https://wwwn.cdc.gov/Nchs/Data/Nhanes/Public/2009/DataFiles/DPQY_F_R.htm,,September 2011,False
2009-2010,LimitedAccess,Occupation - Industry & Occupation Codes,,,https://wwwn.cdc.gov/Nchs/Data/Nhanes/Public/2009/DataFiles/OCQ_F_R.htm,,June 2014,False
2009-2010,LimitedAccess,Oral Microbiome Project,,,https://wwwn.cdc.gov/Nchs/Nhanes/Omp/Default.aspx,,October 2022,False
2009-2010,LimitedAccess,Reproductive Health - Pregnant Women,,,https://wwwn.cdc.gov/Nchs/Data/Nhanes/Public/2009/DataFiles/RHQ_F_R.htm,,September 2011,False
2009-2010,LimitedAccess,Sexual Behavior - Youth,,,https://wwwn.cdc.gov/Nchs/Data/Nhanes/Public/2009/DataFiles/SXQY_F_R.htm,,November 2011,False
2009-2010,LimitedAccess,"Sodium, Potassium & Chloride - Casual Urine",,,https://wwwn.cdc.gov/Nchs/Data/Nhanes/Public/2010/DataFiles/SSUE10_R.htm,,Updated May 2022,False
2011-2012,Demographics,Demographic Variables & Sample Weights,DEMO_G,https://wwwn.cdc.gov/Nchs/Data/Nhanes/Public/2011/DataFiles/DEMO_G.xpt,https://wwwn.cdc.gov/Nchs/Data/Nhanes/Public/2011/DataFiles/DEMO_G.htm,3686.4,Updated January 2015,True
2011-2012,Dietary,"Dietary Interview - Individual Foods, First Day",DR1IFF_G,https://wwwn.cdc.gov/Nchs/Data/Nhanes/Public/2011/DataFiles/DR1IFF_G.xpt,https://wwwn.cdc.gov/Nchs/Data/Nhanes/Public/2011/DataFiles/DR1IFF_G.htm,83968.0,September 2014,True
2011-2012,Dietary,"Dietary Interview - Individual Foods, Second Day",DR2IFF_G,https://wwwn.cdc.gov/Nchs/Data/Nhanes/Public/2011/DataFiles/DR2IFF_G.xpt,https://wwwn.cdc.gov/Nchs/Data/Nhanes/Public/2011/DataFiles/DR2IFF_G.htm,74444.8,September 2014,True
2011-2012,Dietary,"Dietary Interview - Total Nutrient Intakes, First Day",DR1TOT_G,https://wwwn.cdc.gov/Nchs/Data/Nhanes/Public/2011/DataFiles/DR1TOT_G.xpt,https://wwwn.cdc.gov/Nchs/Data/Nhanes/Public/2011/DataFiles/DR1TOT_G.htm,12083.2,September 2014,True
2011-2012,Dietary,"Dietary Interview - Total Nutrient Intakes, Second Day",DR2TOT_G,https://wwwn.cdc.gov/Nchs/Data/Nhanes/Public/2011/DataFiles/DR2TOT_G.xpt,https://wwwn.cdc.gov/Nchs/Data/Nhanes/Public/2011/DataFiles/DR2TOT_G.htm,6041.6,September 2014,True
2011-2012,Dietary,Dietary Interview Technical Support File - Food Codes,DRXFCD_G,https://wwwn.cdc.gov/Nchs/Data/Nhanes/Public/2011/DataFiles/DRXFCD_G.xpt,https://wwwn.cdc.gov/Nchs/Data/Nhanes/Public/2011/DataFiles/DRXFCD_G.htm,2150.4,September 2014,True
2011-2012,Dietary,Dietary Interview Technical Support File - Modification Codes,DRXMCD_G,https://wwwn.cdc.gov/Nchs/Data/Nhanes/Public/2011/DataFiles/DRXMCD_G.xpt,https://wwwn.cdc.gov/Nchs/Data/Nhanes/Public/2011/DataFiles/DRXMCD_G.htm,233.6,September 2014,True
2011-2012,Dietary,Dietary Supplement Database - Blend Information,DSBI,https://wwwn.cdc.gov/Nchs/Data/Nhanes/Public/1999/DataFiles/DSBI.xpt,https://wwwn.cdc.gov/Nchs/Data/Nhanes/Public/1999/DataFiles/DSBI.htm,10240.0,February 2025,True
2011-2012,Dietary,Dietary Supplement Database - Ingredient Information,DSII,https://wwwn.cdc.gov/Nchs/Data/Nhanes/Public/1999/DataFiles/DSII.xpt,https://wwwn.cdc.gov/Nchs/Data/Nhanes/Public/1999/DataFiles/DSII.htm,84377.6,February 2025,True
2011-2012,Dietary,Dietary Supplement Database - Product Information,DSPI,https://wwwn.cdc.gov/Nchs/Data/Nhanes/Public/1999/DataFiles/DSPI.xpt,https://wwwn.cdc.gov/Nchs/Data/Nhanes/Public/1999/DataFiles/DSPI.htm,6656.0,February 2025,True
2011-2012,Dietary,"Dietary Supplement Use 24-Hour - Individual Dietary Supplements, First Day",DS1IDS_G,https://wwwn.cdc.gov/Nchs/Data/Nhanes/Public/2011/DataFiles/DS1IDS_G.xpt,https://wwwn.cdc.gov/Nchs/Data/Nhanes/Public/2011/DataFiles/DS1IDS_G.htm,3072.0,Updated December 2014,True
2011-2012,Dietary,"Dietary Supplement Use 24-Hour - Individual Dietary Supplements, Second Day",DS2IDS_G,https://wwwn.cdc.gov/Nchs/Data/Nhanes/Public/2011/DataFiles/DS2IDS_G.xpt,https://wwwn.cdc.gov/Nchs/Data/Nhanes/Public/2011/DataFiles/DS2IDS_G.htm,3174.4,Updated December 2014,True
2011-2012,Dietary,"Dietary Supplement Use 24-Hour - Total Dietary Supplements, First Day",DS1TOT_G,https://wwwn.cdc.gov/Nchs/Data/Nhanes/Public/2011/DataFiles/DS1TOT_G.xpt,https://wwwn.cdc.gov/Nchs/Data/Nhanes/Public/2011/DataFiles/DS1TOT_G.htm,3584.0,Updated December 2014,True
2011-2012,Dietary,"Dietary Supplement Use 24-Hour - Total Dietary Supplements, Second Day",DS2TOT_G,https://wwwn.cdc.gov/Nchs/Data/Nhanes/Public/2011/DataFiles/DS2TOT_G.xpt,https://wwwn.cdc.gov/Nchs/Data/Nhanes/Public/2011/DataFiles/DS2TOT_G.htm,3584.0,Updated December 2014,True
2011-2012,Dietary,Dietary Supplement Use 30 Day - Individual Dietary Supplements,DSQIDS_G,https://wwwn.cdc.gov/Nchs/Data/Nhanes/Public/2011/DataFiles/DSQIDS_G.xpt,https://wwwn.cdc.gov/Nchs/Data/Nhanes/Public/2011/DataFiles/DSQIDS_G.htm,7168.0,December 2014,True
2011-2012,Dietary,Dietary Supplement Use 30-Day - Total Dietary Supplements,DSQTOT_G,https://wwwn.cdc.gov/Nchs/Data/Nhanes/Public/2011/DataFiles/DSQTOT_G.xpt,https://wwwn.cdc.gov/Nchs/Data/Nhanes/Public/2011/DataFiles/DSQTOT_G.htm,2969.6,December 2014,True
2011-2012,Examination,Audiometry,AUX_G,https://wwwn.cdc.gov/Nchs/Data/Nhanes/Public/2011/DataFiles/AUX_G.xpt,https://wwwn.cdc.gov/Nchs/Data/Nhanes/Public/2011/DataFiles/AUX_G.htm,2457.6,April 2016,True
2011-2012,Examination,Audiometry - Acoustic Reflex,AUXAR_G,https://wwwn.cdc.gov/Nchs/Data/Nhanes/Public/2011/DataFiles/AUXAR_G.xpt,https://wwwn.cdc.gov/Nchs/Data/Nhanes/Public/2011/DataFiles/AUXAR_G.htm,11878.4,April 2016,True
2011-2012,Examination,Audiometry - Tympanometry,AUXTYM_G,https://wwwn.cdc.gov/Nchs/Data/Nhanes/Public/2011/DataFiles/AUXTYM_G.xpt,https://wwwn.cdc.gov/Nchs/Data/Nhanes/Public/2011/DataFiles/AUXTYM_G.htm,5939.2,April 2016,True
2011-2012,Examination,Blood Pressure,BPX_G,https://wwwn.cdc.gov/Nchs/Data/Nhanes/Public/2011/DataFiles/BPX_G.xpt,https://wwwn.cdc.gov/Nchs/Data/Nhanes/Public/2011/DataFiles/BPX_G.htm,1945.6,September 2013,True
2011-2012,Examination,Body Measures,BMX_G,https://wwwn.cdc.gov/Nchs/Data/Nhanes/Public/2011/DataFiles/BMX_G.xpt,https://wwwn.cdc.gov/Nchs/Data/Nhanes/Public/2011/DataFiles/BMX_G.htm,1945.6,Updated September 2015,True
2011-2012,Examination,Dual-Energy X-ray Absorptiometry - Android/Gynoid Measurements,DXXAG_G,https://wwwn.cdc.gov/Nchs/Data/Nhanes/Public/2011/DataFiles/DXXAG_G.xpt,https://wwwn.cdc.gov/Nchs/Data/Nhanes/Public/2011/DataFiles/DXXAG_G.htm,1024.0,October 2021,True
2011-2012,Examination,Dual-Energy X-ray Absorptiometry - Whole Body,DXX_G,https://wwwn.cdc.gov/Nchs/Data/Nhanes/Public/2011/DataFiles/DXX_G.xpt,https://wwwn.cdc.gov/Nchs/Data/Nhanes/Public/2011/DataFiles/DXX_G.htm,4198.4,March 2020,True
2011-2012,Examination,Exhaled Nitric Oxide,ENX_G,https://wwwn.cdc.gov/Nchs/Data/Nhanes/Public/2011/DataFiles/ENX_G.xpt,https://wwwn.cdc.gov/Nchs/Data/Nhanes/Public/2011/DataFiles/ENX_G.htm,1331.2,February 2014,True
2011-2012,Examination,Fluorosis - Clinical,FLXCLN_G,https://wwwn.cdc.gov/Nchs/Data/Nhanes/Public/2011/DataFiles/FLXCLN_G.xpt,https://wwwn.cdc.gov/Nchs/Data/Nhanes/Public/2011/DataFiles/FLXCLN_G.htm,571.6,April 2019,True
2011-2012,Examination,Muscle Strength - Grip Test,MGX_G,https://wwwn.cdc.gov/Nchs/Data/Nhanes/Public/2011/DataFiles/MGX_G.xpt,https://wwwn.cdc.gov/Nchs/Data/Nhanes/Public/2011/DataFiles/MGX_G.htm,1740.8,December 2014,True
2011-2012,Examination,Oral Health - Dentition,OHXDEN_G,https://wwwn.cdc.gov/Nchs/Data/Nhanes/Public/2011/DataFiles/OHXDEN_G.xpt,https://wwwn.cdc.gov/Nchs/Data/Nhanes/Public/2011/DataFiles/OHXDEN_G.htm,6758.4,Updated April 2019,True
2011-2012,Examination,Oral Health - Periodontal,OHXPER_G,https://wwwn.cdc.gov/Nchs/Data/Nhanes/Public/2011/DataFiles/OHXPER_G.xpt,https://wwwn.cdc.gov/Nchs/Data/Nhanes/Public/2011/DataFiles/OHXPER_G.htm,17408.0,March 2014,True
2011-2012,Examination,Oral Health - Recommendation of Care,OHXREF_G,https://wwwn.cdc.gov/Nchs/Data/Nhanes/Public/2011/DataFiles/OHXREF_G.xpt,https://wwwn.cdc.gov/Nchs/Data/Nhanes/Public/2011/DataFiles/OHXREF_G.htm,842.0,March 2014,True
2011-2012,Examination,Physical Activity Monitor - Ambient Light Raw Data,PAXLUX_G,https://wwwn.cdc.govhttps://ftp.cdc.gov/pub/paxlux_g,https://wwwn.cdc.gov/Nchs/Data/Nhanes/Public/2011/DataFiles/PAXLUX_G.htm,,October 2022,True
2011-2012,Examination,Physical Activity Monitor - Day,PAXDAY_G,https://wwwn.cdc.gov/Nchs/Data/Nhanes/Public/2011/DataFiles/PAXDAY_G.xpt,https://wwwn.cdc.gov/Nchs/Data/Nhanes/Public/2011/DataFiles/PAXDAY_G.htm,6348.8,November 2020,True
2011-2012,Examination,Physical Activity Monitor - Header,PAXHD_G,https://wwwn.cdc.gov/Nchs/Data/Nhanes/Public/2011/DataFiles/PAXHD_G.xpt,https://wwwn.cdc.gov/Nchs/Data/Nhanes/Public/2011/DataFiles/PAXHD_G.htm,376.2,November 2020,True
2011-2012,Examination,Physical Activity Monitor - Hour,PAXHR_G,https://wwwn.cdc.gov/Nchs/Data/Nhanes/Public/2011/DataFiles/PAXHR_G.xpt,https://wwwn.cdc.gov/Nchs/Data/Nhanes/Public/2011/DataFiles/PAXHR_G.htm,125132.8,November 2020,True
2011-2012,Examination,Physical Activity Monitor - Minute,PAXMIN_G,https://wwwn.cdc.govhttps://ftp.cdc.gov/pub/NHANES/LargeDataFiles/PAXMIN_G.xpt,https://wwwn.cdc.gov/Nchs/Data/Nhanes/Public/2011/DataFiles/PAXMIN_G.htm,7969177.6,Updated October 2022,True
2011-2012,Examination,Physical Activity Monitor - Raw Data 80hz,PAX_G,https://wwwn.cdc.govhttps://ftp.cdc.gov/pub/pax_g,https://wwwn.cdc.gov/Nchs/Data/Nhanes/Public/2011/DataFiles/PAX80_G.htm,,Updated October 2022,True
2011-2012,Examination,Spirometry - Pre and Post-Bronchodilator,SPX_G,https://wwwn.cdc.gov/Nchs/Data/Nhanes/Public/2011/DataFiles/SPX_G.xpt,https://wwwn.cdc.gov/Nchs/Data/Nhanes/Public/2011/DataFiles/SPX_G.htm,2662.4,December 2014,True
2011-2012,Examination,Spirometry - Raw Curve Data,SPXRAW_G,https://wwwn.cdc.gov/Nchs/Data/Nhanes/Public/2011/DataFiles/SPXRAW_G.zip,https://wwwn.cdc.gov/Nchs/Data/Nhanes/Public/2011/DataFiles/SPXRAW_G.htm,12595.2,December 2014,True
2011-2012,Examination,Tuberculosis,TBX_G,https://wwwn.cdc.gov/Nchs/Data/Nhanes/Public/2011/DataFiles/TBX_G.xpt,https://wwwn.cdc.gov/Nchs/Data/Nhanes/Public/2011/DataFiles/TBX_G.htm,307.0,Updated January 2015,True
2011-2012,Laboratory,Albumin & Creatinine - Urine,ALB_CR_G,https://wwwn.cdc.gov/Nchs/Data/Nhanes/Public/2011/DataFiles/ALB_CR_G.xpt,https://wwwn.cdc.gov/Nchs/Data/Nhanes/Public/2011/DataFiles/ALB_CR_G.htm,368.2,Updated September 2016,True
2011-2012,Laboratory,Antibody to Toxocara spp. (Surplus),SSTOCA_G,https://wwwn.cdc.gov/Nchs/Data/Nhanes/Public/2011/DataFiles/SSTOCA_G.xpt,https://wwwn.cdc.gov/Nchs/Data/Nhanes/Public/2011/DataFiles/SSTOCA_G.htm,191.9,Updated April 2022,True
2011-2012,Laboratory,Apolipoprotein B,APOB_G,https://wwwn.cdc.gov/Nchs/Data/Nhanes/Public/2011/DataFiles/APOB_G.xpt,https://wwwn.cdc.gov/Nchs/Data/Nhanes/Public/2011/DataFiles/APOB_G.htm,102.5,January 2014,True
2011-2012,Laboratory,Arsenics - Total & Speciated - Urine,UAS_G,https://wwwn.cdc.gov/Nchs/Data/Nhanes/Public/2011/DataFiles/UAS_G.xpt,https://wwwn.cdc.gov/Nchs/Data/Nhanes/Public/2011/DataFiles/UAS_G.htm,388.4,Updated October 2014,True
2011-2012,Laboratory,Arsenics - Total & Speciated - Urine - Special Sample,UASS_G,https://wwwn.cdc.gov/Nchs/Data/Nhanes/Public/2011/DataFiles/UASS_G.xpt,https://wwwn.cdc.gov/Nchs/Data/Nhanes/Public/2011/DataFiles/UASS_G.htm,352.1,September 2013,True
2011-2012,Laboratory,Autoantibodies - Anti-DFS70 Autoantibody Analyses (Surplus),SSDFS_G,https://wwwn.cdc.gov/Nchs/Data/Nhanes/Public/2011/DataFiles/SSDFS_G.xpt,https://wwwn.cdc.gov/Nchs/Data/Nhanes/Public/2011/DataFiles/SSDFS_G.htm,8.5,July 2022,True
2011-2012,Laboratory,Autoantibodies - Immunofluorescence Analyses (Surplus),SSANA2_G,https://wwwn.cdc.gov/Nchs/Data/Nhanes/Public/2011/DataFiles/SSANA2_G.xpt,https://wwwn.cdc.gov/Nchs/Data/Nhanes/Public/2011/DataFiles/SSANA2_G.htm,1740.8,Updated July 2022,True
2011-2012,Laboratory,Brominated Flame Retardants (BFRs) - Pooled Samples,BFRPOL_G,https://wwwn.cdc.gov/Nchs/Data/Nhanes/Public/2011/DataFiles/BFRPOL_G.xpt,https://wwwn.cdc.gov/Nchs/Data/Nhanes/Public/2011/DataFiles/BFRPOL_G.htm,88.9,Updated November 2020,True
2011-2012,Laboratory,"Cadmium, Lead, Total Mercury, Selenium, & Manganese - Blood",PBCD_G,https://wwwn.cdc.gov/Nchs/Data/Nhanes/Public/2011/DataFiles/PBCD_G.xpt,https://wwwn.cdc.gov/Nchs/Data/Nhanes/Public/2011/DataFiles/PBCD_G.htm,1126.4,September 2013,True
2011-2012,Laboratory,Caffeine & Caffeine Metabolites - Urine,CAFE_G,https://wwwn.cdc.gov/Nchs/Data/Nhanes/Public/2011/DataFiles/CAFE_G.xpt,https://wwwn.cdc.gov/Nchs/Data/Nhanes/Public/2011/DataFiles/CAFE_G.htm,631.3,January 2020,True
2011-2012,Laboratory,Chlamydia - Urine,CHLMDA_G,https://wwwn.cdc.gov/Nchs/Data/Nhanes/Public/2011/DataFiles/CHLMDA_G.xpt,https://wwwn.cdc.gov/Nchs/Data/Nhanes/Public/2011/DataFiles/CHLMDA_G.htm,35.0,November 2013,True
2011-2012,Laboratory,Cholesterol - HDL,HDL_G,https://wwwn.cdc.gov/Nchs/Data/Nhanes/Public/2011/DataFiles/HDL_G.xpt,https://wwwn.cdc.gov/Nchs/Data/Nhanes/Public/2011/DataFiles/HDL_G.htm,184.5,September 2013,True
2011-2012,Laboratory,Cholesterol - LDL & Triglycerides,TRIGLY_G,https://wwwn.cdc.gov/Nchs/Data/Nhanes/Public/2011/DataFiles/TRIGLY_G.xpt,https://wwwn.cdc.gov/Nchs/Data/Nhanes/Public/2011/DataFiles/TRIGLY_G.htm,153.4,January 2014,True
2011-2012,Laboratory,Cholesterol - Total,TCHOL_G,https://wwwn.cdc.gov/Nchs/Data/Nhanes/Public/2011/DataFiles/TCHOL_G.xpt,https://wwwn.cdc.gov/Nchs/Data/Nhanes/Public/2011/DataFiles/TCHOL_G.htm,184.5,September 2013,True
2011-2012,Laboratory,Complete Blood Count with 5-part Differential - Whole Blood,CBC_G,https://wwwn.cdc.gov/Nchs/Data/Nhanes/Public/2011/DataFiles/CBC_G.xpt,https://wwwn.cdc.gov/Nchs/Data/Nhanes/Public/2011/DataFiles/CBC_G.htm,1433.6,January 2014,True
2011-2012,Laboratory,"Copper, Selenium & Zinc - Serum",CUSEZN_G,https://wwwn.cdc.gov/Nchs/Data/Nhanes/Public/2011/DataFiles/CUSEZN_G.xpt,https://wwwn.cdc.gov/Nchs/Data/Nhanes/Public/2011/DataFiles/CUSEZN_G.htm,184.4,Updated October 2014,True
2011-2012,Laboratory,Cotinine - Serum & Total NNAL - Urine,COTNAL_G,https://wwwn.cdc.gov/Nchs/Data/Nhanes/Public/2011/DataFiles/COTNAL_G.xpt,https://wwwn.cdc.gov/Nchs/Data/Nhanes/Public/2011/DataFiles/COTNAL_G.htm,397.0,Updated December 2013,True
2011-2012,Laboratory,Cytomegalovirus IgG & IgM Antibodies - Serum,CMV_G,https://wwwn.cdc.gov/Nchs/Data/Nhanes/Public/2011/DataFiles/CMV_G.xpt,https://wwwn.cdc.gov/Nchs/Data/Nhanes/Public/2011/DataFiles/CMV_G.htm,36.7,October 2013,True
2011-2012,Laboratory,DEET and Metabolites,DEET_G,https://wwwn.cdc.gov/Nchs/Data/Nhanes/Public/2011/DataFiles/DEET_G.xpt,https://wwwn.cdc.gov/Nchs/Data/Nhanes/Public/2011/DataFiles/DEET_G.htm,178.1,March 2017,True
2011-2012,Laboratory,Environmental Phenols & Parabens,EPH_G,https://wwwn.cdc.gov/Nchs/Data/Nhanes/Public/2011/DataFiles/EPH_G.xpt,https://wwwn.cdc.gov/Nchs/Data/Nhanes/Public/2011/DataFiles/EPH_G.htm,347.6,Updated October 2014,True
2011-2012,Laboratory,Fasting Questionnaire,FASTQX_G,https://wwwn.cdc.gov/Nchs/Data/Nhanes/Public/2011/DataFiles/FASTQX_G.xpt,https://wwwn.cdc.gov/Nchs/Data/Nhanes/Public/2011/DataFiles/FASTQX_G.htm,1331.2,September 2013,True
2011-2012,Laboratory,Fatty Acids - Serum,FAS_G,https://wwwn.cdc.gov/Nchs/Data/Nhanes/Public/2011/DataFiles/FAS_G.xpt,https://wwwn.cdc.gov/Nchs/Data/Nhanes/Public/2011/DataFiles/FAS_G.htm,2764.8,Updated February 2020,True
2011-2012,Laboratory,Flame Retardants - Urine (Surplus),SSFR_G,https://wwwn.cdc.gov/Nchs/Data/Nhanes/Public/2011/DataFiles/SSFR_G.xpt,https://wwwn.cdc.gov/Nchs/Data/Nhanes/Public/2011/DataFiles/SSFR_G.htm,292.1,Updated April 2022,True
2011-2012,Laboratory,Folate - RBC,FOLATE_G,https://wwwn.cdc.gov/Nchs/Data/Nhanes/Public/2011/DataFiles/FOLATE_G.xpt,https://wwwn.cdc.gov/Nchs/Data/Nhanes/Public/2011/DataFiles/FOLATE_G.htm,211.1,Updated February 2019,True
2011-2012,Laboratory,Folate Forms - Total & Individual - Serum,FOLFMS_G,https://wwwn.cdc.gov/Nchs/Data/Nhanes/Public/2011/DataFiles/FOLFMS_G.xpt,https://wwwn.cdc.gov/Nchs/Data/Nhanes/Public/2011/DataFiles/FOLFMS_G.htm,1024.0,Updated February 2019,True
2011-2012,Laboratory,Glycohemoglobin,GHB_G,https://wwwn.cdc.gov/Nchs/Data/Nhanes/Public/2011/DataFiles/GHB_G.xpt,https://wwwn.cdc.gov/Nchs/Data/Nhanes/Public/2011/DataFiles/GHB_G.htm,103.4,September 2013,True
2011-2012,Laboratory,Hepatitis A Antibody,HEPA_G,https://wwwn.cdc.gov/Nchs/Data/Nhanes/Public/2011/DataFiles/HEPA_G.xpt,https://wwwn.cdc.gov/Nchs/Data/Nhanes/Public/2011/DataFiles/HEPA_G.htm,137.6,September 2013,True
2011-2012,Laboratory,Hepatitis B Surface Antibody,HEPB_S_G,https://wwwn.cdc.gov/Nchs/Data/Nhanes/Public/2011/DataFiles/HEPB_S_G.xpt,https://wwwn.cdc.gov/Nchs/Data/Nhanes/Public/2011/DataFiles/HEPB_S_G.htm,137.6,September 2013,True
2011-2012,Laboratory,"Hepatitis B: Core antibody, Surface antigen, and Hepatitis D: antibody",HEPBD_G,https://wwwn.cdc.gov/Nchs/Data/Nhanes/Public/2011/DataFiles/HEPBD_G.xpt,https://wwwn.cdc.gov/Nchs/Data/Nhanes/Public/2011/DataFiles/HEPBD_G.htm,307.0,Updated January 2026,True
2011-2012,Laboratory,Hepatitis C Antibody Reflex Testing - Serum (Surplus),SSHCV_E,https://wwwn.cdc.gov/Nchs/Data/Nhanes/Public/2007/DataFiles/SSHCV_E.xpt,https://wwwn.cdc.gov/Nchs/Data/Nhanes/Public/2007/DataFiles/SSHCV_E.htm,31.8,Updated April 2022,True
2011-2012,Laboratory,"Hepatitis C: Confirmed Antibody, RNA (HCV-RNA), & Genotype",HEPC_G,https://wwwn.cdc.gov/Nchs/Data/Nhanes/Public/2011/DataFiles/HEPC_G.xpt,https://wwwn.cdc.gov/Nchs/Data/Nhanes/Public/2011/DataFiles/HEPC_G.htm,245.7,Updated February 2015,True
2011-2012,Laboratory,Hepatitis E : IgG & IgM Antibodies,HEPE_G,https://wwwn.cdc.gov/Nchs/Data/Nhanes/Public/2011/DataFiles/HEPE_G.xpt,https://wwwn.cdc.gov/Nchs/Data/Nhanes/Public/2011/DataFiles/HEPE_G.htm,184.5,September 2013,True
2011-2012,Laboratory,Herpes Simplex Virus Type-1 & Type-2,HSV_G,https://wwwn.cdc.gov/Nchs/Data/Nhanes/Public/2011/DataFiles/HSV_G.xpt,https://wwwn.cdc.gov/Nchs/Data/Nhanes/Public/2011/DataFiles/HSV_G.htm,86.9,November 2013,True
2011-2012,Laboratory,HIV Antibody Test,HIV_G,https://wwwn.cdc.gov/Nchs/Data/Nhanes/Public/2011/DataFiles/HIV_G.xpt,https://wwwn.cdc.gov/Nchs/Data/Nhanes/Public/2011/DataFiles/HIV_G.htm,62.4,September 2013,True
2011-2012,Laboratory,Holotranscobalamin – Serum (Surplus),SSHOLO_G,https://wwwn.cdc.gov/Nchs/Data/Nhanes/Public/2011/DataFiles/SSHOLO_G.xpt,https://wwwn.cdc.gov/Nchs/Data/Nhanes/Public/2011/DataFiles/SSHOLO_G.htm,167.5,April 2026,True
2011-2012,Laboratory,Human Papillomavirus (HPV) - Oral Rinse,ORHPV_G,https://wwwn.cdc.gov/Nchs/Data/Nhanes/Public/2011/DataFiles/ORHPV_G.xpt,https://wwwn.cdc.gov/Nchs/Data/Nhanes/Public/2011/DataFiles/ORHPV_G.htm,1536.0,February 2014,True
2011-2012,Laboratory,Human Papillomavirus (HPV) DNA - Vaginal Swab: Digene Hybrid Capture & Roche Linear Array,HPVSWR_G,https://wwwn.cdc.gov/Nchs/Data/Nhanes/Public/2011/DataFiles/HPVSWR_G.xpt,https://wwwn.cdc.gov/Nchs/Data/Nhanes/Public/2011/DataFiles/HPVSWR_G.htm,661.1,March 2015,True
2011-2012,Laboratory,Iodine - Urine,UIO_G,https://wwwn.cdc.gov/Nchs/Data/Nhanes/Public/2011/DataFiles/UIO_G.xpt,https://wwwn.cdc.gov/Nchs/Data/Nhanes/Public/2011/DataFiles/UIO_G.htm,82.3,Updated October 2014,True
2011-2012,Laboratory,Klotho - Serum (Surplus),SSKL_G,https://wwwn.cdc.gov/Nchs/Data/Nhanes/Public/2011/DataFiles/SSKL_G.xpt,https://wwwn.cdc.gov/Nchs/Data/Nhanes/Public/2011/DataFiles/SSKL_G.htm,39.5,Updated April 2022,True
2011-2012,Laboratory,Mercury: Inorganic - Urine,UHG_G,https://wwwn.cdc.gov/Nchs/Data/Nhanes/Public/2011/DataFiles/UHG_G.xpt,https://wwwn.cdc.gov/Nchs/Data/Nhanes/Public/2011/DataFiles/UHG_G.htm,102.7,Updated October 2014,True
2011-2012,Laboratory,"Mercury: Inorganic, Ethyl and Methyl - Blood",IHGEM_G,https://wwwn.cdc.gov/Nchs/Data/Nhanes/Public/2011/DataFiles/IHGEM_G.xpt,https://wwwn.cdc.gov/Nchs/Data/Nhanes/Public/2011/DataFiles/IHGEM_G.htm,561.6,September 2013,True
2011-2012,Laboratory,Metals - Urine,UHM_G,https://wwwn.cdc.gov/Nchs/Data/Nhanes/Public/2011/DataFiles/UHM_G.xpt,https://wwwn.cdc.gov/Nchs/Data/Nhanes/Public/2011/DataFiles/UHM_G.htm,592.4,Updated October 2014,True
2011-2012,Laboratory,Metals - Urine - Special Sample,UHMS_G,https://wwwn.cdc.gov/Nchs/Data/Nhanes/Public/2011/DataFiles/UHMS_G.xpt,https://wwwn.cdc.gov/Nchs/Data/Nhanes/Public/2011/DataFiles/UHMS_G.htm,537.0,September 2013,True
2011-2012,Laboratory,Methylmalonic Acid,MMA_G,https://wwwn.cdc.gov/Nchs/Data/Nhanes/Public/2011/DataFiles/MMA_G.xpt,https://wwwn.cdc.gov/Nchs/Data/Nhanes/Public/2011/DataFiles/MMA_G.htm,125.9,October 2018,True
2011-2012,Laboratory,Non-dioxin-like Polychlorinated Biphenyls & Mono-ortho-substituted Polychlorinated Biphenyls - Pooled Samples,PCBPOL_G,https://wwwn.cdc.gov/Nchs/Data/Nhanes/Public/2011/DataFiles/PCBPOL_G.xpt,https://wwwn.cdc.gov/Nchs/Data/Nhanes/Public/2011/DataFiles/PCBPOL_G.htm,164.4,Updated November 2020,True
2011-2012,Laboratory,Oral Glucose Tolerance Test,OGTT_G,https://wwwn.cdc.gov/Nchs/Data/Nhanes/Public/2011/DataFiles/OGTT_G.xpt,https://wwwn.cdc.gov/Nchs/Data/Nhanes/Public/2011/DataFiles/OGTT_G.htm,266.2,January 2014,True
2011-2012,Laboratory,Oral Microbiome Project,DEFAULT,https://wwwn.cdc.gov/Nchs/Nhanes/Omp/Default.aspx,https://wwwn.cdc.gov/Nchs/Nhanes/Omp/Default.aspx,,October 2022,True
2011-2012,Laboratory,Organophosphate Insecticides - Dialkyl Phosphate Metabolites - Urine,OPD_G,https://wwwn.cdc.gov/Nchs/Data/Nhanes/Public/2011/DataFiles/OPD_G.xpt,https://wwwn.cdc.gov/Nchs/Data/Nhanes/Public/2011/DataFiles/OPD_G.htm,276.6,November 2019,True
2011-2012,Laboratory,Osmolality - Urine,UCOSMO_G,https://wwwn.cdc.gov/Nchs/Data/Nhanes/Public/2011/DataFiles/UCOSMO_G.xpt,https://wwwn.cdc.gov/Nchs/Data/Nhanes/Public/2011/DataFiles/UCOSMO_G.htm,123.3,September 2013,True
2011-2012,Laboratory,"Perchlorate, Nitrate & Thiocyanate - Urine",PERNT_G,https://wwwn.cdc.gov/Nchs/Data/Nhanes/Public/2011/DataFiles/PERNT_G.xpt,https://wwwn.cdc.gov/Nchs/Data/Nhanes/Public/2011/DataFiles/PERNT_G.htm,184.4,Updated October 2014,True
2011-2012,Laboratory,"Perchlorate, Nitrate & Thiocyanate - Urine - Special Sample",PERNTS_G,https://wwwn.cdc.gov/Nchs/Data/Nhanes/Public/2011/DataFiles/PERNTS_G.xpt,https://wwwn.cdc.gov/Nchs/Data/Nhanes/Public/2011/DataFiles/PERNTS_G.htm,167.2,September 2013,True
2011-2012,Laboratory,Pesticides - Environmental - Urine,PP_G,https://wwwn.cdc.gov/Nchs/Data/Nhanes/Public/2011/DataFiles/PP_G.xpt,https://wwwn.cdc.gov/Nchs/Data/Nhanes/Public/2011/DataFiles/PP_G.htm,143.6,Updated October 2014,True
2011-2012,Laboratory,Pesticides - Organochlorine Pesticides - Pooled Samples,PSTPOL_G,https://wwwn.cdc.gov/Nchs/Data/Nhanes/Public/2011/DataFiles/PSTPOL_G.xpt,https://wwwn.cdc.gov/Nchs/Data/Nhanes/Public/2011/DataFiles/PSTPOL_G.htm,63.7,Updated November 2020,True
2011-2012,Laboratory,Phthalates & Plasticizers Metabolites - Urine,PHTHTE_G,https://wwwn.cdc.gov/Nchs/Data/Nhanes/Public/2011/DataFiles/PHTHTE_G.xpt,https://wwwn.cdc.gov/Nchs/Data/Nhanes/Public/2011/DataFiles/PHTHTE_G.htm,633.3,Updated October 2014,True
2011-2012,Laboratory,Plasma Fasting Glucose & Insulin,GLU_G,https://wwwn.cdc.gov/Nchs/Data/Nhanes/Public/2011/DataFiles/GLU_G.xpt,https://wwwn.cdc.gov/Nchs/Data/Nhanes/Public/2011/DataFiles/GLU_G.htm,204.3,Updated August 2016,True
2011-2012,Laboratory,Polyaromatic Hydrocarbons (PAHs) - Urine,PAH_G,https://wwwn.cdc.gov/Nchs/Data/Nhanes/Public/2011/DataFiles/PAH_G.xpt,https://wwwn.cdc.gov/Nchs/Data/Nhanes/Public/2011/DataFiles/PAH_G.htm,470.1,Updated October 2014,True
2011-2012,Laboratory,Polyaromatic Hydrocarbons (PAHs)- Urine - Special Sample,PAHS_G,https://wwwn.cdc.gov/Nchs/Data/Nhanes/Public/2011/DataFiles/PAHS_G.xpt,https://wwwn.cdc.gov/Nchs/Data/Nhanes/Public/2011/DataFiles/PAHS_G.htm,426.0,February 2014,True
2011-2012,Laboratory,"Polychlorinated dibenzo-p-dioxins (PCDDs), Dibenzofurans (PCDFs) & Coplanar Polychlorinated Biphenyls (cPCBs) - Pooled Samples",DOXPOL_G,https://wwwn.cdc.gov/Nchs/Data/Nhanes/Public/2011/DataFiles/DOXPOL_G.xpt,https://wwwn.cdc.gov/Nchs/Data/Nhanes/Public/2011/DataFiles/DOXPOL_G.htm,138.7,July 2023,True
2011-2012,Laboratory,Polyfluoroalkyl Chemicals,PFC_G,https://wwwn.cdc.gov/Nchs/Data/Nhanes/Public/2011/DataFiles/PFC_G.xpt,https://wwwn.cdc.gov/Nchs/Data/Nhanes/Public/2011/DataFiles/PFC_G.htm,446.6,Updated October 2014,True
2011-2012,Laboratory,Pooled-Sample Technical Support File,POOLTF_G,https://wwwn.cdc.gov/Nchs/Data/Nhanes/Public/2011/DataFiles/POOLTF_G.xpt,https://wwwn.cdc.gov/Nchs/Data/Nhanes/Public/2011/DataFiles/POOLTF_G.htm,51.5,April 2018,True
2011-2012,Laboratory,Pregnancy Test - Urine,UCPREG_G,https://wwwn.cdc.gov/Nchs/Data/Nhanes/Public/2011/DataFiles/UCPREG_G.xpt,https://wwwn.cdc.gov/Nchs/Data/Nhanes/Public/2011/DataFiles/UCPREG_G.htm,19.3,Updated October 2014,True
2011-2012,Laboratory,"Pyrethroids, Herbicides, & Organophosphorus Metabolites - Urine",UPHOPM_G,https://wwwn.cdc.gov/Nchs/Data/Nhanes/Public/2011/DataFiles/UPHOPM_G.xpt,https://wwwn.cdc.gov/Nchs/Data/Nhanes/Public/2011/DataFiles/UPHOPM_G.htm,276.6,September 2019,True
2011-2012,Laboratory,Standard Biochemistry Profile,BIOPRO_G,https://wwwn.cdc.gov/Nchs/Data/Nhanes/Public/2011/DataFiles/BIOPRO_G.xpt,https://wwwn.cdc.gov/Nchs/Data/Nhanes/Public/2011/DataFiles/BIOPRO_G.htm,1945.6,Updated February 2014,True
2011-2012,Laboratory,Thyroid Profile,THYROD_G,https://wwwn.cdc.gov/Nchs/Data/Nhanes/Public/2011/DataFiles/THYROD_G.xpt,https://wwwn.cdc.gov/Nchs/Data/Nhanes/Public/2011/DataFiles/THYROD_G.htm,240.8,Updated October 2014,True
2011-2012,Laboratory,Tissue Transglutaminase Assay (IgA-TTG) & IgA Endomyseal Antibody Assay (IgA EMA),TGEMA_G,https://wwwn.cdc.gov/Nchs/Data/Nhanes/Public/2011/DataFiles/TGEMA_G.xpt,https://wwwn.cdc.gov/Nchs/Data/Nhanes/Public/2011/DataFiles/TGEMA_G.htm,184.5,September 2013,True
2011-2012,Laboratory,Total Testosterone,TST_G,https://wwwn.cdc.gov/Nchs/Data/Nhanes/Public/2011/DataFiles/TST_G.xpt,https://wwwn.cdc.gov/Nchs/Data/Nhanes/Public/2011/DataFiles/TST_G.htm,123.3,Updated March 2014,True
2011-2012,Laboratory,Toxoplasma gondii Antibody - Serum (Surplus),SSTOXO_G,https://wwwn.cdc.gov/Nchs/Data/Nhanes/Public/2011/DataFiles/SSTOXO_G.xpt,https://wwwn.cdc.gov/Nchs/Data/Nhanes/Public/2011/DataFiles/SSTOXO_G.htm,239.7,Updated April 2022,True
2011-2012,Laboratory,Tuberculosis - Quantiferon_In_Gold,TB_G,https://wwwn.cdc.gov/Nchs/Data/Nhanes/Public/2011/DataFiles/TB_G.xpt,https://wwwn.cdc.gov/Nchs/Data/Nhanes/Public/2011/DataFiles/TB_G.htm,307.0,November 2013,True
2011-2012,Laboratory,Urine Flow Rate,UCFLOW_G,https://wwwn.cdc.gov/Nchs/Data/Nhanes/Public/2011/DataFiles/UCFLOW_G.xpt,https://wwwn.cdc.gov/Nchs/Data/Nhanes/Public/2011/DataFiles/UCFLOW_G.htm,613.1,Updated April 2018,True
2011-2012,Laboratory,Vitamin B12,VITB12_G,https://wwwn.cdc.gov/Nchs/Data/Nhanes/Public/2011/DataFiles/VITB12_G.xpt,https://wwwn.cdc.gov/Nchs/Data/Nhanes/Public/2011/DataFiles/VITB12_G.htm,125.9,March 2014,True
2011-2012,Laboratory,Vitamin D,VID_G,https://wwwn.cdc.gov/Nchs/Data/Nhanes/Public/2011/DataFiles/VID_G.xpt,https://wwwn.cdc.gov/Nchs/Data/Nhanes/Public/2011/DataFiles/VID_G.htm,631.7,October 2017,True
2011-2012,Laboratory,Volatile Organic Compound (VOC) Metabolites - Urine,UVOC_G,https://wwwn.cdc.gov/Nchs/Data/Nhanes/Public/2011/DataFiles/UVOC_G.xpt,https://wwwn.cdc.gov/Nchs/Data/Nhanes/Public/2011/DataFiles/UVOC_G.htm,1126.4,Updated November 2021,True
2011-2012,Laboratory,Volatile Organic Compound (VOC) Metabolites - Urine - Special Sample,UVOCS_G,https://wwwn.cdc.gov/Nchs/Data/Nhanes/Public/2011/DataFiles/UVOCS_G.xpt,https://wwwn.cdc.gov/Nchs/Data/Nhanes/Public/2011/DataFiles/UVOCS_G.htm,1024.0,Updated November 2021,True
2011-2012,Laboratory,Volatile Organic Compounds (VOCs) - Blood,VOCWB_G,https://wwwn.cdc.gov/Nchs/Data/Nhanes/Public/2011/DataFiles/VOCWB_G.xpt,https://wwwn.cdc.gov/Nchs/Data/Nhanes/Public/2011/DataFiles/VOCWB_G.htm,1740.8,April 2017,True
2011-2012,Laboratory,Volatile Organic Compounds (VOCs) - Trihalomethanes/MTBE/Nitromethane - Blood,VOCMWB_G,https://wwwn.cdc.gov/Nchs/Data/Nhanes/Public/2011/DataFiles/VOCMWB_G.xpt,https://wwwn.cdc.gov/Nchs/Data/Nhanes/Public/2011/DataFiles/VOCMWB_G.htm,363.0,February 2018,True
2011-2012,Questionnaire,Acculturation,ACQ_G,https://wwwn.cdc.gov/Nchs/Data/Nhanes/Public/2011/DataFiles/ACQ_G.xpt,https://wwwn.cdc.gov/Nchs/Data/Nhanes/Public/2011/DataFiles/ACQ_G.htm,321.9,August 2014,True
2011-2012,Questionnaire,Alcohol Use,ALQ_G,https://wwwn.cdc.gov/Nchs/Data/Nhanes/Public/2011/DataFiles/ALQ_G.xpt,https://wwwn.cdc.gov/Nchs/Data/Nhanes/Public/2011/DataFiles/ALQ_G.htm,440.8,October 2013,True
2011-2012,Questionnaire,Audiometry,AUQ_G,https://wwwn.cdc.gov/Nchs/Data/Nhanes/Public/2011/DataFiles/AUQ_G.xpt,https://wwwn.cdc.gov/Nchs/Data/Nhanes/Public/2011/DataFiles/AUQ_G.htm,2150.4,December 2013,True
2011-2012,Questionnaire,Blood Pressure & Cholesterol,BPQ_G,https://wwwn.cdc.gov/Nchs/Data/Nhanes/Public/2011/DataFiles/BPQ_G.xpt,https://wwwn.cdc.gov/Nchs/Data/Nhanes/Public/2011/DataFiles/BPQ_G.htm,726.5,September 2013,True
2011-2012,Questionnaire,Cardiovascular Health,CDQ_G,https://wwwn.cdc.gov/Nchs/Data/Nhanes/Public/2011/DataFiles/CDQ_G.xpt,https://wwwn.cdc.gov/Nchs/Data/Nhanes/Public/2011/DataFiles/CDQ_G.htm,481.6,September 2013,True
2011-2012,Questionnaire,Cognitive Functioning,CFQ_G,https://wwwn.cdc.gov/Nchs/Data/Nhanes/Public/2011/DataFiles/CFQ_G.xpt,https://wwwn.cdc.gov/Nchs/Data/Nhanes/Public/2011/DataFiles/CFQ_G.htm,253.8,March 2017,True
2011-2012,Questionnaire,Consumer Behavior,CBQ_G,https://wwwn.cdc.gov/Nchs/Data/Nhanes/Public/2011/DataFiles/CBQ_G.xpt,https://wwwn.cdc.gov/Nchs/Data/Nhanes/Public/2011/DataFiles/CBQ_G.htm,458.9,February 2015,True
2011-2012,Questionnaire,Creatine Kinase,CKQ_G,https://wwwn.cdc.gov/Nchs/Data/Nhanes/Public/2011/DataFiles/CKQ_G.xpt,https://wwwn.cdc.gov/Nchs/Data/Nhanes/Public/2011/DataFiles/CKQ_G.htm,411.2,September 2013,True
2011-2012,Questionnaire,Current Health Status,HSQ_G,https://wwwn.cdc.gov/Nchs/Data/Nhanes/Public/2011/DataFiles/HSQ_G.xpt,https://wwwn.cdc.gov/Nchs/Data/Nhanes/Public/2011/DataFiles/HSQ_G.htm,982.3,September 2013,True
2011-2012,Questionnaire,Dermatology,DEQ_G,https://wwwn.cdc.gov/Nchs/Data/Nhanes/Public/2011/DataFiles/DEQ_G.xpt,https://wwwn.cdc.gov/Nchs/Data/Nhanes/Public/2011/DataFiles/DEQ_G.htm,267.0,Updated August 2017,True
2011-2012,Questionnaire,Diabetes,DIQ_G,https://wwwn.cdc.gov/Nchs/Data/Nhanes/Public/2011/DataFiles/DIQ_G.xpt,https://wwwn.cdc.gov/Nchs/Data/Nhanes/Public/2011/DataFiles/DIQ_G.htm,3891.2,September 2013,True
2011-2012,Questionnaire,Diet Behavior & Nutrition,DBQ_G,https://wwwn.cdc.gov/Nchs/Data/Nhanes/Public/2011/DataFiles/DBQ_G.xpt,https://wwwn.cdc.gov/Nchs/Data/Nhanes/Public/2011/DataFiles/DBQ_G.htm,3276.8,February 2015,True
2011-2012,Questionnaire,Drug Use,DUQ_G,https://wwwn.cdc.gov/Nchs/Data/Nhanes/Public/2011/DataFiles/DUQ_G.xpt,https://wwwn.cdc.gov/Nchs/Data/Nhanes/Public/2011/DataFiles/DUQ_G.htm,1536.0,November 2013,True
2011-2012,Questionnaire,Early Childhood,ECQ_G,https://wwwn.cdc.gov/Nchs/Data/Nhanes/Public/2011/DataFiles/ECQ_G.xpt,https://wwwn.cdc.gov/Nchs/Data/Nhanes/Public/2011/DataFiles/ECQ_G.htm,281.9,September 2013,True
2011-2012,Questionnaire,Food Security,FSQ_G,https://wwwn.cdc.gov/Nchs/Data/Nhanes/Public/2011/DataFiles/FSQ_G.xpt,https://wwwn.cdc.gov/Nchs/Data/Nhanes/Public/2011/DataFiles/FSQ_G.htm,2969.6,July 2015,True
2011-2012,Questionnaire,Health Insurance,HIQ_G,https://wwwn.cdc.gov/Nchs/Data/Nhanes/Public/2011/DataFiles/HIQ_G.xpt,https://wwwn.cdc.gov/Nchs/Data/Nhanes/Public/2011/DataFiles/HIQ_G.htm,1331.2,September 2013,True
2011-2012,Questionnaire,Hepatitis C Follow Up,HCQ_G,https://wwwn.cdc.gov/Nchs/Data/Nhanes/Public/2011/DataFiles/HCQ_G.xpt,https://wwwn.cdc.gov/Nchs/Data/Nhanes/Public/2011/DataFiles/HCQ_G.htm,33.6,July 2014,True
2011-2012,Questionnaire,Hospital Utilization & Access to Care,HUQ_G,https://wwwn.cdc.gov/Nchs/Data/Nhanes/Public/2011/DataFiles/HUQ_G.xpt,https://wwwn.cdc.gov/Nchs/Data/Nhanes/Public/2011/DataFiles/HUQ_G.htm,764.3,September 2013,True
2011-2012,Questionnaire,Housing Characteristics,HOQ_G,https://wwwn.cdc.gov/Nchs/Data/Nhanes/Public/2011/DataFiles/HOQ_G.xpt,https://wwwn.cdc.gov/Nchs/Data/Nhanes/Public/2011/DataFiles/HOQ_G.htm,229.8,September 2013,True
2011-2012,Questionnaire,Immunization,IMQ_G,https://wwwn.cdc.gov/Nchs/Data/Nhanes/Public/2011/DataFiles/IMQ_G.xpt,https://wwwn.cdc.gov/Nchs/Data/Nhanes/Public/2011/DataFiles/IMQ_G.htm,611.6,September 2013,True
2011-2012,Questionnaire,Income,INQ_G,https://wwwn.cdc.gov/Nchs/Data/Nhanes/Public/2011/DataFiles/INQ_G.xpt,https://wwwn.cdc.gov/Nchs/Data/Nhanes/Public/2011/DataFiles/INQ_G.htm,1126.4,February 2015,True
2011-2012,Questionnaire,Kidney Conditions - Urology,KIQ_U_G,https://wwwn.cdc.gov/Nchs/Data/Nhanes/Public/2011/DataFiles/KIQ_U_G.xpt,https://wwwn.cdc.gov/Nchs/Data/Nhanes/Public/2011/DataFiles/KIQ_U_G.htm,697.9,November 2014,True
2011-2012,Questionnaire,Medical Conditions,MCQ_G,https://wwwn.cdc.gov/Nchs/Data/Nhanes/Public/2011/DataFiles/MCQ_G.xpt,https://wwwn.cdc.gov/Nchs/Data/Nhanes/Public/2011/DataFiles/MCQ_G.htm,6758.4,September 2013,True
2011-2012,Questionnaire,Mental Health - Depression Screener,DPQ_G,https://wwwn.cdc.gov/Nchs/Data/Nhanes/Public/2011/DataFiles/DPQ_G.xpt,https://wwwn.cdc.gov/Nchs/Data/Nhanes/Public/2011/DataFiles/DPQ_G.htm,484.8,September 2013,True
2011-2012,Questionnaire,Occupation,OCQ_G,https://wwwn.cdc.gov/Nchs/Data/Nhanes/Public/2011/DataFiles/OCQ_G.xpt,https://wwwn.cdc.gov/Nchs/Data/Nhanes/Public/2011/DataFiles/OCQ_G.htm,1024.0,Updated September 2017,True
2011-2012,Questionnaire,Oral Health,OHQ_G,https://wwwn.cdc.gov/Nchs/Data/Nhanes/Public/2011/DataFiles/OHQ_G.xpt,https://wwwn.cdc.gov/Nchs/Data/Nhanes/Public/2011/DataFiles/OHQ_G.htm,2457.6,March 2014,True
2011-2012,Questionnaire,Pesticide Use,PUQMEC_G,https://wwwn.cdc.gov/Nchs/Data/Nhanes/Public/2011/DataFiles/PUQMEC_G.xpt,https://wwwn.cdc.gov/Nchs/Data/Nhanes/Public/2011/DataFiles/PUQMEC_G.htm,184.5,September 2013,True
2011-2012,Questionnaire,Physical Activity,PAQ_G,https://wwwn.cdc.gov/Nchs/Data/Nhanes/Public/2011/DataFiles/PAQ_G.xpt,https://wwwn.cdc.gov/Nchs/Data/Nhanes/Public/2011/DataFiles/PAQ_G.htm,1536.0,Updated March 2017,True
2011-2012,Questionnaire,Physical Functioning,PFQ_G,https://wwwn.cdc.gov/Nchs/Data/Nhanes/Public/2011/DataFiles/PFQ_G.xpt,https://wwwn.cdc.gov/Nchs/Data/Nhanes/Public/2011/DataFiles/PFQ_G.htm,2252.8,September 2013,True
2011-2012,Questionnaire,Prescription Medications,RXQ_RX_G,https://wwwn.cdc.gov/Nchs/Data/Nhanes/Public/2011/DataFiles/RXQ_RX_G.xpt,https://wwwn.cdc.gov/Nchs/Data/Nhanes/Public/2011/DataFiles/RXQ_RX_G.htm,2969.6,July 2014,True
2011-2012,Questionnaire,Prescription Medications - Drug Information,RXQ_DRUG,https://wwwn.cdc.gov/Nchs/Data/Nhanes/Public/1988/DataFiles/RXQ_DRUG.xpt,https://wwwn.cdc.gov/Nchs/Data/Nhanes/Public/1988/DataFiles/RXQ_DRUG.htm,3276.8,Updated September 2021,True
2011-2012,Questionnaire,Preventive Aspirin Use,RXQASA_G,https://wwwn.cdc.gov/Nchs/Data/Nhanes/Public/2011/DataFiles/RXQASA_G.xpt,https://wwwn.cdc.gov/Nchs/Data/Nhanes/Public/2011/DataFiles/RXQASA_G.htm,227.0,September 2013,True
2011-2012,Questionnaire,Reproductive Health,RHQ_G,https://wwwn.cdc.gov/Nchs/Data/Nhanes/Public/2011/DataFiles/RHQ_G.xpt,https://wwwn.cdc.gov/Nchs/Data/Nhanes/Public/2011/DataFiles/RHQ_G.htm,1536.0,Updated December 2017,True
2011-2012,Questionnaire,Respiratory Health,RDQ_G,https://wwwn.cdc.gov/Nchs/Data/Nhanes/Public/2011/DataFiles/RDQ_G.xpt,https://wwwn.cdc.gov/Nchs/Data/Nhanes/Public/2011/DataFiles/RDQ_G.htm,1126.4,September 2013,True
2011-2012,Questionnaire,Sexual Behavior,SXQ_G,https://wwwn.cdc.gov/Nchs/Data/Nhanes/Public/2011/DataFiles/SXQ_G.xpt,https://wwwn.cdc.gov/Nchs/Data/Nhanes/Public/2011/DataFiles/SXQ_G.htm,1843.2,September 2013,True
2011-2012,Questionnaire,Sleep Disorders,SLQ_G,https://wwwn.cdc.gov/Nchs/Data/Nhanes/Public/2011/DataFiles/SLQ_G.xpt,https://wwwn.cdc.gov/Nchs/Data/Nhanes/Public/2011/DataFiles/SLQ_G.htm,194.2,November 2013,True
2011-2012,Questionnaire,Smoking - Cigarette Use,SMQ_G,https://wwwn.cdc.gov/Nchs/Data/Nhanes/Public/2011/DataFiles/SMQ_G.xpt,https://wwwn.cdc.gov/Nchs/Data/Nhanes/Public/2011/DataFiles/SMQ_G.htm,1945.6,Updated May 2015,True
2011-2012,Questionnaire,Smoking - Household Smokers,SMQFAM_G,https://wwwn.cdc.gov/Nchs/Data/Nhanes/Public/2011/DataFiles/SMQFAM_G.xpt,https://wwwn.cdc.gov/Nchs/Data/Nhanes/Public/2011/DataFiles/SMQFAM_G.htm,382.5,September 2013,True
2011-2012,Questionnaire,Smoking - Recent Tobacco Use,SMQRTU_G,https://wwwn.cdc.gov/Nchs/Data/Nhanes/Public/2011/DataFiles/SMQRTU_G.xpt,https://wwwn.cdc.gov/Nchs/Data/Nhanes/Public/2011/DataFiles/SMQRTU_G.htm,1228.8,September 2013,True
2011-2012,Questionnaire,Taste & Smell,CSQ_G,https://wwwn.cdc.gov/Nchs/Data/Nhanes/Public/2011/DataFiles/CSQ_G.xpt,https://wwwn.cdc.gov/Nchs/Data/Nhanes/Public/2011/DataFiles/CSQ_G.htm,990.8,September 2013,True
2011-2012,Questionnaire,Tuberculosis,TBQ_G,https://wwwn.cdc.gov/Nchs/Data/Nhanes/Public/2011/DataFiles/TBQ_G.xpt,https://wwwn.cdc.gov/Nchs/Data/Nhanes/Public/2011/DataFiles/TBQ_G.htm,831.4,November 2013,True
2011-2012,Questionnaire,Volatile Toxicant,VTQ_G,https://wwwn.cdc.gov/Nchs/Data/Nhanes/Public/2011/DataFiles/VTQ_G.xpt,https://wwwn.cdc.gov/Nchs/Data/Nhanes/Public/2011/DataFiles/VTQ_G.htm,569.9,April 2017,True
2011-2012,Questionnaire,Weight History,WHQ_G,https://wwwn.cdc.gov/Nchs/Data/Nhanes/Public/2011/DataFiles/WHQ_G.xpt,https://wwwn.cdc.gov/Nchs/Data/Nhanes/Public/2011/DataFiles/WHQ_G.htm,3072.0,July 2014,True
2011-2012,Questionnaire,Weight History - Youth,WHQMEC_G,https://wwwn.cdc.gov/Nchs/Data/Nhanes/Public/2011/DataFiles/WHQMEC_G.xpt,https://wwwn.cdc.gov/Nchs/Data/Nhanes/Public/2011/DataFiles/WHQMEC_G.htm,289.3,March 2014,True
2011-2012,LimitedAccess,Albumin & Creatinine - Urine,,,https://wwwn.cdc.gov/Nchs/Data/Nhanes/Public/2011/DataFiles/ALCR_G_R.htm,,August 2016,False
2011-2012,LimitedAccess,Alcohol Use - Youth,,,https://wwwn.cdc.gov/Nchs/Data/Nhanes/Public/2011/DataFiles/ALQY_G_R.htm,,October 2013,False
2011-2012,LimitedAccess,California - Demographic Variables & Sample Weights,,,https://wwwn.cdc.gov/Nchs/Data/Nhanes/Public/2007/DataFiles/CDEMO_EH.htm,,October 2015,False
2011-2012,LimitedAccess,Drug Use - Youth,,,https://wwwn.cdc.gov/Nchs/Data/Nhanes/Public/2011/DataFiles/DUQY_G_R.htm,,November 2013,False
2011-2012,LimitedAccess,Food Security - Pregnant Women,,,https://wwwn.cdc.gov/Nchs/Data/Nhanes/Public/2011/DataFiles/FSQ_G_R.htm,,July 2015,False
2011-2012,LimitedAccess,"Geocoded Data, NHANES 1999-2016, Census 2000",,,https://wwwn.cdc.gov/Nchs/Data/Nhanes/Public/1999/DataFiles/GEO_2000.htm,,March 2018,False
2011-2012,LimitedAccess,"Geocoded Data, NHANES 1999-2018, Census 2010",,,https://wwwn.cdc.gov/Nchs/Data/Nhanes/Public/1999/DataFiles/GEO_2010.htm,,Updated July 2021,False
2011-2012,LimitedAccess,"Geocoded Data, NHANES 1999-March 2020, Census 2020",,,https://wwwn.cdc.gov/Nchs/Data/Nhanes/Public/1999/DataFiles/GEO_2020.htm,,October 2023,False
2011-2012,LimitedAccess,Herpes Simplex Virus Type-2 - Youth,,,https://wwwn.cdc.gov/Nchs/Data/Nhanes/Public/2011/DataFiles/HSV_G_R.htm,,November 2013,False
2011-2012,LimitedAccess,Human Papillomavirus (HPV) - Oral Rinse - Youth,,,https://wwwn.cdc.gov/Nchs/Data/Nhanes/Public/2011/DataFiles/OHPV_G_R.htm,,February 2014,False
2011-2012,LimitedAccess,Human Papillomavirus (HPV) DNA - Vaginal Swab: Digene Hybrid Capture & Roche Linear Array - Youth,,,https://wwwn.cdc.gov/Nchs/Data/Nhanes/Public/2011/DataFiles/HPVS_G_R.htm,,March 2015,False
2011-2012,LimitedAccess,Iodine - Urine - Pregnant Women (Surplus),,,https://wwwn.cdc.gov/Nchs/Data/Nhanes/Public/2009/DataFiles/SSUIFG_R.htm,,Updated May 2022,False
2011-2012,LimitedAccess,"Los Angeles County, California - Demographic Variables & Sample Weights",,,https://wwwn.cdc.gov/Nchs/Data/Nhanes/Public/2007/DataFiles/LDEMO_EH.htm,,October 2015,False
2011-2012,LimitedAccess,Mental Health - Depression Screener - Youth,,,https://wwwn.cdc.gov/Nchs/Data/Nhanes/Public/2011/DataFiles/DPQY_G_R.htm,,September 2013,False
2011-2012,LimitedAccess,Occupation - Industry & Occupation Codes,,,https://wwwn.cdc.gov/Nchs/Data/Nhanes/Public/2011/DataFiles/OCQ_G_R.htm,,September 2017,False
2011-2012,LimitedAccess,Oral Microbiome Project,,,https://wwwn.cdc.gov/Nchs/Nhanes/Omp/Default.aspx,,October 2022,False
2011-2012,LimitedAccess,Physical Activity Monitor - Ambient Light Raw Data,,,https://wwwn.cdc.gov/Nchs/Data/Nhanes/Public/2012/DataFiles/PAXLUX_G_R.htm,,October 2022,False
2011-2012,LimitedAccess,Physical Activity Monitor - Day,,,https://wwwn.cdc.gov/Nchs/Data/Nhanes/Public/2012/DataFiles/PAXD_G_R.htm,,November 2020,False
2011-2012,LimitedAccess,Physical Activity Monitor - Header,,,https://wwwn.cdc.gov/Nchs/Data/Nhanes/Public/2012/DataFiles/PAXA_G_R.htm,,November 2020,False
2011-2012,LimitedAccess,Physical Activity Monitor - Hour,,,https://wwwn.cdc.gov/Nchs/Data/Nhanes/Public/2012/DataFiles/PAXH_G_R.htm,,November 2020,False
2011-2012,LimitedAccess,Physical Activity Monitor - Minute,,,https://wwwn.cdc.gov/Nchs/Data/Nhanes/Public/2012/DataFiles/PAXM_G_R.htm,,Updated October 2022,False
2011-2012,LimitedAccess,Physical Activity Monitor - Raw Data 80hz,,,https://wwwn.cdc.gov/Nchs/Data/Nhanes/Public/2011/DataFiles/PAX80_G_R.htm,,Updated October 2022,False
2011-2012,LimitedAccess,Reproductive Health - Pregnant Women,,,https://wwwn.cdc.gov/Nchs/Data/Nhanes/Public/2011/DataFiles/RHQ_G_R.htm,,September 2013,False
2011-2012,LimitedAccess,Sexual Behavior - Youth,,,https://wwwn.cdc.gov/Nchs/Data/Nhanes/Public/2011/DataFiles/SXQY_G_R.htm,,September 2013,False
2011-2012,LimitedAccess,Taste & Smell,,,https://wwwn.cdc.gov/Nchs/Data/Nhanes/Public/2012/DataFiles/CSX_G_R.htm,,April 2014,False
2011-2012,LimitedAccess,"Urinary Chlamydia, Ages 14-17",,,https://wwwn.cdc.gov/Nchs/Data/Nhanes/Public/2011/DataFiles/CHLM_G_R.htm,,November 2013,False
2013-2014,Demographics,Demographic Variables and Sample Weights,DEMO_H,https://wwwn.cdc.gov/Nchs/Data/Nhanes/Public/2013/DataFiles/DEMO_H.xpt,https://wwwn.cdc.gov/Nchs/Data/Nhanes/Public/2013/DataFiles/DEMO_H.htm,3788.8,October 2015,True
2013-2014,Dietary,"Dietary Interview - Individual Foods, First Day",DR1IFF_H,https://wwwn.cdc.gov/Nchs/Data/Nhanes/Public/2013/DataFiles/DR1IFF_H.xpt,https://wwwn.cdc.gov/Nchs/Data/Nhanes/Public/2013/DataFiles/DR1IFF_H.htm,86220.8,September 2016,True
2013-2014,Dietary,"Dietary Interview - Individual Foods, Second Day",DR2IFF_H,https://wwwn.cdc.gov/Nchs/Data/Nhanes/Public/2013/DataFiles/DR2IFF_H.xpt,https://wwwn.cdc.gov/Nchs/Data/Nhanes/Public/2013/DataFiles/DR2IFF_H.htm,73932.8,September 2016,True
2013-2014,Dietary,"Dietary Interview - Total Nutrient Intakes, First Day",DR1TOT_H,https://wwwn.cdc.gov/Nchs/Data/Nhanes/Public/2013/DataFiles/DR1TOT_H.xpt,https://wwwn.cdc.gov/Nchs/Data/Nhanes/Public/2013/DataFiles/DR1TOT_H.htm,12902.4,September 2016,True
2013-2014,Dietary,"Dietary Interview - Total Nutrient Intakes, Second Day",DR2TOT_H,https://wwwn.cdc.gov/Nchs/Data/Nhanes/Public/2013/DataFiles/DR2TOT_H.xpt,https://wwwn.cdc.gov/Nchs/Data/Nhanes/Public/2013/DataFiles/DR2TOT_H.htm,6553.6,September 2016,True
2013-2014,Dietary,Dietary Interview Technical Support File - Food Codes,DRXFCD_H,https://wwwn.cdc.gov/Nchs/Data/Nhanes/Public/2013/DataFiles/DRXFCD_H.xpt,https://wwwn.cdc.gov/Nchs/Data/Nhanes/Public/2013/DataFiles/DRXFCD_H.htm,2252.8,September 2016,True
2013-2014,Dietary,Dietary Supplement Database - Blend Information,DSBI,https://wwwn.cdc.gov/Nchs/Data/Nhanes/Public/1999/DataFiles/DSBI.xpt,https://wwwn.cdc.gov/Nchs/Data/Nhanes/Public/1999/DataFiles/DSBI.htm,10240.0,February 2025,True
2013-2014,Dietary,Dietary Supplement Database - Ingredient Information,DSII,https://wwwn.cdc.gov/Nchs/Data/Nhanes/Public/1999/DataFiles/DSII.xpt,https://wwwn.cdc.gov/Nchs/Data/Nhanes/Public/1999/DataFiles/DSII.htm,84377.6,February 2025,True
2013-2014,Dietary,Dietary Supplement Database - Product Information,DSPI,https://wwwn.cdc.gov/Nchs/Data/Nhanes/Public/1999/DataFiles/DSPI.xpt,https://wwwn.cdc.gov/Nchs/Data/Nhanes/Public/1999/DataFiles/DSPI.htm,6656.0,February 2025,True
2013-2014,Dietary,"Dietary Supplement Use 24-Hour - Individual Dietary Supplements, First Day",DS1IDS_H,https://wwwn.cdc.gov/Nchs/Data/Nhanes/Public/2013/DataFiles/DS1IDS_H.xpt,https://wwwn.cdc.gov/Nchs/Data/Nhanes/Public/2013/DataFiles/DS1IDS_H.htm,3276.8,Updated December 2016,True
2013-2014,Dietary,"Dietary Supplement Use 24-Hour - Individual Dietary Supplements, Second Day",DS2IDS_H,https://wwwn.cdc.gov/Nchs/Data/Nhanes/Public/2013/DataFiles/DS2IDS_H.xpt,https://wwwn.cdc.gov/Nchs/Data/Nhanes/Public/2013/DataFiles/DS2IDS_H.htm,3276.8,Updated December 2016,True
2013-2014,Dietary,"Dietary Supplement Use 24-Hour - Total Dietary Supplements, First Day",DS1TOT_H,https://wwwn.cdc.gov/Nchs/Data/Nhanes/Public/2013/DataFiles/DS1TOT_H.xpt,https://wwwn.cdc.gov/Nchs/Data/Nhanes/Public/2013/DataFiles/DS1TOT_H.htm,3788.8,Updated December 2016,True
2013-2014,Dietary,"Dietary Supplement Use 24-Hour - Total Dietary Supplements, Second Day",DS2TOT_H,https://wwwn.cdc.gov/Nchs/Data/Nhanes/Public/2013/DataFiles/DS2TOT_H.xpt,https://wwwn.cdc.gov/Nchs/Data/Nhanes/Public/2013/DataFiles/DS2TOT_H.htm,3788.8,Updated December 2016,True
2013-2014,Dietary,Dietary Supplement Use 30-Day - Individual Dietary Supplements,DSQIDS_H,https://wwwn.cdc.gov/Nchs/Data/Nhanes/Public/2013/DataFiles/DSQIDS_H.xpt,https://wwwn.cdc.gov/Nchs/Data/Nhanes/Public/2013/DataFiles/DSQIDS_H.htm,7884.8,Updated December 2016,True
2013-2014,Dietary,Dietary Supplement Use 30-Day - Total Dietary Supplements,DSQTOT_H,https://wwwn.cdc.gov/Nchs/Data/Nhanes/Public/2013/DataFiles/DSQTOT_H.xpt,https://wwwn.cdc.gov/Nchs/Data/Nhanes/Public/2013/DataFiles/DSQTOT_H.htm,3072.0,Updated December 2016,True
2013-2014,Examination,Blood Pressure,BPX_H,https://wwwn.cdc.gov/Nchs/Data/Nhanes/Public/2013/DataFiles/BPX_H.xpt,https://wwwn.cdc.gov/Nchs/Data/Nhanes/Public/2013/DataFiles/BPX_H.htm,1740.8,October 2015,True
2013-2014,Examination,Body Measures,BMX_H,https://wwwn.cdc.gov/Nchs/Data/Nhanes/Public/2013/DataFiles/BMX_H.xpt,https://wwwn.cdc.gov/Nchs/Data/Nhanes/Public/2013/DataFiles/BMX_H.htm,2048.0,October 2015,True
2013-2014,Examination,Dual-Energy X-ray Absorptiometry - Abdominal Aortic Calcification,DXXAAC_H,https://wwwn.cdc.gov/Nchs/Data/Nhanes/Public/2013/DataFiles/DXXAAC_H.xpt,https://wwwn.cdc.gov/Nchs/Data/Nhanes/Public/2013/DataFiles/DXXAAC_H.htm,582.8,September 2018,True
2013-2014,Examination,Dual-Energy X-ray Absorptiometry - Android/Gynoid Measurements,DXXAG_H,https://wwwn.cdc.gov/Nchs/Data/Nhanes/Public/2013/DataFiles/DXXAG_H.xpt,https://wwwn.cdc.gov/Nchs/Data/Nhanes/Public/2013/DataFiles/DXXAG_H.htm,1126.4,October 2021,True
2013-2014,Examination,Dual-Energy X-ray Absorptiometry - Femur,DXXFEM_H,https://wwwn.cdc.gov/Nchs/Data/Nhanes/Public/2013/DataFiles/DXXFEM_H.xpt,https://wwwn.cdc.gov/Nchs/Data/Nhanes/Public/2013/DataFiles/DXXFEM_H.htm,582.8,October 2015,True
2013-2014,Examination,Dual-Energy X-ray Absorptiometry - FRAX Score,DXXFRX_H,https://wwwn.cdc.gov/Nchs/Data/Nhanes/Public/2013/DataFiles/DXXFRX_H.xpt,https://wwwn.cdc.gov/Nchs/Data/Nhanes/Public/2013/DataFiles/DXXFRX_H.htm,175.4,Updated January 2016,True
2013-2014,Examination,Dual-Energy X-ray Absorptiometry - L1 Vertebrae Morphology,DXXL1_H,https://wwwn.cdc.gov/Nchs/Data/Nhanes/Public/2013/DataFiles/DXXL1_H.xpt,https://wwwn.cdc.gov/Nchs/Data/Nhanes/Public/2013/DataFiles/DXXL1_H.htm,6348.8,December 2018,True
2013-2014,Examination,Dual-Energy X-ray Absorptiometry - L2 Vertebrae Morphology,DXXL2_H,https://wwwn.cdc.gov/Nchs/Data/Nhanes/Public/2013/DataFiles/DXXL2_H.xpt,https://wwwn.cdc.gov/Nchs/Data/Nhanes/Public/2013/DataFiles/DXXL2_H.htm,6348.8,December 2018,True
2013-2014,Examination,Dual-Energy X-ray Absorptiometry - L3 Vertebrae Morphology,DXXL3_H,https://wwwn.cdc.gov/Nchs/Data/Nhanes/Public/2013/DataFiles/DXXL3_H.xpt,https://wwwn.cdc.gov/Nchs/Data/Nhanes/Public/2013/DataFiles/DXXL3_H.htm,6348.8,December 2018,True
2013-2014,Examination,Dual-Energy X-ray Absorptiometry - L4 Vertebrae Morphology,DXXL4_H,https://wwwn.cdc.gov/Nchs/Data/Nhanes/Public/2013/DataFiles/DXXL4_H.xpt,https://wwwn.cdc.gov/Nchs/Data/Nhanes/Public/2013/DataFiles/DXXL4_H.htm,6348.8,December 2018,True
2013-2014,Examination,Dual-Energy X-ray Absorptiometry - Spine,DXXSPN_H,https://wwwn.cdc.gov/Nchs/Data/Nhanes/Public/2013/DataFiles/DXXSPN_H.xpt,https://wwwn.cdc.gov/Nchs/Data/Nhanes/Public/2013/DataFiles/DXXSPN_H.htm,699.3,October 2015,True
2013-2014,Examination,Dual-Energy X-ray Absorptiometry - T10 Vertebrae Morphology,DXXT10_H,https://wwwn.cdc.gov/Nchs/Data/Nhanes/Public/2013/DataFiles/DXXT10_H.xpt,https://wwwn.cdc.gov/Nchs/Data/Nhanes/Public/2013/DataFiles/DXXT10_H.htm,6348.8,December 2018,True
2013-2014,Examination,Dual-Energy X-ray Absorptiometry - T11 Vertebrae Morphology,DXXT11_H,https://wwwn.cdc.gov/Nchs/Data/Nhanes/Public/2013/DataFiles/DXXT11_H.xpt,https://wwwn.cdc.gov/Nchs/Data/Nhanes/Public/2013/DataFiles/DXXT11_H.htm,6348.8,December 2018,True
2013-2014,Examination,Dual-Energy X-ray Absorptiometry - T12 Vertebrae Morphology,DXXT12_H,https://wwwn.cdc.gov/Nchs/Data/Nhanes/Public/2013/DataFiles/DXXT12_H.xpt,https://wwwn.cdc.gov/Nchs/Data/Nhanes/Public/2013/DataFiles/DXXT12_H.htm,6348.8,December 2018,True
2013-2014,Examination,Dual-Energy X-ray Absorptiometry - T4 Vertebrae Morphology,DXXT4_H,https://wwwn.cdc.gov/Nchs/Data/Nhanes/Public/2013/DataFiles/DXXT4_H.xpt,https://wwwn.cdc.gov/Nchs/Data/Nhanes/Public/2013/DataFiles/DXXT4_H.htm,6348.8,December 2018,True
2013-2014,Examination,Dual-Energy X-ray Absorptiometry - T5 Vertebrae Morphology,DXXT5_H,https://wwwn.cdc.gov/Nchs/Data/Nhanes/Public/2013/DataFiles/DXXT5_H.xpt,https://wwwn.cdc.gov/Nchs/Data/Nhanes/Public/2013/DataFiles/DXXT5_H.htm,6348.8,December 2018,True
2013-2014,Examination,Dual-Energy X-ray Absorptiometry - T6 Vertebrae Morphology,DXXT6_H,https://wwwn.cdc.gov/Nchs/Data/Nhanes/Public/2013/DataFiles/DXXT6_H.xpt,https://wwwn.cdc.gov/Nchs/Data/Nhanes/Public/2013/DataFiles/DXXT6_H.htm,6348.8,December 2018,True
2013-2014,Examination,Dual-Energy X-ray Absorptiometry - T7 Vertebrae Morphology,DXXT7_H,https://wwwn.cdc.gov/Nchs/Data/Nhanes/Public/2013/DataFiles/DXXT7_H.xpt,https://wwwn.cdc.gov/Nchs/Data/Nhanes/Public/2013/DataFiles/DXXT7_H.htm,6348.8,December 2018,True
2013-2014,Examination,Dual-Energy X-ray Absorptiometry - T8 Vertebrae Morphology,DXXT8_H,https://wwwn.cdc.gov/Nchs/Data/Nhanes/Public/2013/DataFiles/DXXT8_H.xpt,https://wwwn.cdc.gov/Nchs/Data/Nhanes/Public/2013/DataFiles/DXXT8_H.htm,6348.8,December 2018,True
2013-2014,Examination,Dual-Energy X-ray Absorptiometry - T9 Vertebrae Morphology,DXXT9_H,https://wwwn.cdc.gov/Nchs/Data/Nhanes/Public/2013/DataFiles/DXXT9_H.xpt,https://wwwn.cdc.gov/Nchs/Data/Nhanes/Public/2013/DataFiles/DXXT9_H.htm,6348.8,December 2018,True
2013-2014,Examination,Dual-Energy X-ray Absorptiometry - Vertebral Fracture Assessment,DXXVFA_H,https://wwwn.cdc.gov/Nchs/Data/Nhanes/Public/2013/DataFiles/DXXVFA_H.xpt,https://wwwn.cdc.gov/Nchs/Data/Nhanes/Public/2013/DataFiles/DXXVFA_H.htm,844.8,October 2015,True
2013-2014,Examination,Dual-Energy X-ray Absorptiometry - Whole Body,DXX_H,https://wwwn.cdc.gov/Nchs/Data/Nhanes/Public/2013/DataFiles/DXX_H.xpt,https://wwwn.cdc.gov/Nchs/Data/Nhanes/Public/2013/DataFiles/DXX_H.htm,4403.2,March 2020,True
2013-2014,Examination,Fluorosis - Clinical,FLXCLN_H,https://wwwn.cdc.gov/Nchs/Data/Nhanes/Public/2013/DataFiles/FLXCLN_H.xpt,https://wwwn.cdc.gov/Nchs/Data/Nhanes/Public/2013/DataFiles/FLXCLN_H.htm,617.1,April 2019,True
2013-2014,Examination,Muscle Strength - Grip Test,MGX_H,https://wwwn.cdc.gov/Nchs/Data/Nhanes/Public/2013/DataFiles/MGX_H.xpt,https://wwwn.cdc.gov/Nchs/Data/Nhanes/Public/2013/DataFiles/MGX_H.htm,1843.2,June 2016,True
2013-2014,Examination,Oral Health - Dentition,OHXDEN_H,https://wwwn.cdc.gov/Nchs/Data/Nhanes/Public/2013/DataFiles/OHXDEN_H.xpt,https://wwwn.cdc.gov/Nchs/Data/Nhanes/Public/2013/DataFiles/OHXDEN_H.htm,7168.0,August 2016,True
2013-2014,Examination,Oral Health - Periodontal,OHXPER_H,https://wwwn.cdc.gov/Nchs/Data/Nhanes/Public/2013/DataFiles/OHXPER_H.xpt,https://wwwn.cdc.gov/Nchs/Data/Nhanes/Public/2013/DataFiles/OHXPER_H.htm,18636.8,August 2016,True
2013-2014,Examination,Oral Health - Recommendation of Care,OHXREF_H,https://wwwn.cdc.gov/Nchs/Data/Nhanes/Public/2013/DataFiles/OHXREF_H.xpt,https://wwwn.cdc.gov/Nchs/Data/Nhanes/Public/2013/DataFiles/OHXREF_H.htm,885.7,August 2016,True
2013-2014,Examination,Physical Activity Monitor - Ambient Light Raw Data,PAXLUX_H,https://wwwn.cdc.govhttps://ftp.cdc.gov/pub/paxlux_h,https://wwwn.cdc.gov/Nchs/Data/Nhanes/Public/2013/DataFiles/PAXLUX_H.htm,,October 2022,True
2013-2014,Examination,Physical Activity Monitor - Day,PAXDAY_H,https://wwwn.cdc.gov/Nchs/Data/Nhanes/Public/2013/DataFiles/PAXDAY_H.xpt,https://wwwn.cdc.gov/Nchs/Data/Nhanes/Public/2013/DataFiles/PAXDAY_H.htm,7168.0,November 2020,True
2013-2014,Examination,Physical Activity Monitor - Header,PAXHD_H,https://wwwn.cdc.gov/Nchs/Data/Nhanes/Public/2013/DataFiles/PAXHD_H.xpt,https://wwwn.cdc.gov/Nchs/Data/Nhanes/Public/2013/DataFiles/PAXHD_H.htm,428.5,November 2020,True
2013-2014,Examination,Physical Activity Monitor - Hour,PAXHR_H,https://wwwn.cdc.gov/Nchs/Data/Nhanes/Public/2013/DataFiles/PAXHR_H.xpt,https://wwwn.cdc.gov/Nchs/Data/Nhanes/Public/2013/DataFiles/PAXHR_H.htm,141312.0,November 2020,True
2013-2014,Examination,Physical Activity Monitor - Minute,PAXMIN_H,https://wwwn.cdc.govhttps://ftp.cdc.gov/pub/NHANES/LargeDataFiles/PAXMIN_H.xpt,https://wwwn.cdc.gov/Nchs/Data/Nhanes/Public/2013/DataFiles/PAXMIN_H.htm,9122611.2,Updated October 2022,True
2013-2014,Examination,Physical Activity Monitor - Raw Data 80hz,PAX_H,https://wwwn.cdc.govhttps://ftp.cdc.gov/pub/pax_h,https://wwwn.cdc.gov/Nchs/Data/Nhanes/Public/2013/DataFiles/PAX80_H.htm,,Updated October 2022,True
2013-2014,Examination,Taste & Smell,CSX_H,https://wwwn.cdc.gov/Nchs/Data/Nhanes/Public/2013/DataFiles/CSX_H.xpt,https://wwwn.cdc.gov/Nchs/Data/Nhanes/Public/2013/DataFiles/CSX_H.htm,1126.4,February 2016,True
2013-2014,Laboratory,Acrylamide & Glycidamide,AMDGYD_H,https://wwwn.cdc.gov/Nchs/Data/Nhanes/Public/2013/DataFiles/AMDGYD_H.xpt,https://wwwn.cdc.gov/Nchs/Data/Nhanes/Public/2013/DataFiles/AMDGYD_H.htm,130.7,December 2019,True
2013-2014,Laboratory,Acrylamide & Glycidamide - Special Sample,AMDGDS_H,https://wwwn.cdc.gov/Nchs/Data/Nhanes/Public/2013/DataFiles/AMDGDS_H.xpt,https://wwwn.cdc.gov/Nchs/Data/Nhanes/Public/2013/DataFiles/AMDGDS_H.htm,123.7,December 2019,True
2013-2014,Laboratory,Albumin & Creatinine - Urine,ALB_CR_H,https://wwwn.cdc.gov/Nchs/Data/Nhanes/Public/2013/DataFiles/ALB_CR_H.xpt,https://wwwn.cdc.gov/Nchs/Data/Nhanes/Public/2013/DataFiles/ALB_CR_H.htm,390.2,Updated September 2016,True
2013-2014,Laboratory,Aldehydes - Serum,ALD_H,https://wwwn.cdc.gov/Nchs/Data/Nhanes/Public/2013/DataFiles/ALD_H.xpt,https://wwwn.cdc.gov/Nchs/Data/Nhanes/Public/2013/DataFiles/ALD_H.htm,476.4,Updated October 2019,True
2013-2014,Laboratory,Aldehydes - Serum - Special Sample,ALDS_H,https://wwwn.cdc.gov/Nchs/Data/Nhanes/Public/2013/DataFiles/ALDS_H.xpt,https://wwwn.cdc.gov/Nchs/Data/Nhanes/Public/2013/DataFiles/ALDS_H.htm,533.4,Updated October 2019,True
2013-2014,Laboratory,Antibody to Toxocara spp. (Surplus),SSTOCA_H,https://wwwn.cdc.gov/Nchs/Data/Nhanes/Public/2013/DataFiles/SSTOCA_H.xpt,https://wwwn.cdc.gov/Nchs/Data/Nhanes/Public/2013/DataFiles/SSTOCA_H.htm,155.4,Updated April 2022,True
2013-2014,Laboratory,Apolipoprotein B,APOB_H,https://wwwn.cdc.gov/Nchs/Data/Nhanes/Public/2013/DataFiles/APOB_H.xpt,https://wwwn.cdc.gov/Nchs/Data/Nhanes/Public/2013/DataFiles/APOB_H.htm,105.3,February 2016,True
2013-2014,Laboratory,Aromatic Amines - Urine,AA_H,https://wwwn.cdc.gov/Nchs/Data/Nhanes/Public/2013/DataFiles/AA_H.xpt,https://wwwn.cdc.gov/Nchs/Data/Nhanes/Public/2013/DataFiles/AA_H.htm,304.0,February 2020,True
2013-2014,Laboratory,Aromatic Amines - Urine - Special Sample,AAS_H,https://wwwn.cdc.gov/Nchs/Data/Nhanes/Public/2013/DataFiles/AAS_H.xpt,https://wwwn.cdc.gov/Nchs/Data/Nhanes/Public/2013/DataFiles/AAS_H.htm,287.6,February 2020,True
2013-2014,Laboratory,Arsenic - Total - Urine,UTAS_H,https://wwwn.cdc.gov/Nchs/Data/Nhanes/Public/2013/DataFiles/UTAS_H.xpt,https://wwwn.cdc.gov/Nchs/Data/Nhanes/Public/2013/DataFiles/UTAS_H.htm,109.1,Updated February 2022,True
2013-2014,Laboratory,Arsenic - Total - Urine - Special Sample,UTASS_H,https://wwwn.cdc.gov/Nchs/Data/Nhanes/Public/2013/DataFiles/UTASS_H.xpt,https://wwwn.cdc.gov/Nchs/Data/Nhanes/Public/2013/DataFiles/UTASS_H.htm,103.2,Updated February 2022,True
2013-2014,Laboratory,Arsenics - Speciated - Urine,UAS_H,https://wwwn.cdc.gov/Nchs/Data/Nhanes/Public/2013/DataFiles/UAS_H.xpt,https://wwwn.cdc.gov/Nchs/Data/Nhanes/Public/2013/DataFiles/UAS_H.htm,325.7,January 2016,True
2013-2014,Laboratory,Arsenics - Speciated - Urine - Special Sample,UASS_H,https://wwwn.cdc.gov/Nchs/Data/Nhanes/Public/2013/DataFiles/UASS_H.xpt,https://wwwn.cdc.gov/Nchs/Data/Nhanes/Public/2013/DataFiles/UASS_H.htm,308.1,December 2015,True
2013-2014,Laboratory,Brominated Flame Retardants (BFRs) - Pooled Samples,BFRPOL_H,https://wwwn.cdc.gov/Nchs/Data/Nhanes/Public/2013/DataFiles/BFRPOL_H.xpt,https://wwwn.cdc.gov/Nchs/Data/Nhanes/Public/2013/DataFiles/BFRPOL_H.htm,99.7,Updated November 2020,True
2013-2014,Laboratory,Caffeine & Caffeine Metabolites - Urine,CAFE_H,https://wwwn.cdc.gov/Nchs/Data/Nhanes/Public/2013/DataFiles/CAFE_H.xpt,https://wwwn.cdc.gov/Nchs/Data/Nhanes/Public/2013/DataFiles/CAFE_H.htm,694.8,June 2020,True
2013-2014,Laboratory,Chlamydia - Urine,CHLMDA_H,https://wwwn.cdc.gov/Nchs/Data/Nhanes/Public/2013/DataFiles/CHLMDA_H.xpt,https://wwwn.cdc.gov/Nchs/Data/Nhanes/Public/2013/DataFiles/CHLMDA_H.htm,35.7,November 2015,True
2013-2014,Laboratory,Chlamydia Pgp3 (plasmid gene product 3) ELISA (enzyme linked immunosorbent assay) and multiplex bead array (MBA) results,SSCT_H,https://wwwn.cdc.gov/Nchs/Data/Nhanes/Public/2013/DataFiles/SSCT_H.xpt,https://wwwn.cdc.gov/Nchs/Data/Nhanes/Public/2013/DataFiles/SSCT_H.htm,37.3,Updated February 2021,True
2013-2014,Laboratory,Cholesterol - HDL,HDL_H,https://wwwn.cdc.gov/Nchs/Data/Nhanes/Public/2013/DataFiles/HDL_H.xpt,https://wwwn.cdc.gov/Nchs/Data/Nhanes/Public/2013/DataFiles/HDL_H.htm,195.5,Updated March 2016,True
2013-2014,Laboratory,Cholesterol - LDL & Triglycerides,TRIGLY_H,https://wwwn.cdc.gov/Nchs/Data/Nhanes/Public/2013/DataFiles/TRIGLY_H.xpt,https://wwwn.cdc.gov/Nchs/Data/Nhanes/Public/2013/DataFiles/TRIGLY_H.htm,157.7,March 2016,True
2013-2014,Laboratory,Cholesterol - Total,TCHOL_H,https://wwwn.cdc.gov/Nchs/Data/Nhanes/Public/2013/DataFiles/TCHOL_H.xpt,https://wwwn.cdc.gov/Nchs/Data/Nhanes/Public/2013/DataFiles/TCHOL_H.htm,195.5,Updated March 2016,True
2013-2014,Laboratory,Complete Blood Count with 5-part Differential - Whole Blood,CBC_H,https://wwwn.cdc.gov/Nchs/Data/Nhanes/Public/2013/DataFiles/CBC_H.xpt,https://wwwn.cdc.gov/Nchs/Data/Nhanes/Public/2013/DataFiles/CBC_H.htm,1536.0,July 2016,True
2013-2014,Laboratory,"Copper, Selenium & Zinc - Serum",CUSEZN_H,https://wwwn.cdc.gov/Nchs/Data/Nhanes/Public/2013/DataFiles/CUSEZN_H.xpt,https://wwwn.cdc.gov/Nchs/Data/Nhanes/Public/2013/DataFiles/CUSEZN_H.htm,195.7,January 2016,True
2013-2014,Laboratory,Cotinine and Hydroxycotinine - Serum,COT_H,https://wwwn.cdc.gov/Nchs/Data/Nhanes/Public/2013/DataFiles/COT_H.xpt,https://wwwn.cdc.gov/Nchs/Data/Nhanes/Public/2013/DataFiles/COT_H.htm,349.6,October 2017,True
2013-2014,Laboratory,"Cotinine, Hydroxycotinine, & Other Nicotine Metabolites and Analogs - Urine",UCOT_H,https://wwwn.cdc.gov/Nchs/Data/Nhanes/Public/2013/DataFiles/UCOT_H.xpt,https://wwwn.cdc.gov/Nchs/Data/Nhanes/Public/2013/DataFiles/UCOT_H.htm,455.6,May 2019,True
2013-2014,Laboratory,"Cotinine, Hydroxycotinine, & Other Nicotine Metabolites and Analogs - Urine - Special Sample",UCOTS_H,https://wwwn.cdc.gov/Nchs/Data/Nhanes/Public/2013/DataFiles/UCOTS_H.xpt,https://wwwn.cdc.gov/Nchs/Data/Nhanes/Public/2013/DataFiles/UCOTS_H.htm,431.0,May 2019,True
2013-2014,Laboratory,DEET and Metabolites,DEET_H,https://wwwn.cdc.gov/Nchs/Data/Nhanes/Public/2013/DataFiles/DEET_H.xpt,https://wwwn.cdc.gov/Nchs/Data/Nhanes/Public/2013/DataFiles/DEET_H.htm,196.0,March 2017,True
2013-2014,Laboratory,Ethylene Oxide,ETHOX_H,https://wwwn.cdc.gov/Nchs/Data/Nhanes/Public/2013/DataFiles/ETHOX_H.xpt,https://wwwn.cdc.gov/Nchs/Data/Nhanes/Public/2013/DataFiles/ETHOX_H.htm,87.3,Updated May 2023,True
2013-2014,Laboratory,Ethylene Oxide - Special Sample,ETHOXS_H,https://wwwn.cdc.gov/Nchs/Data/Nhanes/Public/2013/DataFiles/ETHOXS_H.xpt,https://wwwn.cdc.gov/Nchs/Data/Nhanes/Public/2013/DataFiles/ETHOXS_H.htm,82.7,Updated May 2023,True
2013-2014,Laboratory,Fasting Questionnaire,FASTQX_H,https://wwwn.cdc.gov/Nchs/Data/Nhanes/Public/2013/DataFiles/FASTQX_H.xpt,https://wwwn.cdc.gov/Nchs/Data/Nhanes/Public/2013/DataFiles/FASTQX_H.htm,1433.6,October 2015,True
2013-2014,Laboratory,Fatty Acids - Serum,FAS_H,https://wwwn.cdc.gov/Nchs/Data/Nhanes/Public/2013/DataFiles/FAS_H.xpt,https://wwwn.cdc.gov/Nchs/Data/Nhanes/Public/2013/DataFiles/FAS_H.htm,2560.0,March 2023,True
2013-2014,Laboratory,Flame Retardant Metabolites - Urine (Surplus),SSFLRT_H,https://wwwn.cdc.gov/Nchs/Data/Nhanes/Public/2013/DataFiles/SSFLRT_H.xpt,https://wwwn.cdc.gov/Nchs/Data/Nhanes/Public/2013/DataFiles/SSFLRT_H.htm,365.5,Updated April 2022,True
2013-2014,Laboratory,Fluoride - Plasma,FLDEP_H,https://wwwn.cdc.gov/Nchs/Data/Nhanes/Public/2013/DataFiles/FLDEP_H.xpt,https://wwwn.cdc.gov/Nchs/Data/Nhanes/Public/2013/DataFiles/FLDEP_H.htm,64.5,Updated November 2019,True
2013-2014,Laboratory,Fluoride - Water,FLDEW_H,https://wwwn.cdc.gov/Nchs/Data/Nhanes/Public/2013/DataFiles/FLDEW_H.xpt,https://wwwn.cdc.gov/Nchs/Data/Nhanes/Public/2013/DataFiles/FLDEW_H.htm,100.2,Updated November 2019,True
2013-2014,Laboratory,Folate - RBC,FOLATE_H,https://wwwn.cdc.gov/Nchs/Data/Nhanes/Public/2013/DataFiles/FOLATE_H.xpt,https://wwwn.cdc.gov/Nchs/Data/Nhanes/Public/2013/DataFiles/FOLATE_H.htm,222.0,February 2019,True
2013-2014,Laboratory,Folate Forms - Total & Individual - Serum,FOLFMS_H,https://wwwn.cdc.gov/Nchs/Data/Nhanes/Public/2013/DataFiles/FOLFMS_H.xpt,https://wwwn.cdc.gov/Nchs/Data/Nhanes/Public/2013/DataFiles/FOLFMS_H.htm,1126.4,February 2019,True
2013-2014,Laboratory,Formaldehyde,FORMAL_H,https://wwwn.cdc.gov/Nchs/Data/Nhanes/Public/2013/DataFiles/FORMAL_H.xpt,https://wwwn.cdc.gov/Nchs/Data/Nhanes/Public/2013/DataFiles/FORMAL_H.htm,87.3,March 2020,True
2013-2014,Laboratory,Formaldehyde - Special Sample,FORMAS_H,https://wwwn.cdc.gov/Nchs/Data/Nhanes/Public/2013/DataFiles/FORMAS_H.xpt,https://wwwn.cdc.gov/Nchs/Data/Nhanes/Public/2013/DataFiles/FORMAS_H.htm,82.7,March 2020,True
2013-2014,Laboratory,Glycohemoglobin,GHB_H,https://wwwn.cdc.gov/Nchs/Data/Nhanes/Public/2013/DataFiles/GHB_H.xpt,https://wwwn.cdc.gov/Nchs/Data/Nhanes/Public/2013/DataFiles/GHB_H.htm,110.1,October 2015,True
2013-2014,Laboratory,Glyphosate (GLYP) - Urine,SSGLYP_H,https://wwwn.cdc.gov/Nchs/Data/Nhanes/Public/2013/DataFiles/SSGLYP_H.xpt,https://wwwn.cdc.gov/Nchs/Data/Nhanes/Public/2013/DataFiles/SSGLYP_H.htm,73.7,June 2022,True
2013-2014,Laboratory,Hepatitis A,HEPA_H,https://wwwn.cdc.gov/Nchs/Data/Nhanes/Public/2013/DataFiles/HEPA_H.xpt,https://wwwn.cdc.gov/Nchs/Data/Nhanes/Public/2013/DataFiles/HEPA_H.htm,144.4,October 2015,True
2013-2014,Laboratory,"Hepatitis B: Core antibody, Surface antigen, and Hepatitis D: antibody",HEPBD_H,https://wwwn.cdc.gov/Nchs/Data/Nhanes/Public/2013/DataFiles/HEPBD_H.xpt,https://wwwn.cdc.gov/Nchs/Data/Nhanes/Public/2013/DataFiles/HEPBD_H.htm,325.3,Updated January 2026,True
2013-2014,Laboratory,Hepatitis B: Surface Antibody,HEPB_S_H,https://wwwn.cdc.gov/Nchs/Data/Nhanes/Public/2013/DataFiles/HEPB_S_H.xpt,https://wwwn.cdc.gov/Nchs/Data/Nhanes/Public/2013/DataFiles/HEPB_S_H.htm,144.4,October 2015,True
2013-2014,Laboratory,Hepatitis C: Confirmed Antibody (INNO-LIA),SSHEPC_H,https://wwwn.cdc.gov/Nchs/Data/Nhanes/Public/2013/DataFiles/SSHEPC_H.xpt,https://wwwn.cdc.gov/Nchs/Data/Nhanes/Public/2013/DataFiles/SSHEPC_H.htm,112.8,Updated November 2021,True
2013-2014,Laboratory,Hepatitis C: RNA (HCV-RNA) and Hepatitis C Genotype,HEPC_H,https://wwwn.cdc.gov/Nchs/Data/Nhanes/Public/2013/DataFiles/HEPC_H.xpt,https://wwwn.cdc.gov/Nchs/Data/Nhanes/Public/2013/DataFiles/HEPC_H.htm,195.5,Updated September 2017,True
2013-2014,Laboratory,Hepatitis E: IgG & IgM Antibodies,HEPE_H,https://wwwn.cdc.gov/Nchs/Data/Nhanes/Public/2013/DataFiles/HEPE_H.xpt,https://wwwn.cdc.gov/Nchs/Data/Nhanes/Public/2013/DataFiles/HEPE_H.htm,195.5,October 2015,True
2013-2014,Laboratory,Herpes Simplex Virus Type-1 & Type-2,HSV_H,https://wwwn.cdc.gov/Nchs/Data/Nhanes/Public/2013/DataFiles/HSV_H.xpt,https://wwwn.cdc.gov/Nchs/Data/Nhanes/Public/2013/DataFiles/HSV_H.htm,93.4,October 2015,True
2013-2014,Laboratory,Heterocyclic Aromatic Amines - Urine,HCAA_H,https://wwwn.cdc.gov/Nchs/Data/Nhanes/Public/2013/DataFiles/HCAA_H.xpt,https://wwwn.cdc.gov/Nchs/Data/Nhanes/Public/2013/DataFiles/HCAA_H.htm,477.3,September 2017,True
2013-2014,Laboratory,Heterocyclic Aromatic Amines (HCAA) - Urine - Special Sample,HCAAS_H,https://wwwn.cdc.gov/Nchs/Data/Nhanes/Public/2013/DataFiles/HCAAS_H.xpt,https://wwwn.cdc.gov/Nchs/Data/Nhanes/Public/2013/DataFiles/HCAAS_H.htm,451.5,September 2017,True
2013-2014,Laboratory,HIV Antibody Test,HIV_H,https://wwwn.cdc.gov/Nchs/Data/Nhanes/Public/2013/DataFiles/HIV_H.xpt,https://wwwn.cdc.gov/Nchs/Data/Nhanes/Public/2013/DataFiles/HIV_H.htm,65.7,October 2015,True
2013-2014,Laboratory,Human Papillomavirus (HPV) - Oral Rinse,ORHPV_H,https://wwwn.cdc.gov/Nchs/Data/Nhanes/Public/2013/DataFiles/ORHPV_H.xpt,https://wwwn.cdc.gov/Nchs/Data/Nhanes/Public/2013/DataFiles/ORHPV_H.htm,1638.4,October 2016,True
2013-2014,Laboratory,Human Papillomavirus (HPV) DNA - Vaginal Swab: Roche Cobas & Roche Linear Array,HPVSWR_H,https://wwwn.cdc.gov/Nchs/Data/Nhanes/Public/2013/DataFiles/HPVSWR_H.xpt,https://wwwn.cdc.gov/Nchs/Data/Nhanes/Public/2013/DataFiles/HPVSWR_H.htm,716.6,December 2016,True
2013-2014,Laboratory,Human Papillomavirus (HPV) DNA Results from Penile Swab Samples: Roche Linear Array,HPVP_H,https://wwwn.cdc.gov/Nchs/Data/Nhanes/Public/2013/DataFiles/HPVP_H.xpt,https://wwwn.cdc.gov/Nchs/Data/Nhanes/Public/2013/DataFiles/HPVP_H.htm,639.0,June 2016,True
2013-2014,Laboratory,Insulin,INS_H,https://wwwn.cdc.gov/Nchs/Data/Nhanes/Public/2013/DataFiles/INS_H.xpt,https://wwwn.cdc.gov/Nchs/Data/Nhanes/Public/2013/DataFiles/INS_H.htm,157.7,April 2016,True
2013-2014,Laboratory,Iodine - Urine,UIO_H,https://wwwn.cdc.gov/Nchs/Data/Nhanes/Public/2013/DataFiles/UIO_H.xpt,https://wwwn.cdc.gov/Nchs/Data/Nhanes/Public/2013/DataFiles/UIO_H.htm,87.3,January 2016,True
2013-2014,Laboratory,Klotho - Serum (Surplus),SSKL_H,https://wwwn.cdc.gov/Nchs/Data/Nhanes/Public/2013/DataFiles/SSKL_H.xpt,https://wwwn.cdc.gov/Nchs/Data/Nhanes/Public/2013/DataFiles/SSKL_H.htm,44.3,April 2021,True
2013-2014,Laboratory,"Lead, Cadmium, Total Mercury, Selenium, and Manganese - Blood",PBCD_H,https://wwwn.cdc.gov/Nchs/Data/Nhanes/Public/2013/DataFiles/PBCD_H.xpt,https://wwwn.cdc.gov/Nchs/Data/Nhanes/Public/2013/DataFiles/PBCD_H.htm,790.9,January 2016,True
2013-2014,Laboratory,Mercury: Inorganic - Urine,UHG_H,https://wwwn.cdc.gov/Nchs/Data/Nhanes/Public/2013/DataFiles/UHG_H.xpt,https://wwwn.cdc.gov/Nchs/Data/Nhanes/Public/2013/DataFiles/UHG_H.htm,109.1,January 2016,True
2013-2014,Laboratory,"Mercury: Inorganic, Ethyl and Methyl - Blood",IHGEM_H,https://wwwn.cdc.gov/Nchs/Data/Nhanes/Public/2013/DataFiles/IHGEM_H.xpt,https://wwwn.cdc.gov/Nchs/Data/Nhanes/Public/2013/DataFiles/IHGEM_H.htm,419.1,January 2016,True
2013-2014,Laboratory,Metals - Urine,UM_H,https://wwwn.cdc.gov/Nchs/Data/Nhanes/Public/2013/DataFiles/UM_H.xpt,https://wwwn.cdc.gov/Nchs/Data/Nhanes/Public/2013/DataFiles/UM_H.htm,628.9,January 2016,True
2013-2014,Laboratory,Metals - Urine - Special Sample,UMS_H,https://wwwn.cdc.gov/Nchs/Data/Nhanes/Public/2013/DataFiles/UMS_H.xpt,https://wwwn.cdc.gov/Nchs/Data/Nhanes/Public/2013/DataFiles/UMS_H.htm,594.9,December 2015,True
2013-2014,Laboratory,Methylmalonic Acid,MMA_H,https://wwwn.cdc.gov/Nchs/Data/Nhanes/Public/2013/DataFiles/MMA_H.xpt,https://wwwn.cdc.gov/Nchs/Data/Nhanes/Public/2013/DataFiles/MMA_H.htm,135.6,October 2018,True
2013-2014,Laboratory,Non-dioxin-like Polychlorinated Biphenyls & Mono-ortho-substituted Polychlorinated Biphenyls - Serum - Pooled Samples,PCBPOL_H,https://wwwn.cdc.gov/Nchs/Data/Nhanes/Public/2013/DataFiles/PCBPOL_H.xpt,https://wwwn.cdc.gov/Nchs/Data/Nhanes/Public/2013/DataFiles/PCBPOL_H.htm,184.5,Updated September 2020,True
2013-2014,Laboratory,Oral Glucose Tolerance Test,OGTT_H,https://wwwn.cdc.gov/Nchs/Data/Nhanes/Public/2013/DataFiles/OGTT_H.xpt,https://wwwn.cdc.gov/Nchs/Data/Nhanes/Public/2013/DataFiles/OGTT_H.htm,275.1,January 2016,True
2013-2014,Laboratory,"Perchlorate, Nitrate & Thiocyanate - Urine",PERNT_H,https://wwwn.cdc.gov/Nchs/Data/Nhanes/Public/2013/DataFiles/PERNT_H.xpt,https://wwwn.cdc.gov/Nchs/Data/Nhanes/Public/2013/DataFiles/PERNT_H.htm,195.7,June 2016,True
2013-2014,Laboratory,"Perchlorate, Nitrate & Thiocyanate - Urine - Special Sample",PERNTS_H,https://wwwn.cdc.gov/Nchs/Data/Nhanes/Public/2013/DataFiles/PERNTS_H.xpt,https://wwwn.cdc.gov/Nchs/Data/Nhanes/Public/2013/DataFiles/PERNTS_H.htm,185.2,June 2016,True
2013-2014,Laboratory,Perfluoroalkyl and Polyfluoroalkyl Substances,SSPFSU_H,https://wwwn.cdc.gov/Nchs/Data/Nhanes/Public/2013/DataFiles/SSPFSU_H.xpt,https://wwwn.cdc.gov/Nchs/Data/Nhanes/Public/2013/DataFiles/SSPFSU_H.htm,660.4,Updated April 2022,True
2013-2014,Laboratory,Perfluoroalkyl and Polyfluoroalkyl Substances - Linear and Branched PFOS and PFOA Isomers (Surplus),SSPFAS_H,https://wwwn.cdc.gov/Nchs/Data/Nhanes/Public/2013/DataFiles/SSPFAS_H.xpt,https://wwwn.cdc.gov/Nchs/Data/Nhanes/Public/2013/DataFiles/SSPFAS_H.htm,154.8,Updated April 2022,True
2013-2014,Laboratory,Perfluoroalkyl and Polyfluoroalkyl Substances (formerly Polyfluoroalkyl Chemicals - PFC),PFAS_H,https://wwwn.cdc.gov/Nchs/Data/Nhanes/Public/2013/DataFiles/PFAS_H.xpt,https://wwwn.cdc.gov/Nchs/Data/Nhanes/Public/2013/DataFiles/PFAS_H.htm,332.2,July 2016,True
2013-2014,Laboratory,Perfluoroalkyl and Polyfluoroalkyl Substances in US children 3-11 Years of Age,SSPFAC_H,https://wwwn.cdc.gov/Nchs/Data/Nhanes/Public/2013/DataFiles/SSPFAC_H.xpt,https://wwwn.cdc.gov/Nchs/Data/Nhanes/Public/2013/DataFiles/SSPFAC_H.htm,127.9,Updated April 2022,True
2013-2014,Laboratory,Personal Care and Consumer Product Chemicals and Metabolites,EPHPP_H,https://wwwn.cdc.gov/Nchs/Data/Nhanes/Public/2013/DataFiles/EPHPP_H.xpt,https://wwwn.cdc.gov/Nchs/Data/Nhanes/Public/2013/DataFiles/EPHPP_H.htm,590.2,Updated September 2016,True
2013-2014,Laboratory,Pesticides - Organochlorine Pesticides - Pooled Samples,PSTPOL_H,https://wwwn.cdc.gov/Nchs/Data/Nhanes/Public/2013/DataFiles/PSTPOL_H.xpt,https://wwwn.cdc.gov/Nchs/Data/Nhanes/Public/2013/DataFiles/PSTPOL_H.htm,64.4,Updated December 2019,True
2013-2014,Laboratory,Phthalates and Plasticizers Metabolites - Urine,PHTHTE_H,https://wwwn.cdc.gov/Nchs/Data/Nhanes/Public/2013/DataFiles/PHTHTE_H.xpt,https://wwwn.cdc.gov/Nchs/Data/Nhanes/Public/2013/DataFiles/PHTHTE_H.htm,633.9,December 2016,True
2013-2014,Laboratory,Phthalates and Plasticizers Metabolites - Urine (Surplus),SSPHTE_H,https://wwwn.cdc.gov/Nchs/Data/Nhanes/Public/2013/DataFiles/SSPHTE_H.xpt,https://wwwn.cdc.gov/Nchs/Data/Nhanes/Public/2013/DataFiles/SSPHTE_H.htm,129.1,Updated April 2022,True
2013-2014,Laboratory,Plasma Fasting Glucose,GLU_H,https://wwwn.cdc.gov/Nchs/Data/Nhanes/Public/2013/DataFiles/GLU_H.xpt,https://wwwn.cdc.gov/Nchs/Data/Nhanes/Public/2013/DataFiles/GLU_H.htm,157.7,January 2016,True
2013-2014,Laboratory,"Polychlorinated dibenzo-p-dioxins (PCDDs), Dibenzofurans (PCDFs) & Coplanar Polychlorinated Biphenyls (cPCBs) - Pooled Samples",DOXPOL_H,https://wwwn.cdc.gov/Nchs/Data/Nhanes/Public/2013/DataFiles/DOXPOL_H.xpt,https://wwwn.cdc.gov/Nchs/Data/Nhanes/Public/2013/DataFiles/DOXPOL_H.htm,156.2,September 2025,True
2013-2014,Laboratory,Polycyclic Aromatic Hydrocarbons (PAH) - Urine,PAH_H,https://wwwn.cdc.gov/Nchs/Data/Nhanes/Public/2013/DataFiles/PAH_H.xpt,https://wwwn.cdc.gov/Nchs/Data/Nhanes/Public/2013/DataFiles/PAH_H.htm,369.0,December 2016,True
2013-2014,Laboratory,Pooled-Sample Technical Support File,POOLTF_H,https://wwwn.cdc.gov/Nchs/Data/Nhanes/Public/2013/DataFiles/POOLTF_H.xpt,https://wwwn.cdc.gov/Nchs/Data/Nhanes/Public/2013/DataFiles/POOLTF_H.htm,55.5,May 2018,True
2013-2014,Laboratory,Pregnancy Test - Urine,UCPREG_H,https://wwwn.cdc.gov/Nchs/Data/Nhanes/Public/2013/DataFiles/UCPREG_H.xpt,https://wwwn.cdc.gov/Nchs/Data/Nhanes/Public/2013/DataFiles/UCPREG_H.htm,20.8,October 2015,True
2013-2014,Laboratory,"Pyrethroids, Herbicides, & Organophosphorus Metabolites - Urine",UPHOPM_H,https://wwwn.cdc.gov/Nchs/Data/Nhanes/Public/2013/DataFiles/UPHOPM_H.xpt,https://wwwn.cdc.gov/Nchs/Data/Nhanes/Public/2013/DataFiles/UPHOPM_H.htm,347.8,May 2020,True
2013-2014,Laboratory,Serum Neurofilament Light Chain - Serum,SSSNFL_H,https://wwwn.cdc.gov/Nchs/Data/Nhanes/Public/2013/DataFiles/SSSNFL_H.xpt,https://wwwn.cdc.gov/Nchs/Data/Nhanes/Public/2013/DataFiles/SSSNFL_H.htm,82.9,June 2022,True
2013-2014,Laboratory,Sex Steroid Hormone - Serum,TST_H,https://wwwn.cdc.gov/Nchs/Data/Nhanes/Public/2013/DataFiles/TST_H.xpt,https://wwwn.cdc.gov/Nchs/Data/Nhanes/Public/2013/DataFiles/TST_H.htm,455.2,November 2018,True
2013-2014,Laboratory,Standard Biochemistry Profile,BIOPRO_H,https://wwwn.cdc.gov/Nchs/Data/Nhanes/Public/2013/DataFiles/BIOPRO_H.xpt,https://wwwn.cdc.gov/Nchs/Data/Nhanes/Public/2013/DataFiles/BIOPRO_H.htm,2048.0,October 2015,True
2013-2014,Laboratory,Terpenes – Serum (Surplus),SSTERP_H,https://wwwn.cdc.gov/Nchs/Data/Nhanes/Public/2013/DataFiles/SSTERP_H.xpt,https://wwwn.cdc.gov/Nchs/Data/Nhanes/Public/2013/DataFiles/SSTERP_H.htm,174.0,April 2023,True
2013-2014,Laboratory,Tissue Transglutaminase Assay (IgA-TTG) & IgA Endomyseal Antibody Assay (IgA EMA),TGEMA_H,https://wwwn.cdc.gov/Nchs/Data/Nhanes/Public/2013/DataFiles/TGEMA_H.xpt,https://wwwn.cdc.gov/Nchs/Data/Nhanes/Public/2013/DataFiles/TGEMA_H.htm,195.5,October 2015,True
2013-2014,Laboratory,Tobacco-specific Nitrosamines (TSNAs) - Urine,TSNA_H,https://wwwn.cdc.gov/Nchs/Data/Nhanes/Public/2013/DataFiles/TSNA_H.xpt,https://wwwn.cdc.gov/Nchs/Data/Nhanes/Public/2013/DataFiles/TSNA_H.htm,584.9,April 2019,True
2013-2014,Laboratory,Toxoplasma gondii Antibody - Serum (Surplus),SSTOXO_H,https://wwwn.cdc.gov/Nchs/Data/Nhanes/Public/2013/DataFiles/SSTOXO_H.xpt,https://wwwn.cdc.gov/Nchs/Data/Nhanes/Public/2013/DataFiles/SSTOXO_H.htm,206.9,Updated April 2022,True
2013-2014,Laboratory,Trichomonas - Urine,TRICH_H,https://wwwn.cdc.gov/Nchs/Data/Nhanes/Public/2013/DataFiles/TRICH_H.xpt,https://wwwn.cdc.gov/Nchs/Data/Nhanes/Public/2013/DataFiles/TRICH_H.htm,65.7,October 2015,True
2013-2014,Laboratory,Urine Flow Rate,UCFLOW_H,https://wwwn.cdc.gov/Nchs/Data/Nhanes/Public/2013/DataFiles/UCFLOW_H.xpt,https://wwwn.cdc.gov/Nchs/Data/Nhanes/Public/2013/DataFiles/UCFLOW_H.htm,649.8,Updated April 2018,True
2013-2014,Laboratory,Vitamin B12,VITB12_H,https://wwwn.cdc.gov/Nchs/Data/Nhanes/Public/2013/DataFiles/VITB12_H.xpt,https://wwwn.cdc.gov/Nchs/Data/Nhanes/Public/2013/DataFiles/VITB12_H.htm,135.6,Updated August 2017,True
2013-2014,Laboratory,Vitamin D,VID_H,https://wwwn.cdc.gov/Nchs/Data/Nhanes/Public/2013/DataFiles/VID_H.xpt,https://wwwn.cdc.gov/Nchs/Data/Nhanes/Public/2013/DataFiles/VID_H.htm,664.5,May 2018,True
2013-2014,Laboratory,Volatile N-Nitrosamine Compounds (VNAs) - Urine,VNA_H,https://wwwn.cdc.gov/Nchs/Data/Nhanes/Public/2013/DataFiles/VNA_H.xpt,https://wwwn.cdc.gov/Nchs/Data/Nhanes/Public/2013/DataFiles/VNA_H.htm,260.6,December 2018,True
2013-2014,Laboratory,Volatile N-Nitrosamine Compounds (VNAs) - Urine - Special Sample,VNAS_H,https://wwwn.cdc.gov/Nchs/Data/Nhanes/Public/2013/DataFiles/VNAS_H.xpt,https://wwwn.cdc.gov/Nchs/Data/Nhanes/Public/2013/DataFiles/VNAS_H.htm,246.6,December 2018,True
2013-2014,Laboratory,Volatile Organic Compound (VOC) Metabolites - Urine,UVOC_H,https://wwwn.cdc.gov/Nchs/Data/Nhanes/Public/2013/DataFiles/UVOC_H.xpt,https://wwwn.cdc.gov/Nchs/Data/Nhanes/Public/2013/DataFiles/UVOC_H.htm,1228.8,Updated November 2021,True
2013-2014,Laboratory,Volatile Organic Compound (VOC) Metabolites - Urine - Special Sample,UVOCS_H,https://wwwn.cdc.gov/Nchs/Data/Nhanes/Public/2013/DataFiles/UVOCS_H.xpt,https://wwwn.cdc.gov/Nchs/Data/Nhanes/Public/2013/DataFiles/UVOCS_H.htm,1126.4,Updated November 2021,True
2013-2014,Laboratory,Volatile Organic Compounds (VOCs) and Trihalomethanes/MTBE - Blood - Special Sample,VOCWBS_H,https://wwwn.cdc.gov/Nchs/Data/Nhanes/Public/2013/DataFiles/VOCWBS_H.xpt,https://wwwn.cdc.gov/Nchs/Data/Nhanes/Public/2013/DataFiles/VOCWBS_H.htm,2662.4,Updated December 2017,True
2013-2014,Laboratory,Volatile Organic Compounds and Trihalomethanes/MTBE - Blood,VOCWB_H,https://wwwn.cdc.gov/Nchs/Data/Nhanes/Public/2013/DataFiles/VOCWB_H.xpt,https://wwwn.cdc.gov/Nchs/Data/Nhanes/Public/2013/DataFiles/VOCWB_H.htm,2150.4,Updated February 2017,True
2013-2014,Questionnaire,Acculturation,ACQ_H,https://wwwn.cdc.gov/Nchs/Data/Nhanes/Public/2013/DataFiles/ACQ_H.xpt,https://wwwn.cdc.gov/Nchs/Data/Nhanes/Public/2013/DataFiles/ACQ_H.htm,434.2,March 2016,True
2013-2014,Questionnaire,Alcohol Use,ALQ_H,https://wwwn.cdc.gov/Nchs/Data/Nhanes/Public/2013/DataFiles/ALQ_H.xpt,https://wwwn.cdc.gov/Nchs/Data/Nhanes/Public/2013/DataFiles/ALQ_H.htm,464.9,March 2016,True
2013-2014,Questionnaire,Blood Pressure & Cholesterol,BPQ_H,https://wwwn.cdc.gov/Nchs/Data/Nhanes/Public/2013/DataFiles/BPQ_H.xpt,https://wwwn.cdc.gov/Nchs/Data/Nhanes/Public/2013/DataFiles/BPQ_H.htm,709.7,October 2015,True
2013-2014,Questionnaire,Cardiovascular Health,CDQ_H,https://wwwn.cdc.gov/Nchs/Data/Nhanes/Public/2013/DataFiles/CDQ_H.xpt,https://wwwn.cdc.gov/Nchs/Data/Nhanes/Public/2013/DataFiles/CDQ_H.htm,509.8,October 2015,True
2013-2014,Questionnaire,Cognitive Functioning,CFQ_H,https://wwwn.cdc.gov/Nchs/Data/Nhanes/Public/2013/DataFiles/CFQ_H.xpt,https://wwwn.cdc.gov/Nchs/Data/Nhanes/Public/2013/DataFiles/CFQ_H.htm,268.4,March 2017,True
2013-2014,Questionnaire,Consumer Behavior,CBQ_H,https://wwwn.cdc.gov/Nchs/Data/Nhanes/Public/2013/DataFiles/CBQ_H.xpt,https://wwwn.cdc.gov/Nchs/Data/Nhanes/Public/2013/DataFiles/CBQ_H.htm,478.5,November 2015,True
2013-2014,Questionnaire,Creatine Kinase,CKQ_H,https://wwwn.cdc.gov/Nchs/Data/Nhanes/Public/2013/DataFiles/CKQ_H.xpt,https://wwwn.cdc.gov/Nchs/Data/Nhanes/Public/2013/DataFiles/CKQ_H.htm,438.0,February 2017,True
2013-2014,Questionnaire,Current Health Status,HSQ_H,https://wwwn.cdc.gov/Nchs/Data/Nhanes/Public/2013/DataFiles/HSQ_H.xpt,https://wwwn.cdc.gov/Nchs/Data/Nhanes/Public/2013/DataFiles/HSQ_H.htm,664.5,December 2015,True
2013-2014,Questionnaire,Dermatology,DEQ_H,https://wwwn.cdc.gov/Nchs/Data/Nhanes/Public/2013/DataFiles/DEQ_H.xpt,https://wwwn.cdc.gov/Nchs/Data/Nhanes/Public/2013/DataFiles/DEQ_H.htm,278.2,Updated August 2017,True
2013-2014,Questionnaire,Diabetes,DIQ_H,https://wwwn.cdc.gov/Nchs/Data/Nhanes/Public/2013/DataFiles/DIQ_H.xpt,https://wwwn.cdc.gov/Nchs/Data/Nhanes/Public/2013/DataFiles/DIQ_H.htm,4096.0,October 2015,True
2013-2014,Questionnaire,Diet Behavior & Nutrition,DBQ_H,https://wwwn.cdc.gov/Nchs/Data/Nhanes/Public/2013/DataFiles/DBQ_H.xpt,https://wwwn.cdc.gov/Nchs/Data/Nhanes/Public/2013/DataFiles/DBQ_H.htm,4096.0,November 2015,True
2013-2014,Questionnaire,Disability,DLQ_H,https://wwwn.cdc.gov/Nchs/Data/Nhanes/Public/2013/DataFiles/DLQ_H.xpt,https://wwwn.cdc.gov/Nchs/Data/Nhanes/Public/2013/DataFiles/DLQ_H.htm,536.0,October 2015,True
2013-2014,Questionnaire,Drug Use,DUQ_H,https://wwwn.cdc.gov/Nchs/Data/Nhanes/Public/2013/DataFiles/DUQ_H.xpt,https://wwwn.cdc.gov/Nchs/Data/Nhanes/Public/2013/DataFiles/DUQ_H.htm,1638.4,March 2016,True
2013-2014,Questionnaire,Early Childhood,ECQ_H,https://wwwn.cdc.gov/Nchs/Data/Nhanes/Public/2013/DataFiles/ECQ_H.xpt,https://wwwn.cdc.gov/Nchs/Data/Nhanes/Public/2013/DataFiles/ECQ_H.htm,292.0,October 2015,True
2013-2014,Questionnaire,Food Security,FSQ_H,https://wwwn.cdc.gov/Nchs/Data/Nhanes/Public/2013/DataFiles/FSQ_H.xpt,https://wwwn.cdc.gov/Nchs/Data/Nhanes/Public/2013/DataFiles/FSQ_H.htm,3174.4,May 2016,True
2013-2014,Questionnaire,Health Insurance,HIQ_H,https://wwwn.cdc.gov/Nchs/Data/Nhanes/Public/2013/DataFiles/HIQ_H.xpt,https://wwwn.cdc.gov/Nchs/Data/Nhanes/Public/2013/DataFiles/HIQ_H.htm,1331.2,October 2015,True
2013-2014,Questionnaire,Hepatitis,HEQ_H,https://wwwn.cdc.gov/Nchs/Data/Nhanes/Public/2013/DataFiles/HEQ_H.xpt,https://wwwn.cdc.gov/Nchs/Data/Nhanes/Public/2013/DataFiles/HEQ_H.htm,336.2,October 2015,True
2013-2014,Questionnaire,Hospital Utilization & Access to Care,HUQ_H,https://wwwn.cdc.gov/Nchs/Data/Nhanes/Public/2013/DataFiles/HUQ_H.xpt,https://wwwn.cdc.gov/Nchs/Data/Nhanes/Public/2013/DataFiles/HUQ_H.htm,797.0,October 2015,True
2013-2014,Questionnaire,Housing Characteristics,HOQ_H,https://wwwn.cdc.gov/Nchs/Data/Nhanes/Public/2013/DataFiles/HOQ_H.xpt,https://wwwn.cdc.gov/Nchs/Data/Nhanes/Public/2013/DataFiles/HOQ_H.htm,239.7,October 2015,True
2013-2014,Questionnaire,Immunization,IMQ_H,https://wwwn.cdc.gov/Nchs/Data/Nhanes/Public/2013/DataFiles/IMQ_H.xpt,https://wwwn.cdc.gov/Nchs/Data/Nhanes/Public/2013/DataFiles/IMQ_H.htm,637.7,October 2015,True
2013-2014,Questionnaire,Income,INQ_H,https://wwwn.cdc.gov/Nchs/Data/Nhanes/Public/2013/DataFiles/INQ_H.xpt,https://wwwn.cdc.gov/Nchs/Data/Nhanes/Public/2013/DataFiles/INQ_H.htm,1228.8,October 2015,True
2013-2014,Questionnaire,Kidney Conditions - Urology,KIQ_U_H,https://wwwn.cdc.gov/Nchs/Data/Nhanes/Public/2013/DataFiles/KIQ_U_H.xpt,https://wwwn.cdc.gov/Nchs/Data/Nhanes/Public/2013/DataFiles/KIQ_U_H.htm,724.1,February 2017,True
2013-2014,Questionnaire,Medical Conditions,MCQ_H,https://wwwn.cdc.gov/Nchs/Data/Nhanes/Public/2013/DataFiles/MCQ_H.xpt,https://wwwn.cdc.gov/Nchs/Data/Nhanes/Public/2013/DataFiles/MCQ_H.htm,7270.4,October 2015,True
2013-2014,Questionnaire,Mental Health - Depression Screener,DPQ_H,https://wwwn.cdc.gov/Nchs/Data/Nhanes/Public/2013/DataFiles/DPQ_H.xpt,https://wwwn.cdc.gov/Nchs/Data/Nhanes/Public/2013/DataFiles/DPQ_H.htm,511.4,March 2016,True
2013-2014,Questionnaire,Occupation,OCQ_H,https://wwwn.cdc.gov/Nchs/Data/Nhanes/Public/2013/DataFiles/OCQ_H.xpt,https://wwwn.cdc.gov/Nchs/Data/Nhanes/Public/2013/DataFiles/OCQ_H.htm,659.1,Updated December 2019,True
2013-2014,Questionnaire,Oral Health,OHQ_H,https://wwwn.cdc.gov/Nchs/Data/Nhanes/Public/2013/DataFiles/OHQ_H.xpt,https://wwwn.cdc.gov/Nchs/Data/Nhanes/Public/2013/DataFiles/OHQ_H.htm,4096.0,August 2016,True
2013-2014,Questionnaire,Osteoporosis,OSQ_H,https://wwwn.cdc.gov/Nchs/Data/Nhanes/Public/2013/DataFiles/OSQ_H.xpt,https://wwwn.cdc.gov/Nchs/Data/Nhanes/Public/2013/DataFiles/OSQ_H.htm,2764.8,October 2015,True
2013-2014,Questionnaire,Pesticide Use,PUQMEC_H,https://wwwn.cdc.gov/Nchs/Data/Nhanes/Public/2013/DataFiles/PUQMEC_H.xpt,https://wwwn.cdc.gov/Nchs/Data/Nhanes/Public/2013/DataFiles/PUQMEC_H.htm,195.5,October 2015,True
2013-2014,Questionnaire,Physical Activity,PAQ_H,https://wwwn.cdc.gov/Nchs/Data/Nhanes/Public/2013/DataFiles/PAQ_H.xpt,https://wwwn.cdc.gov/Nchs/Data/Nhanes/Public/2013/DataFiles/PAQ_H.htm,7168.0,Updated March 2017,True
2013-2014,Questionnaire,Physical Functioning,PFQ_H,https://wwwn.cdc.gov/Nchs/Data/Nhanes/Public/2013/DataFiles/PFQ_H.xpt,https://wwwn.cdc.gov/Nchs/Data/Nhanes/Public/2013/DataFiles/PFQ_H.htm,2560.0,Updated November 2016,True
2013-2014,Questionnaire,Prescription Medications,RXQ_RX_H,https://wwwn.cdc.gov/Nchs/Data/Nhanes/Public/2013/DataFiles/RXQ_RX_H.xpt,https://wwwn.cdc.gov/Nchs/Data/Nhanes/Public/2013/DataFiles/RXQ_RX_H.htm,9625.6,December 2016,True
2013-2014,Questionnaire,Prescription Medications - Drug Information,RXQ_DRUG,https://wwwn.cdc.gov/Nchs/Data/Nhanes/Public/1988/DataFiles/RXQ_DRUG.xpt,https://wwwn.cdc.gov/Nchs/Data/Nhanes/Public/1988/DataFiles/RXQ_DRUG.htm,3276.8,Updated September 2021,True
2013-2014,Questionnaire,Preventive Aspirin Use,RXQASA_H,https://wwwn.cdc.gov/Nchs/Data/Nhanes/Public/2013/DataFiles/RXQASA_H.xpt,https://wwwn.cdc.gov/Nchs/Data/Nhanes/Public/2013/DataFiles/RXQASA_H.htm,240.2,December 2016,True
2013-2014,Questionnaire,Reproductive Health,RHQ_H,https://wwwn.cdc.gov/Nchs/Data/Nhanes/Public/2013/DataFiles/RHQ_H.xpt,https://wwwn.cdc.gov/Nchs/Data/Nhanes/Public/2013/DataFiles/RHQ_H.htm,1331.2,Updated December 2017,True
2013-2014,Questionnaire,Sexual Behavior,SXQ_H,https://wwwn.cdc.gov/Nchs/Data/Nhanes/Public/2013/DataFiles/SXQ_H.xpt,https://wwwn.cdc.gov/Nchs/Data/Nhanes/Public/2013/DataFiles/SXQ_H.htm,1945.6,October 2015,True
2013-2014,Questionnaire,Sleep Disorders,SLQ_H,https://wwwn.cdc.gov/Nchs/Data/Nhanes/Public/2013/DataFiles/SLQ_H.xpt,https://wwwn.cdc.gov/Nchs/Data/Nhanes/Public/2013/DataFiles/SLQ_H.htm,203.3,February 2016,True
2013-2014,Questionnaire,Smoking - Cigarette Use,SMQ_H,https://wwwn.cdc.gov/Nchs/Data/Nhanes/Public/2013/DataFiles/SMQ_H.xpt,https://wwwn.cdc.gov/Nchs/Data/Nhanes/Public/2013/DataFiles/SMQ_H.htm,2150.4,Updated September 2016,True
2013-2014,Questionnaire,Smoking - Household Smokers,SMQFAM_H,https://wwwn.cdc.gov/Nchs/Data/Nhanes/Public/2013/DataFiles/SMQFAM_H.xpt,https://wwwn.cdc.gov/Nchs/Data/Nhanes/Public/2013/DataFiles/SMQFAM_H.htm,319.2,October 2015,True
2013-2014,Questionnaire,Smoking - Recent Tobacco Use,SMQRTU_H,https://wwwn.cdc.gov/Nchs/Data/Nhanes/Public/2013/DataFiles/SMQRTU_H.xpt,https://wwwn.cdc.gov/Nchs/Data/Nhanes/Public/2013/DataFiles/SMQRTU_H.htm,1536.0,Updated February 2018,True
2013-2014,Questionnaire,Smoking - Secondhand Smoke Exposure,SMQSHS_H,https://wwwn.cdc.gov/Nchs/Data/Nhanes/Public/2013/DataFiles/SMQSHS_H.xpt,https://wwwn.cdc.gov/Nchs/Data/Nhanes/Public/2013/DataFiles/SMQSHS_H.htm,1126.4,October 2015,True
2013-2014,Questionnaire,Taste & Smell,CSQ_H,https://wwwn.cdc.gov/Nchs/Data/Nhanes/Public/2013/DataFiles/CSQ_H.xpt,https://wwwn.cdc.gov/Nchs/Data/Nhanes/Public/2013/DataFiles/CSQ_H.htm,1126.4,Updated March 2016,True
2013-2014,Questionnaire,Volatile Toxicant,VTQ_H,https://wwwn.cdc.gov/Nchs/Data/Nhanes/Public/2013/DataFiles/VTQ_H.xpt,https://wwwn.cdc.gov/Nchs/Data/Nhanes/Public/2013/DataFiles/VTQ_H.htm,658.2,February 2017,True
2013-2014,Questionnaire,Weight History,WHQ_H,https://wwwn.cdc.gov/Nchs/Data/Nhanes/Public/2013/DataFiles/WHQ_H.xpt,https://wwwn.cdc.gov/Nchs/Data/Nhanes/Public/2013/DataFiles/WHQ_H.htm,1740.8,March 2016,True
2013-2014,Questionnaire,Weight History - Youth,WHQMEC_H,https://wwwn.cdc.gov/Nchs/Data/Nhanes/Public/2013/DataFiles/WHQMEC_H.xpt,https://wwwn.cdc.gov/Nchs/Data/Nhanes/Public/2013/DataFiles/WHQMEC_H.htm,49.8,March 2016,True
2013-2014,LimitedAccess,24-Hour Urine Collection Data Processing - First Collection,,,https://wwwn.cdc.gov/Nchs/Data/Nhanes/Public/2013/DataFiles/UR1_H_R.htm,,Updated March 2016,False
2013-2014,LimitedAccess,24-Hour Urine Collection Data Processing - SecondCollection,,,https://wwwn.cdc.gov/Nchs/Data/Nhanes/Public/2013/DataFiles/UR2_H_R.htm,,Updated March 2016,False
2013-2014,LimitedAccess,Alcohol Use - Youth,,,https://wwwn.cdc.gov/Nchs/Data/Nhanes/Public/2013/DataFiles/ALQY_H_R.htm,,March 2016,False
2013-2014,LimitedAccess,Caffeine - 24-Hour Urine - First Collection,,,https://wwwn.cdc.gov/Nchs/Data/Nhanes/Public/2014/DataFiles/U1CF_H_R.htm,,February 2020,False
2013-2014,LimitedAccess,Caffeine - 24-Hour Urine - Second Collection,,,https://wwwn.cdc.gov/Nchs/Data/Nhanes/Public/2014/DataFiles/U2CF_H_R.htm,,February 2020,False
2013-2014,LimitedAccess,California - Demographic Variables & Sample Weights,,,https://wwwn.cdc.gov/Nchs/Data/Nhanes/Public/2007/DataFiles/CDEMO_EH.htm,,October 2015,False
2013-2014,LimitedAccess,Chlamydia - Urine - Youth,,,https://wwwn.cdc.gov/Nchs/Data/Nhanes/Public/2013/DataFiles/CHLM_H_R.htm,,November 2015,False
2013-2014,LimitedAccess,Chlamydia Pgp3 (plasmid gene product 3) ELISA (enzyme linked immunosorbent assay) and multiplex bead array (MBA) results - Youth,,,https://wwwn.cdc.gov/Nchs/Data/Nhanes/Public/2013/DataFiles/SSCT_H_R.htm,,Updated February 2021,False
2013-2014,LimitedAccess,Drug Use - Youth,,,https://wwwn.cdc.gov/Nchs/Data/Nhanes/Public/2013/DataFiles/DUQY_H_R.htm,,March 2016,False
2013-2014,LimitedAccess,Dual-Energy X-ray Absorptiometry - Vertebral Fracture Assessment Results Comparison Study,,,https://wwwn.cdc.gov/Nchs/Data/Nhanes/Public/2013/DataFiles/DXXV_H_R.htm,,December 2016,False
2013-2014,LimitedAccess,Electrolytes - 24-Hour Urine - First Collection,,,https://wwwn.cdc.gov/Nchs/Data/Nhanes/Public/2013/DataFiles/U1LT_H_R.htm,,Updated March 2016,False
2013-2014,LimitedAccess,Electrolytes - 24-Hour Urine - Second Collection,,,https://wwwn.cdc.gov/Nchs/Data/Nhanes/Public/2014/DataFiles/U2LT_H_R.htm,,Updated March 2016,False
2013-2014,LimitedAccess,Electrolytes - Home Urine Collection,,,https://wwwn.cdc.gov/Nchs/Data/Nhanes/Public/2014/DataFiles/HULT_H_R.htm,,Updated September 2016,False
2013-2014,LimitedAccess,Electrolytes - MEC Urine Collection - Surplus,,,https://wwwn.cdc.gov/Nchs/Data/Nhanes/Public/2014/DataFiles/SSLT_H_R.htm,,August 2016,False
2013-2014,LimitedAccess,Fluoride- 24-Hour Urine - First Collection,,,https://wwwn.cdc.gov/Nchs/Data/Nhanes/Public/2014/DataFiles/U1FL_H_R.htm,,February 2023,False
2013-2014,LimitedAccess,Fluoride- 24-Hour Urine - Second Collection,,,https://wwwn.cdc.gov/Nchs/Data/Nhanes/Public/2014/DataFiles/U2FL_H_R.htm,,February 2023,False
2013-2014,LimitedAccess,Fluorosis - Clinical 20-29 Years,,,https://wwwn.cdc.gov/Nchs/Data/Nhanes/Public/2014/DataFiles/FLXC_H_R.htm,,April 2019,False
2013-2014,LimitedAccess,Food Security - Pregnant Women,,,https://wwwn.cdc.gov/Nchs/Data/Nhanes/Public/2013/DataFiles/FSQ_H_R.htm,,May 2016,False
2013-2014,LimitedAccess,"Geocoded Data, NHANES 1999-2016, Census 2000",,,https://wwwn.cdc.gov/Nchs/Data/Nhanes/Public/1999/DataFiles/GEO_2000.htm,,March 2018,False
2013-2014,LimitedAccess,"Geocoded Data, NHANES 1999-2018, Census 2010",,,https://wwwn.cdc.gov/Nchs/Data/Nhanes/Public/1999/DataFiles/GEO_2010.htm,,Updated July 2021,False
2013-2014,LimitedAccess,"Geocoded Data, NHANES 1999-March 2020, Census 2020",,,https://wwwn.cdc.gov/Nchs/Data/Nhanes/Public/1999/DataFiles/GEO_2020.htm,,October 2023,False
2013-2014,LimitedAccess,Herpes Simplex Virus Type-2 - Youth,,,https://wwwn.cdc.gov/Nchs/Data/Nhanes/Public/2013/DataFiles/HSV_H_R.htm,,October 2015,False
2013-2014,LimitedAccess,"Human Papillomavirus (HPV) - 6, 11, 16, 18, 31, 33, 45, 52, & 58 Antibody – Serum: M9ELISA",,,https://wwwn.cdc.gov/Nchs/Data/Nhanes/Public/2013/DataFiles/HPVN_H_R.htm,,September 2024,False
2013-2014,LimitedAccess,Human Papillomavirus (HPV) - Oral Rinse - Youth,,,https://wwwn.cdc.gov/Nchs/Data/Nhanes/Public/2013/DataFiles/OHPV_H_R.htm,,October 2016,False
2013-2014,LimitedAccess,Human Papillomavirus (HPV) DNA - Vaginal Swab: Roche Cobas & Roche Linear Array - Youth,,,https://wwwn.cdc.gov/Nchs/Data/Nhanes/Public/2013/DataFiles/HPVS_H_R.htm,,December 2016,False
2013-2014,LimitedAccess,Human Papillomavirus (HPV) DNA Results from Penile Swab Samples: Roche Linear Array (Youth),,,https://wwwn.cdc.gov/Nchs/Data/Nhanes/Public/2013/DataFiles/HPVP_H_R.htm,,June 2016,False
2013-2014,LimitedAccess,Iodine - 24-Hour Urine - First Collection,,,https://wwwn.cdc.gov/Nchs/Data/Nhanes/Public/2013/DataFiles/U1IO_H_R.htm,,Updated March 2016,False
2013-2014,LimitedAccess,Iodine - 24-Hour Urine - Second Collection,,,https://wwwn.cdc.gov/Nchs/Data/Nhanes/Public/2014/DataFiles/U2IO_H_R.htm,,Updated March 2016,False
2013-2014,LimitedAccess,Kidney Markers - 24-Hour Urine - First Collection,,,https://wwwn.cdc.gov/Nchs/Data/Nhanes/Public/2013/DataFiles/U1KM_H_R.htm,,Updated March 2016,False
2013-2014,LimitedAccess,Kidney Markers - 24-Hour Urine - Second Collection,,,https://wwwn.cdc.gov/Nchs/Data/Nhanes/Public/2014/DataFiles/U2KM_H_R.htm,,Updated March 2016,False
2013-2014,LimitedAccess,Kidney Markers - Home Urine Collection,,,https://wwwn.cdc.gov/Nchs/Data/Nhanes/Public/2014/DataFiles/HUKM_H_R.htm,,Updated September 2016,False
2013-2014,LimitedAccess,"Los Angeles County, California - Demographic Variables & Sample Weights",,,https://wwwn.cdc.gov/Nchs/Data/Nhanes/Public/2007/DataFiles/LDEMO_EH.htm,,October 2015,False
2013-2014,LimitedAccess,Mental Health - Depression Screener - Youth,,,https://wwwn.cdc.gov/Nchs/Data/Nhanes/Public/2013/DataFiles/DPQY_H_R.htm,,March 2016,False
2013-2014,LimitedAccess,Occupation,,,https://wwwn.cdc.gov/Nchs/Data/Nhanes/Public/2013/DataFiles/OCQ_H_R.htm,,December 2019,False
2013-2014,LimitedAccess,"Perchlorate, Nitrate & Thiocyanate - 24-Hour Urine - First Collection",,,https://wwwn.cdc.gov/Nchs/Data/Nhanes/Public/2013/DataFiles/U1PN_H_R.htm,,July 2020,False
2013-2014,LimitedAccess,"Perchlorate, Nitrate & Thiocyanate - 24-Hour Urine - Second Collection",,,https://wwwn.cdc.gov/Nchs/Data/Nhanes/Public/2013/DataFiles/U2PN_H_R.htm,,July 2020,False
2013-2014,LimitedAccess,Phytoestrogen- 24-Hour Urine - First Collection,,,https://wwwn.cdc.gov/Nchs/Data/Nhanes/Public/2014/DataFiles/U1PT_H_R.htm,,October 2019,False
2013-2014,LimitedAccess,Phytoestrogen- 24-Hour Urine - Second Collection,,,https://wwwn.cdc.gov/Nchs/Data/Nhanes/Public/2014/DataFiles/U2PT_H_R.htm,,October 2019,False
2013-2014,LimitedAccess,Reproductive Health - Pregnant Women,,,https://wwwn.cdc.gov/Nchs/Data/Nhanes/Public/2013/DataFiles/RHQ_H_R.htm,,May 2016,False
2013-2014,LimitedAccess,Sexual Behavior - Youth,,,https://wwwn.cdc.gov/Nchs/Data/Nhanes/Public/2013/DataFiles/SXQY_H_R.htm,,October 2015,False
2013-2014,LimitedAccess,Trichomonas - Urine -Youth,,,https://wwwn.cdc.gov/Nchs/Data/Nhanes/Public/2013/DataFiles/TRIC_H_R.htm,,October 2015,False
2015-2016,Demographics,Demographic Variables and Sample Weights,DEMO_I,https://wwwn.cdc.gov/Nchs/Data/Nhanes/Public/2015/DataFiles/DEMO_I.xpt,https://wwwn.cdc.gov/Nchs/Data/Nhanes/Public/2015/DataFiles/DEMO_I.htm,3686.4,September 2017,True
2015-2016,Dietary,"Dietary Interview - Individual Foods, First Day",DR1IFF_I,https://wwwn.cdc.gov/Nchs/Data/Nhanes/Public/2015/DataFiles/DR1IFF_I.xpt,https://wwwn.cdc.gov/Nchs/Data/Nhanes/Public/2015/DataFiles/DR1IFF_I.htm,79769.6,July 2018,True
2015-2016,Dietary,"Dietary Interview - Individual Foods, Second Day",DR2IFF_I,https://wwwn.cdc.gov/Nchs/Data/Nhanes/Public/2015/DataFiles/DR2IFF_I.xpt,https://wwwn.cdc.gov/Nchs/Data/Nhanes/Public/2015/DataFiles/DR2IFF_I.htm,66048.0,July 2018,True
2015-2016,Dietary,"Dietary Interview - Total Nutrient Intakes, First Day",DR1TOT_I,https://wwwn.cdc.gov/Nchs/Data/Nhanes/Public/2015/DataFiles/DR1TOT_I.xpt,https://wwwn.cdc.gov/Nchs/Data/Nhanes/Public/2015/DataFiles/DR1TOT_I.htm,12595.2,July 2018,True
2015-2016,Dietary,"Dietary Interview - Total Nutrient Intakes, Second Day",DR2TOT_I,https://wwwn.cdc.gov/Nchs/Data/Nhanes/Public/2015/DataFiles/DR2TOT_I.xpt,https://wwwn.cdc.gov/Nchs/Data/Nhanes/Public/2015/DataFiles/DR2TOT_I.htm,6348.8,July 2018,True
2015-2016,Dietary,Dietary Interview Technical Support File - Food Codes,DRXFCD_I,https://wwwn.cdc.gov/Nchs/Data/Nhanes/Public/2015/DataFiles/DRXFCD_I.xpt,https://wwwn.cdc.gov/Nchs/Data/Nhanes/Public/2015/DataFiles/DRXFCD_I.htm,2150.4,July 2018,True
2015-2016,Dietary,Dietary Supplement Database - Blend Information,DSBI,https://wwwn.cdc.gov/Nchs/Data/Nhanes/Public/1999/DataFiles/DSBI.xpt,https://wwwn.cdc.gov/Nchs/Data/Nhanes/Public/1999/DataFiles/DSBI.htm,10240.0,February 2025,True
2015-2016,Dietary,Dietary Supplement Database - Ingredient Information,DSII,https://wwwn.cdc.gov/Nchs/Data/Nhanes/Public/1999/DataFiles/DSII.xpt,https://wwwn.cdc.gov/Nchs/Data/Nhanes/Public/1999/DataFiles/DSII.htm,84377.6,February 2025,True
2015-2016,Dietary,Dietary Supplement Database - Product Information,DSPI,https://wwwn.cdc.gov/Nchs/Data/Nhanes/Public/1999/DataFiles/DSPI.xpt,https://wwwn.cdc.gov/Nchs/Data/Nhanes/Public/1999/DataFiles/DSPI.htm,6656.0,February 2025,True
2015-2016,Dietary,"Dietary Supplement Use 24-Hour - Individual Dietary Supplements, First Day",DS1IDS_I,https://wwwn.cdc.gov/Nchs/Data/Nhanes/Public/2015/DataFiles/DS1IDS_I.xpt,https://wwwn.cdc.gov/Nchs/Data/Nhanes/Public/2015/DataFiles/DS1IDS_I.htm,3379.2,September 2019,True
2015-2016,Dietary,"Dietary Supplement Use 24-Hour - Individual Dietary Supplements, Second Day",DS2IDS_I,https://wwwn.cdc.gov/Nchs/Data/Nhanes/Public/2015/DataFiles/DS2IDS_I.xpt,https://wwwn.cdc.gov/Nchs/Data/Nhanes/Public/2015/DataFiles/DS2IDS_I.htm,3174.4,September 2019,True
2015-2016,Dietary,"Dietary Supplement Use 24-Hour - Total Dietary Supplements, First Day",DS1TOT_I,https://wwwn.cdc.gov/Nchs/Data/Nhanes/Public/2015/DataFiles/DS1TOT_I.xpt,https://wwwn.cdc.gov/Nchs/Data/Nhanes/Public/2015/DataFiles/DS1TOT_I.htm,3686.4,September 2019,True
2015-2016,Dietary,"Dietary Supplement Use 24-Hour - Total Dietary Supplements, Second Day",DS2TOT_I,https://wwwn.cdc.gov/Nchs/Data/Nhanes/Public/2015/DataFiles/DS2TOT_I.xpt,https://wwwn.cdc.gov/Nchs/Data/Nhanes/Public/2015/DataFiles/DS2TOT_I.htm,3686.4,September 2019,True
2015-2016,Dietary,Dietary Supplement Use 30-Day - Individual Dietary Supplements,DSQIDS_I,https://wwwn.cdc.gov/Nchs/Data/Nhanes/Public/2015/DataFiles/DSQIDS_I.xpt,https://wwwn.cdc.gov/Nchs/Data/Nhanes/Public/2015/DataFiles/DSQIDS_I.htm,8294.4,September 2019,True
2015-2016,Dietary,Dietary Supplement Use 30-Day - Total Dietary Supplements,DSQTOT_I,https://wwwn.cdc.gov/Nchs/Data/Nhanes/Public/2015/DataFiles/DSQTOT_I.xpt,https://wwwn.cdc.gov/Nchs/Data/Nhanes/Public/2015/DataFiles/DSQTOT_I.htm,3072.0,September 2019,True
2015-2016,Examination,Audiometry,AUX_I,https://wwwn.cdc.gov/Nchs/Data/Nhanes/Public/2015/DataFiles/AUX_I.xpt,https://wwwn.cdc.gov/Nchs/Data/Nhanes/Public/2015/DataFiles/AUX_I.htm,2662.4,November 2019,True
2015-2016,Examination,Audiometry - Acoustic Reflex,AUXAR_I,https://wwwn.cdc.gov/Nchs/Data/Nhanes/Public/2015/DataFiles/AUXAR_I.xpt,https://wwwn.cdc.gov/Nchs/Data/Nhanes/Public/2015/DataFiles/AUXAR_I.htm,137318.4,December 2019,True
2015-2016,Examination,Audiometry - Tympanometry,AUXTYM_I,https://wwwn.cdc.gov/Nchs/Data/Nhanes/Public/2015/DataFiles/AUXTYM_I.xpt,https://wwwn.cdc.gov/Nchs/Data/Nhanes/Public/2015/DataFiles/AUXTYM_I.htm,34099.2,December 2019,True
2015-2016,Examination,Audiometry – Wideband Reflectance,AUXWBR_I,https://wwwn.cdc.gov/Nchs/Data/Nhanes/Public/2015/DataFiles/AUXWBR_I.xpt,https://wwwn.cdc.gov/Nchs/Data/Nhanes/Public/2015/DataFiles/AUXWBR_I.htm,21606.4,December 2019,True
2015-2016,Examination,Blood Pressure,BPX_I,https://wwwn.cdc.gov/Nchs/Data/Nhanes/Public/2015/DataFiles/BPX_I.xpt,https://wwwn.cdc.gov/Nchs/Data/Nhanes/Public/2015/DataFiles/BPX_I.htm,1536.0,September 2017,True
2015-2016,Examination,Body Measures,BMX_I,https://wwwn.cdc.gov/Nchs/Data/Nhanes/Public/2015/DataFiles/BMX_I.xpt,https://wwwn.cdc.gov/Nchs/Data/Nhanes/Public/2015/DataFiles/BMX_I.htm,1945.6,September 2017,True
2015-2016,Examination,Dual-Energy X-ray Absorptiometry - Android/Gynoid Measurements,DXXAG_I,https://wwwn.cdc.gov/Nchs/Data/Nhanes/Public/2015/DataFiles/DXXAG_I.xpt,https://wwwn.cdc.gov/Nchs/Data/Nhanes/Public/2015/DataFiles/DXXAG_I.htm,1024.0,October 2021,True
2015-2016,Examination,Dual-Energy X-ray Absorptiometry - Whole Body,DXX_I,https://wwwn.cdc.gov/Nchs/Data/Nhanes/Public/2015/DataFiles/DXX_I.xpt,https://wwwn.cdc.gov/Nchs/Data/Nhanes/Public/2015/DataFiles/DXX_I.htm,4198.4,March 2020,True
2015-2016,Examination,Fluorosis - Clinical,FLXCLN_I,https://wwwn.cdc.gov/Nchs/Data/Nhanes/Public/2015/DataFiles/FLXCLN_I.xpt,https://wwwn.cdc.gov/Nchs/Data/Nhanes/Public/2015/DataFiles/FLXCLN_I.htm,792.7,April 2019,True
2015-2016,Examination,Oral Health - Dentition,OHXDEN_I,https://wwwn.cdc.gov/Nchs/Data/Nhanes/Public/2015/DataFiles/OHXDEN_I.xpt,https://wwwn.cdc.gov/Nchs/Data/Nhanes/Public/2015/DataFiles/OHXDEN_I.htm,10035.2,Updated April 2020,True
2015-2016,Examination,Oral Health - Recommendation of Care,OHXREF_I,https://wwwn.cdc.gov/Nchs/Data/Nhanes/Public/2015/DataFiles/OHXREF_I.xpt,https://wwwn.cdc.gov/Nchs/Data/Nhanes/Public/2015/DataFiles/OHXREF_I.htm,861.6,April 2018,True
2015-2016,Laboratory,Acrylamide & Glycidamide,AMDGYD_I,https://wwwn.cdc.gov/Nchs/Data/Nhanes/Public/2015/DataFiles/AMDGYD_I.xpt,https://wwwn.cdc.gov/Nchs/Data/Nhanes/Public/2015/DataFiles/AMDGYD_I.htm,127.8,December 2019,True
2015-2016,Laboratory,Albumin & Creatinine - Urine,ALB_CR_I,https://wwwn.cdc.gov/Nchs/Data/Nhanes/Public/2015/DataFiles/ALB_CR_I.xpt,https://wwwn.cdc.gov/Nchs/Data/Nhanes/Public/2015/DataFiles/ALB_CR_I.htm,539.8,Updated June 2019,True
2015-2016,Laboratory,Alpha-1-Acid Glycoprotein - Serum (Surplus),SSAGP_I,https://wwwn.cdc.gov/Nchs/Data/Nhanes/Public/2015/DataFiles/SSAGP_I.xpt,https://wwwn.cdc.gov/Nchs/Data/Nhanes/Public/2015/DataFiles/SSAGP_I.htm,77.4,September 2023,True
2015-2016,Laboratory,Apolipoprotein B,APOB_I,https://wwwn.cdc.gov/Nchs/Data/Nhanes/Public/2015/DataFiles/APOB_I.xpt,https://wwwn.cdc.gov/Nchs/Data/Nhanes/Public/2015/DataFiles/APOB_I.htm,101.0,January 2019,True
2015-2016,Laboratory,Aromatic Diamines - Urine,UADM_I,https://wwwn.cdc.gov/Nchs/Data/Nhanes/Public/2015/DataFiles/UADM_I.xpt,https://wwwn.cdc.gov/Nchs/Data/Nhanes/Public/2015/DataFiles/UADM_I.htm,309.8,October 2018,True
2015-2016,Laboratory,Arsenic - Total - Urine,UTAS_I,https://wwwn.cdc.gov/Nchs/Data/Nhanes/Public/2015/DataFiles/UTAS_I.xpt,https://wwwn.cdc.gov/Nchs/Data/Nhanes/Public/2015/DataFiles/UTAS_I.htm,103.8,Updated February 2022,True
2015-2016,Laboratory,Arsenic - Total - Urine - Special Sample,UTASS_I,https://wwwn.cdc.gov/Nchs/Data/Nhanes/Public/2015/DataFiles/UTASS_I.xpt,https://wwwn.cdc.gov/Nchs/Data/Nhanes/Public/2015/DataFiles/UTASS_I.htm,78.2,Updated February 2022,True
2015-2016,Laboratory,Brominated Flame Retardants (BFRs) - Pooled Samples,BFRPOL_I,https://wwwn.cdc.gov/Nchs/Data/Nhanes/Public/2015/DataFiles/BFRPOL_I.xpt,https://wwwn.cdc.gov/Nchs/Data/Nhanes/Public/2015/DataFiles/BFRPOL_I.htm,93.4,Updated November 2020,True
2015-2016,Laboratory,Chlamydia - Urine,CHLMDA_I,https://wwwn.cdc.gov/Nchs/Data/Nhanes/Public/2015/DataFiles/CHLMDA_I.xpt,https://wwwn.cdc.gov/Nchs/Data/Nhanes/Public/2015/DataFiles/CHLMDA_I.htm,34.2,December 2017,True
2015-2016,Laboratory,Chlamydia Pgp3 (plasmid gene product 3) ELISA (enzyme linked immunosorbent assay) and multiplex bead array (MBA) results,SSCT_I,https://wwwn.cdc.gov/Nchs/Data/Nhanes/Public/2015/DataFiles/SSCT_I.xpt,https://wwwn.cdc.gov/Nchs/Data/Nhanes/Public/2015/DataFiles/SSCT_I.htm,33.0,Updated April 2022,True
2015-2016,Laboratory,Chlorinated Tyrosine – Serum (Surplus),SSCLTY_I,https://wwwn.cdc.gov/Nchs/Data/Nhanes/Public/2015/DataFiles/SSCLTY_I.xpt,https://wwwn.cdc.gov/Nchs/Data/Nhanes/Public/2015/DataFiles/SSCLTY_I.htm,108.7,January 2023,True
2015-2016,Laboratory,Cholesterol - High-Density Lipoprotein (HDL),HDL_I,https://wwwn.cdc.gov/Nchs/Data/Nhanes/Public/2015/DataFiles/HDL_I.xpt,https://wwwn.cdc.gov/Nchs/Data/Nhanes/Public/2015/DataFiles/HDL_I.htm,189.2,September 2017,True
2015-2016,Laboratory,Cholesterol - Low - Density Lipoprotein (LDL) & Triglycerides,TRIGLY_I,https://wwwn.cdc.gov/Nchs/Data/Nhanes/Public/2015/DataFiles/TRIGLY_I.xpt,https://wwwn.cdc.gov/Nchs/Data/Nhanes/Public/2015/DataFiles/TRIGLY_I.htm,151.2,January 2019,True
2015-2016,Laboratory,Cholesterol - Total,TCHOL_I,https://wwwn.cdc.gov/Nchs/Data/Nhanes/Public/2015/DataFiles/TCHOL_I.xpt,https://wwwn.cdc.gov/Nchs/Data/Nhanes/Public/2015/DataFiles/TCHOL_I.htm,189.2,September 2017,True
2015-2016,Laboratory,Chromium & Cobalt,CRCO_I,https://wwwn.cdc.gov/Nchs/Data/Nhanes/Public/2015/DataFiles/CRCO_I.xpt,https://wwwn.cdc.gov/Nchs/Data/Nhanes/Public/2015/DataFiles/CRCO_I.htm,199.1,September 2017,True
2015-2016,Laboratory,Complete Blood Count with 5-Part Differential - Whole Blood,CBC_I,https://wwwn.cdc.gov/Nchs/Data/Nhanes/Public/2015/DataFiles/CBC_I.xpt,https://wwwn.cdc.gov/Nchs/Data/Nhanes/Public/2015/DataFiles/CBC_I.htm,1536.0,Updated January 2020,True
2015-2016,Laboratory,"Copper, Selenium & Zinc - Serum",CUSEZN_I,https://wwwn.cdc.gov/Nchs/Data/Nhanes/Public/2015/DataFiles/CUSEZN_I.xpt,https://wwwn.cdc.gov/Nchs/Data/Nhanes/Public/2015/DataFiles/CUSEZN_I.htm,170.1,December 2018,True
2015-2016,Laboratory,Cotinine and Hydroxycotinine - Serum,COT_I,https://wwwn.cdc.gov/Nchs/Data/Nhanes/Public/2015/DataFiles/COT_I.xpt,https://wwwn.cdc.gov/Nchs/Data/Nhanes/Public/2015/DataFiles/COT_I.htm,337.7,April 2019,True
2015-2016,Laboratory,"Cotinine, Hydroxycotinine, & Other Nicotine Metabolites and Analogs - Urine",UCOT_I,https://wwwn.cdc.gov/Nchs/Data/Nhanes/Public/2015/DataFiles/UCOT_I.xpt,https://wwwn.cdc.gov/Nchs/Data/Nhanes/Public/2015/DataFiles/UCOT_I.htm,618.8,September 2019,True
2015-2016,Laboratory,"Cotinine, Hydroxycotinine, & Other Nicotine Metabolites and Analogs - Urine - Special Sample",UCOTS_I,https://wwwn.cdc.gov/Nchs/Data/Nhanes/Public/2015/DataFiles/UCOTS_I.xpt,https://wwwn.cdc.gov/Nchs/Data/Nhanes/Public/2015/DataFiles/UCOTS_I.htm,465.6,September 2019,True
2015-2016,Laboratory,DEET Metabolite - Urine,DEET_I,https://wwwn.cdc.gov/Nchs/Data/Nhanes/Public/2015/DataFiles/DEET_I.xpt,https://wwwn.cdc.gov/Nchs/Data/Nhanes/Public/2015/DataFiles/DEET_I.htm,101.4,August 2019,True
2015-2016,Laboratory,DEET Metabolites - Urine - Surplus,SSDEET_I,https://wwwn.cdc.gov/Nchs/Data/Nhanes/Public/2015/DataFiles/SSDEET_I.xpt,https://wwwn.cdc.gov/Nchs/Data/Nhanes/Public/2015/DataFiles/SSDEET_I.htm,77.4,Updated April 2022,True
2015-2016,Laboratory,Ethylene Oxide,ETHOX_I,https://wwwn.cdc.gov/Nchs/Data/Nhanes/Public/2015/DataFiles/ETHOX_I.xpt,https://wwwn.cdc.gov/Nchs/Data/Nhanes/Public/2015/DataFiles/ETHOX_I.htm,85.4,Updated May 2023,True
2015-2016,Laboratory,Fasting Questionnaire,FASTQX_I,https://wwwn.cdc.gov/Nchs/Data/Nhanes/Public/2015/DataFiles/FASTQX_I.xpt,https://wwwn.cdc.gov/Nchs/Data/Nhanes/Public/2015/DataFiles/FASTQX_I.htm,1331.2,September 2017,True
2015-2016,Laboratory,Ferritin,FERTIN_I,https://wwwn.cdc.gov/Nchs/Data/Nhanes/Public/2015/DataFiles/FERTIN_I.xpt,https://wwwn.cdc.gov/Nchs/Data/Nhanes/Public/2015/DataFiles/FERTIN_I.htm,77.4,May 2019,True
2015-2016,Laboratory,Flame Retardants - Urine (Surplus),SSFR_I,https://wwwn.cdc.gov/Nchs/Data/Nhanes/Public/2015/DataFiles/SSFR_I.xpt,https://wwwn.cdc.gov/Nchs/Data/Nhanes/Public/2015/DataFiles/SSFR_I.htm,421.4,July 2022,True
2015-2016,Laboratory,Fluoride - Plasma,FLDEP_I,https://wwwn.cdc.gov/Nchs/Data/Nhanes/Public/2015/DataFiles/FLDEP_I.xpt,https://wwwn.cdc.gov/Nchs/Data/Nhanes/Public/2015/DataFiles/FLDEP_I.htm,60.9,Updated November 2019,True
2015-2016,Laboratory,Fluoride - Urine,UFLDE_I,https://wwwn.cdc.gov/Nchs/Data/Nhanes/Public/2015/DataFiles/UFLDE_I.xpt,https://wwwn.cdc.gov/Nchs/Data/Nhanes/Public/2015/DataFiles/UFLDE_I.htm,60.9,November 2022,True
2015-2016,Laboratory,Fluoride - Water,FLDEW_I,https://wwwn.cdc.gov/Nchs/Data/Nhanes/Public/2015/DataFiles/FLDEW_I.xpt,https://wwwn.cdc.gov/Nchs/Data/Nhanes/Public/2015/DataFiles/FLDEW_I.htm,96.6,Updated November 2019,True
2015-2016,Laboratory,Folate - RBC,FOLATE_I,https://wwwn.cdc.gov/Nchs/Data/Nhanes/Public/2015/DataFiles/FOLATE_I.xpt,https://wwwn.cdc.gov/Nchs/Data/Nhanes/Public/2015/DataFiles/FOLATE_I.htm,216.0,February 2019,True
2015-2016,Laboratory,Folate Forms - Total & Individual - Serum,FOLFMS_I,https://wwwn.cdc.gov/Nchs/Data/Nhanes/Public/2015/DataFiles/FOLFMS_I.xpt,https://wwwn.cdc.gov/Nchs/Data/Nhanes/Public/2015/DataFiles/FOLFMS_I.htm,1126.4,February 2019,True
2015-2016,Laboratory,Formaldehyde,FORMAL_I,https://wwwn.cdc.gov/Nchs/Data/Nhanes/Public/2015/DataFiles/FORMAL_I.xpt,https://wwwn.cdc.gov/Nchs/Data/Nhanes/Public/2015/DataFiles/FORMAL_I.htm,85.4,January 2020,True
2015-2016,Laboratory,Glycohemoglobin,GHB_I,https://wwwn.cdc.gov/Nchs/Data/Nhanes/Public/2015/DataFiles/GHB_I.xpt,https://wwwn.cdc.gov/Nchs/Data/Nhanes/Public/2015/DataFiles/GHB_I.htm,106.4,September 2017,True
2015-2016,Laboratory,Glyphosate (GLYP) - Urine (Surplus),SSGLYP_I,https://wwwn.cdc.gov/Nchs/Data/Nhanes/Public/2015/DataFiles/SSGLYP_I.xpt,https://wwwn.cdc.gov/Nchs/Data/Nhanes/Public/2015/DataFiles/SSGLYP_I.htm,101.4,November 2022,True
2015-2016,Laboratory,Hepatitis A,HEPA_I,https://wwwn.cdc.gov/Nchs/Data/Nhanes/Public/2015/DataFiles/HEPA_I.xpt,https://wwwn.cdc.gov/Nchs/Data/Nhanes/Public/2015/DataFiles/HEPA_I.htm,139.9,September 2017,True
2015-2016,Laboratory,"Hepatitis B: Core antibody, Surface antigen, and Hepatitis D: antibody",HEPBD_I,https://wwwn.cdc.gov/Nchs/Data/Nhanes/Public/2015/DataFiles/HEPBD_I.xpt,https://wwwn.cdc.gov/Nchs/Data/Nhanes/Public/2015/DataFiles/HEPBD_I.htm,314.8,Updated January 2026,True
2015-2016,Laboratory,Hepatitis B: Surface Antibody,HEPB_S_I,https://wwwn.cdc.gov/Nchs/Data/Nhanes/Public/2015/DataFiles/HEPB_S_I.xpt,https://wwwn.cdc.gov/Nchs/Data/Nhanes/Public/2015/DataFiles/HEPB_S_I.htm,139.9,September 2017,True
2015-2016,Laboratory,Hepatitis C: RNA (HCV-RNA) and Hepatitis C Genotype,HEPC_I,https://wwwn.cdc.gov/Nchs/Data/Nhanes/Public/2015/DataFiles/HEPC_I.xpt,https://wwwn.cdc.gov/Nchs/Data/Nhanes/Public/2015/DataFiles/HEPC_I.htm,189.2,Updated September 2017,True
2015-2016,Laboratory,Hepatitis E: IgG & IgM Antibodies,HEPE_I,https://wwwn.cdc.gov/Nchs/Data/Nhanes/Public/2015/DataFiles/HEPE_I.xpt,https://wwwn.cdc.gov/Nchs/Data/Nhanes/Public/2015/DataFiles/HEPE_I.htm,189.2,September 2017,True
2015-2016,Laboratory,Herpes Simplex Virus Type-1 & Type-2,HSV_I,https://wwwn.cdc.gov/Nchs/Data/Nhanes/Public/2015/DataFiles/HSV_I.xpt,https://wwwn.cdc.gov/Nchs/Data/Nhanes/Public/2015/DataFiles/HSV_I.htm,88.1,December 2017,True
2015-2016,Laboratory,High-Sensitivity C-Reactive Protein (hs-CRP),HSCRP_I,https://wwwn.cdc.gov/Nchs/Data/Nhanes/Public/2015/DataFiles/HSCRP_I.xpt,https://wwwn.cdc.gov/Nchs/Data/Nhanes/Public/2015/DataFiles/HSCRP_I.htm,216.0,May 2019,True
2015-2016,Laboratory,HIV Antibody Test,HIV_I,https://wwwn.cdc.gov/Nchs/Data/Nhanes/Public/2015/DataFiles/HIV_I.xpt,https://wwwn.cdc.gov/Nchs/Data/Nhanes/Public/2015/DataFiles/HIV_I.htm,154.8,September 2017,True
2015-2016,Laboratory,Human Papillomavirus (HPV) - Oral Rinse,ORHPV_I,https://wwwn.cdc.gov/Nchs/Data/Nhanes/Public/2015/DataFiles/ORHPV_I.xpt,https://wwwn.cdc.gov/Nchs/Data/Nhanes/Public/2015/DataFiles/ORHPV_I.htm,1536.0,January 2019,True
2015-2016,Laboratory,Human Papillomavirus (HPV) DNA - Penile Swabs: Roche Linear Array,HPVP_I,https://wwwn.cdc.gov/Nchs/Data/Nhanes/Public/2015/DataFiles/HPVP_I.xpt,https://wwwn.cdc.gov/Nchs/Data/Nhanes/Public/2015/DataFiles/HPVP_I.htm,602.8,Updated August 2021,True
2015-2016,Laboratory,Human Papillomavirus (HPV) DNA - Vaginal Swab: Roche Cobas High-Risk,HPVSWC_I,https://wwwn.cdc.gov/Nchs/Data/Nhanes/Public/2015/DataFiles/HPVSWC_I.xpt,https://wwwn.cdc.gov/Nchs/Data/Nhanes/Public/2015/DataFiles/HPVSWC_I.htm,33.3,November 2018,True
2015-2016,Laboratory,Human Papillomavirus (HPV) DNA - Vaginal Swab: Roche Linear Array,HPVSWR_I,https://wwwn.cdc.gov/Nchs/Data/Nhanes/Public/2015/DataFiles/HPVSWR_I.xpt,https://wwwn.cdc.gov/Nchs/Data/Nhanes/Public/2015/DataFiles/HPVSWR_I.htm,667.5,November 2018,True
2015-2016,Laboratory,Insulin,INS_I,https://wwwn.cdc.gov/Nchs/Data/Nhanes/Public/2015/DataFiles/INS_I.xpt,https://wwwn.cdc.gov/Nchs/Data/Nhanes/Public/2015/DataFiles/INS_I.htm,176.2,June 2018,True
2015-2016,Laboratory,Iodine - Urine,UIO_I,https://wwwn.cdc.gov/Nchs/Data/Nhanes/Public/2015/DataFiles/UIO_I.xpt,https://wwwn.cdc.gov/Nchs/Data/Nhanes/Public/2015/DataFiles/UIO_I.htm,103.8,June 2018,True
2015-2016,Laboratory,Klotho - Serum (Surplus),SSKL_I,https://wwwn.cdc.gov/Nchs/Data/Nhanes/Public/2015/DataFiles/SSKL_I.xpt,https://wwwn.cdc.gov/Nchs/Data/Nhanes/Public/2015/DataFiles/SSKL_I.htm,42.3,April 2021,True
2015-2016,Laboratory,"Lead, Cadmium, Total Mercury, Selenium & Manganese - Blood",PBCD_I,https://wwwn.cdc.gov/Nchs/Data/Nhanes/Public/2015/DataFiles/PBCD_I.xpt,https://wwwn.cdc.gov/Nchs/Data/Nhanes/Public/2015/DataFiles/PBCD_I.htm,775.4,January 2018,True
2015-2016,Laboratory,Mercury: Inorganic - Urine,UHG_I,https://wwwn.cdc.gov/Nchs/Data/Nhanes/Public/2015/DataFiles/UHG_I.xpt,https://wwwn.cdc.gov/Nchs/Data/Nhanes/Public/2015/DataFiles/UHG_I.htm,103.8,June 2018,True
2015-2016,Laboratory,"Mercury: Inorganic, Ethyl and Methyl - Blood",IHGEM_I,https://wwwn.cdc.gov/Nchs/Data/Nhanes/Public/2015/DataFiles/IHGEM_I.xpt,https://wwwn.cdc.gov/Nchs/Data/Nhanes/Public/2015/DataFiles/IHGEM_I.htm,410.9,June 2018,True
2015-2016,Laboratory,Metals - Urine,UM_I,https://wwwn.cdc.gov/Nchs/Data/Nhanes/Public/2015/DataFiles/UM_I.xpt,https://wwwn.cdc.gov/Nchs/Data/Nhanes/Public/2015/DataFiles/UM_I.htm,721.9,June 2018,True
2015-2016,Laboratory,Metals - Urine - Special Sample,UMS_I,https://wwwn.cdc.gov/Nchs/Data/Nhanes/Public/2015/DataFiles/UMS_I.xpt,https://wwwn.cdc.gov/Nchs/Data/Nhanes/Public/2015/DataFiles/UMS_I.htm,543.1,June 2018,True
2015-2016,Laboratory,"Mono-2-ethyl-5-hydroxyhexyl terephthalate, mono-2-ethyl-5-carboxypentyl terephthalate, and monooxoisononyl phthalate - Urine (Surplus)",SSMHHT_I,https://wwwn.cdc.gov/Nchs/Data/Nhanes/Public/2015/DataFiles/SSMHHT_I.xpt,https://wwwn.cdc.gov/Nchs/Data/Nhanes/Public/2015/DataFiles/SSMHHT_I.htm,151.4,Updated April 2022,True
2015-2016,Laboratory,Neonicotinoids - Urine - Surplus,SSNEON_I,https://wwwn.cdc.gov/Nchs/Data/Nhanes/Public/2015/DataFiles/SSNEON_I.xpt,https://wwwn.cdc.gov/Nchs/Data/Nhanes/Public/2015/DataFiles/SSNEON_I.htm,269.4,Updated April 2022,True
2015-2016,Laboratory,Non-dioxin-like Polychlorinated Biphenyls & Mono-ortho-substituted Polychlorinated Biphenyls - Pooled Samples,PCBPOL_I,https://wwwn.cdc.gov/Nchs/Data/Nhanes/Public/2015/DataFiles/PCBPOL_I.xpt,https://wwwn.cdc.gov/Nchs/Data/Nhanes/Public/2015/DataFiles/PCBPOL_I.htm,172.9,Updated November 2020,True
2015-2016,Laboratory,Oral Glucose Tolerance Test,OGTT_I,https://wwwn.cdc.gov/Nchs/Data/Nhanes/Public/2015/DataFiles/OGTT_I.xpt,https://wwwn.cdc.gov/Nchs/Data/Nhanes/Public/2015/DataFiles/OGTT_I.htm,214.1,June 2018,True
2015-2016,Laboratory,Organophosphate Insecticides - Dialkyl Phosphate Metabolites - Urine,OPD_I,https://wwwn.cdc.gov/Nchs/Data/Nhanes/Public/2015/DataFiles/OPD_I.xpt,https://wwwn.cdc.gov/Nchs/Data/Nhanes/Public/2015/DataFiles/OPD_I.htm,353.2,August 2021,True
2015-2016,Laboratory,"Perchlorate, Nitrate & Thiocyanate - Urine",PERNT_I,https://wwwn.cdc.gov/Nchs/Data/Nhanes/Public/2015/DataFiles/PERNT_I.xpt,https://wwwn.cdc.gov/Nchs/Data/Nhanes/Public/2015/DataFiles/PERNT_I.htm,206.8,February 2020,True
2015-2016,Laboratory,"Perchlorate, Nitrate & Thiocyanate - Urine - Special Sample",PERNTS_I,https://wwwn.cdc.gov/Nchs/Data/Nhanes/Public/2015/DataFiles/PERNTS_I.xpt,https://wwwn.cdc.gov/Nchs/Data/Nhanes/Public/2015/DataFiles/PERNTS_I.htm,155.7,February 2020,True
2015-2016,Laboratory,Perfluoroalkyl and Polyfluoroalkyl,PFAS_I,https://wwwn.cdc.gov/Nchs/Data/Nhanes/Public/2015/DataFiles/PFAS_I.xpt,https://wwwn.cdc.gov/Nchs/Data/Nhanes/Public/2015/DataFiles/PFAS_I.htm,376.7,September 2018,True
2015-2016,Laboratory,Personal Care and Consumer Product Chemicals and Metabolites,EPHPP_I,https://wwwn.cdc.gov/Nchs/Data/Nhanes/Public/2015/DataFiles/EPHPP_I.xpt,https://wwwn.cdc.gov/Nchs/Data/Nhanes/Public/2015/DataFiles/EPHPP_I.htm,573.7,January 2019,True
2015-2016,Laboratory,Pertussis and tetanus – Serum (Surplus),SSPT_I,https://wwwn.cdc.gov/Nchs/Data/Nhanes/Public/2015/DataFiles/SSPT_I.xpt,https://wwwn.cdc.gov/Nchs/Data/Nhanes/Public/2015/DataFiles/SSPT_I.htm,556.6,June 2022,True
2015-2016,Laboratory,Pesticides - Organochlorine Pesticides - Pooled Samples,PSTPOL_I,https://wwwn.cdc.gov/Nchs/Data/Nhanes/Public/2015/DataFiles/PSTPOL_I.xpt,https://wwwn.cdc.gov/Nchs/Data/Nhanes/Public/2015/DataFiles/PSTPOL_I.htm,60.4,Updated November 2020,True
2015-2016,Laboratory,Phthalates and Plasticizers Metabolites - Urine,PHTHTE_I,https://wwwn.cdc.gov/Nchs/Data/Nhanes/Public/2015/DataFiles/PHTHTE_I.xpt,https://wwwn.cdc.gov/Nchs/Data/Nhanes/Public/2015/DataFiles/PHTHTE_I.htm,856.7,October 2018,True
2015-2016,Laboratory,Plasma Fasting Glucose,GLU_I,https://wwwn.cdc.gov/Nchs/Data/Nhanes/Public/2015/DataFiles/GLU_I.xpt,https://wwwn.cdc.gov/Nchs/Data/Nhanes/Public/2015/DataFiles/GLU_I.htm,101.0,Updated August 2020,True
2015-2016,Laboratory,"Polychlorinated dibenzo-p-dioxins (PCDDs), Dibenzofurans (PCDFs) & Coplanar Polychlorinated Biphenyls (cPCBs) - Pooled Samples",DOXPOL_I,https://wwwn.cdc.gov/Nchs/Data/Nhanes/Public/2015/DataFiles/DOXPOL_I.xpt,https://wwwn.cdc.gov/Nchs/Data/Nhanes/Public/2015/DataFiles/DOXPOL_I.htm,146.4,July 2024,True
2015-2016,Laboratory,Polycyclic Aromatic Hydrocarbons (PAH) - Urine,PAH_I,https://wwwn.cdc.gov/Nchs/Data/Nhanes/Public/2015/DataFiles/PAH_I.xpt,https://wwwn.cdc.gov/Nchs/Data/Nhanes/Public/2015/DataFiles/PAH_I.htm,412.8,July 2020,True
2015-2016,Laboratory,Polycyclic Aromatic Hydrocarbons (PAH) - Urine - Special Sample,PAHS_I,https://wwwn.cdc.gov/Nchs/Data/Nhanes/Public/2015/DataFiles/PAHS_I.xpt,https://wwwn.cdc.gov/Nchs/Data/Nhanes/Public/2015/DataFiles/PAHS_I.htm,310.7,July 2020,True
2015-2016,Laboratory,Pooled-Sample Technical Support File,POOLTF_I,https://wwwn.cdc.gov/Nchs/Data/Nhanes/Public/2015/DataFiles/POOLTF_I.xpt,https://wwwn.cdc.gov/Nchs/Data/Nhanes/Public/2015/DataFiles/POOLTF_I.htm,51.4,August 2019,True
2015-2016,Laboratory,Pregnancy Test - Urine,UCPREG_I,https://wwwn.cdc.gov/Nchs/Data/Nhanes/Public/2015/DataFiles/UCPREG_I.xpt,https://wwwn.cdc.gov/Nchs/Data/Nhanes/Public/2015/DataFiles/UCPREG_I.htm,20.4,September 2017,True
2015-2016,Laboratory,"Pyrethroids, Herbicides, & Organophosphorus Metabolites - Urine",UPHOPM_I,https://wwwn.cdc.gov/Nchs/Data/Nhanes/Public/2015/DataFiles/UPHOPM_I.xpt,https://wwwn.cdc.gov/Nchs/Data/Nhanes/Public/2015/DataFiles/UPHOPM_I.htm,453.9,May 2023,True
2015-2016,Laboratory,Sex Steroid Hormone - Serum,TST_I,https://wwwn.cdc.gov/Nchs/Data/Nhanes/Public/2015/DataFiles/TST_I.xpt,https://wwwn.cdc.gov/Nchs/Data/Nhanes/Public/2015/DataFiles/TST_I.htm,440.4,November 2018,True
2015-2016,Laboratory,Speciated Arsenics - Urine,UAS_I,https://wwwn.cdc.gov/Nchs/Data/Nhanes/Public/2015/DataFiles/UAS_I.xpt,https://wwwn.cdc.gov/Nchs/Data/Nhanes/Public/2015/DataFiles/UAS_I.htm,361.3,June 2018,True
2015-2016,Laboratory,Speciated Arsenics - Urine - Special Sample,UASS_I,https://wwwn.cdc.gov/Nchs/Data/Nhanes/Public/2015/DataFiles/UASS_I.xpt,https://wwwn.cdc.gov/Nchs/Data/Nhanes/Public/2015/DataFiles/UASS_I.htm,272.0,June 2018,True
2015-2016,Laboratory,Standard Biochemistry Profile,BIOPRO_I,https://wwwn.cdc.gov/Nchs/Data/Nhanes/Public/2015/DataFiles/BIOPRO_I.xpt,https://wwwn.cdc.gov/Nchs/Data/Nhanes/Public/2015/DataFiles/BIOPRO_I.htm,2048.0,September 2017,True
2015-2016,Laboratory,Transferrin Receptor,TFR_I,https://wwwn.cdc.gov/Nchs/Data/Nhanes/Public/2015/DataFiles/TFR_I.xpt,https://wwwn.cdc.gov/Nchs/Data/Nhanes/Public/2015/DataFiles/TFR_I.htm,77.4,May 2019,True
2015-2016,Laboratory,Trichomonas - Urine,TRICH_I,https://wwwn.cdc.gov/Nchs/Data/Nhanes/Public/2015/DataFiles/TRICH_I.xpt,https://wwwn.cdc.gov/Nchs/Data/Nhanes/Public/2015/DataFiles/TRICH_I.htm,62.4,September 2017,True
2015-2016,Laboratory,Urine Flow Rate,UCFLOW_I,https://wwwn.cdc.gov/Nchs/Data/Nhanes/Public/2015/DataFiles/UCFLOW_I.xpt,https://wwwn.cdc.gov/Nchs/Data/Nhanes/Public/2015/DataFiles/UCFLOW_I.htm,674.6,September 2017,True
2015-2016,Laboratory,Vitamin D,VID_I,https://wwwn.cdc.gov/Nchs/Data/Nhanes/Public/2015/DataFiles/VID_I.xpt,https://wwwn.cdc.gov/Nchs/Data/Nhanes/Public/2015/DataFiles/VID_I.htm,646.4,August 2021,True
2015-2016,Laboratory,Volatile Organic Compound (VOC) Metabolites - Urine,UVOC_I,https://wwwn.cdc.gov/Nchs/Data/Nhanes/Public/2015/DataFiles/UVOC_I.xpt,https://wwwn.cdc.gov/Nchs/Data/Nhanes/Public/2015/DataFiles/UVOC_I.htm,1536.0,Updated November 2021,True
2015-2016,Laboratory,Volatile Organic Compound (VOC) Metabolites - Urine - Special Sample,UVOCS_I,https://wwwn.cdc.gov/Nchs/Data/Nhanes/Public/2015/DataFiles/UVOCS_I.xpt,https://wwwn.cdc.gov/Nchs/Data/Nhanes/Public/2015/DataFiles/UVOCS_I.htm,1126.4,Updated November 2021,True
2015-2016,Laboratory,Volatile Organic Compounds and Trihalomethanes/MTBE - Blood,VOCWB_I,https://wwwn.cdc.gov/Nchs/Data/Nhanes/Public/2015/DataFiles/VOCWB_I.xpt,https://wwwn.cdc.gov/Nchs/Data/Nhanes/Public/2015/DataFiles/VOCWB_I.htm,2252.8,September 2018,True
2015-2016,Laboratory,Volatile Organic Compounds and Trihalomethanes/MTBE – Blood – Special Sample,VOCWBS_I,https://wwwn.cdc.gov/Nchs/Data/Nhanes/Public/2015/DataFiles/VOCWBS_I.xpt,https://wwwn.cdc.gov/Nchs/Data/Nhanes/Public/2015/DataFiles/VOCWBS_I.htm,2150.4,September 2018,True
2015-2016,Questionnaire,Acculturation,ACQ_I,https://wwwn.cdc.gov/Nchs/Data/Nhanes/Public/2015/DataFiles/ACQ_I.xpt,https://wwwn.cdc.gov/Nchs/Data/Nhanes/Public/2015/DataFiles/ACQ_I.htm,423.0,September 2017,True
2015-2016,Questionnaire,Alcohol Use,ALQ_I,https://wwwn.cdc.gov/Nchs/Data/Nhanes/Public/2015/DataFiles/ALQ_I.xpt,https://wwwn.cdc.gov/Nchs/Data/Nhanes/Public/2015/DataFiles/ALQ_I.htm,450.2,March 2018,True
2015-2016,Questionnaire,Audiometry,AUQ_I,https://wwwn.cdc.gov/Nchs/Data/Nhanes/Public/2015/DataFiles/AUQ_I.xpt,https://wwwn.cdc.gov/Nchs/Data/Nhanes/Public/2015/DataFiles/AUQ_I.htm,2252.8,March 2018,True
2015-2016,Questionnaire,Blood Pressure & Cholesterol,BPQ_I,https://wwwn.cdc.gov/Nchs/Data/Nhanes/Public/2015/DataFiles/BPQ_I.xpt,https://wwwn.cdc.gov/Nchs/Data/Nhanes/Public/2015/DataFiles/BPQ_I.htm,546.0,September 2017,True
2015-2016,Questionnaire,Cardiovascular Health,CDQ_I,https://wwwn.cdc.gov/Nchs/Data/Nhanes/Public/2015/DataFiles/CDQ_I.xpt,https://wwwn.cdc.gov/Nchs/Data/Nhanes/Public/2015/DataFiles/CDQ_I.htm,503.3,September 2017,True
2015-2016,Questionnaire,Consumer Behavior,CBQ_I,https://wwwn.cdc.gov/Nchs/Data/Nhanes/Public/2015/DataFiles/CBQ_I.xpt,https://wwwn.cdc.gov/Nchs/Data/Nhanes/Public/2015/DataFiles/CBQ_I.htm,469.0,September 2018,True
2015-2016,Questionnaire,Current Health Status,HSQ_I,https://wwwn.cdc.gov/Nchs/Data/Nhanes/Public/2015/DataFiles/HSQ_I.xpt,https://wwwn.cdc.gov/Nchs/Data/Nhanes/Public/2015/DataFiles/HSQ_I.htm,646.4,September 2017,True
2015-2016,Questionnaire,Dermatology,DEQ_I,https://wwwn.cdc.gov/Nchs/Data/Nhanes/Public/2015/DataFiles/DEQ_I.xpt,https://wwwn.cdc.gov/Nchs/Data/Nhanes/Public/2015/DataFiles/DEQ_I.htm,270.5,September 2017,True
2015-2016,Questionnaire,Diabetes,DIQ_I,https://wwwn.cdc.gov/Nchs/Data/Nhanes/Public/2015/DataFiles/DIQ_I.xpt,https://wwwn.cdc.gov/Nchs/Data/Nhanes/Public/2015/DataFiles/DIQ_I.htm,4096.0,September 2017,True
2015-2016,Questionnaire,Diet Behavior & Nutrition,DBQ_I,https://wwwn.cdc.gov/Nchs/Data/Nhanes/Public/2015/DataFiles/DBQ_I.xpt,https://wwwn.cdc.gov/Nchs/Data/Nhanes/Public/2015/DataFiles/DBQ_I.htm,3993.6,November 2018,True
2015-2016,Questionnaire,Disability,DLQ_I,https://wwwn.cdc.gov/Nchs/Data/Nhanes/Public/2015/DataFiles/DLQ_I.xpt,https://wwwn.cdc.gov/Nchs/Data/Nhanes/Public/2015/DataFiles/DLQ_I.htm,975.0,September 2017,True
2015-2016,Questionnaire,Drug Use,DUQ_I,https://wwwn.cdc.gov/Nchs/Data/Nhanes/Public/2015/DataFiles/DUQ_I.xpt,https://wwwn.cdc.gov/Nchs/Data/Nhanes/Public/2015/DataFiles/DUQ_I.htm,1638.4,May 2018,True
2015-2016,Questionnaire,Early Childhood,ECQ_I,https://wwwn.cdc.gov/Nchs/Data/Nhanes/Public/2015/DataFiles/ECQ_I.xpt,https://wwwn.cdc.gov/Nchs/Data/Nhanes/Public/2015/DataFiles/ECQ_I.htm,286.8,December 2017,True
2015-2016,Questionnaire,Food Security,FSQ_I,https://wwwn.cdc.gov/Nchs/Data/Nhanes/Public/2015/DataFiles/FSQ_I.xpt,https://wwwn.cdc.gov/Nchs/Data/Nhanes/Public/2015/DataFiles/FSQ_I.htm,3788.8,Updated February 2022,True
2015-2016,Questionnaire,Health Insurance,HIQ_I,https://wwwn.cdc.gov/Nchs/Data/Nhanes/Public/2015/DataFiles/HIQ_I.xpt,https://wwwn.cdc.gov/Nchs/Data/Nhanes/Public/2015/DataFiles/HIQ_I.htm,1331.2,September 2017,True
2015-2016,Questionnaire,Hepatitis,HEQ_I,https://wwwn.cdc.gov/Nchs/Data/Nhanes/Public/2015/DataFiles/HEQ_I.xpt,https://wwwn.cdc.gov/Nchs/Data/Nhanes/Public/2015/DataFiles/HEQ_I.htm,328.3,September 2017,True
2015-2016,Questionnaire,Hospital Utilization & Access to Care,HUQ_I,https://wwwn.cdc.gov/Nchs/Data/Nhanes/Public/2015/DataFiles/HUQ_I.xpt,https://wwwn.cdc.gov/Nchs/Data/Nhanes/Public/2015/DataFiles/HUQ_I.htm,781.1,September 2017,True
2015-2016,Questionnaire,Housing Characteristics,HOQ_I,https://wwwn.cdc.gov/Nchs/Data/Nhanes/Public/2015/DataFiles/HOQ_I.xpt,https://wwwn.cdc.gov/Nchs/Data/Nhanes/Public/2015/DataFiles/HOQ_I.htm,234.9,September 2017,True
2015-2016,Questionnaire,Immunization,IMQ_I,https://wwwn.cdc.gov/Nchs/Data/Nhanes/Public/2015/DataFiles/IMQ_I.xpt,https://wwwn.cdc.gov/Nchs/Data/Nhanes/Public/2015/DataFiles/IMQ_I.htm,625.0,September 2017,True
2015-2016,Questionnaire,Income,INQ_I,https://wwwn.cdc.gov/Nchs/Data/Nhanes/Public/2015/DataFiles/INQ_I.xpt,https://wwwn.cdc.gov/Nchs/Data/Nhanes/Public/2015/DataFiles/INQ_I.htm,1228.8,September 2017,True
2015-2016,Questionnaire,Kidney Conditions - Urology,KIQ_U_I,https://wwwn.cdc.gov/Nchs/Data/Nhanes/Public/2015/DataFiles/KIQ_U_I.xpt,https://wwwn.cdc.gov/Nchs/Data/Nhanes/Public/2015/DataFiles/KIQ_U_I.htm,717.8,December 2018,True
2015-2016,Questionnaire,Medical Conditions,MCQ_I,https://wwwn.cdc.gov/Nchs/Data/Nhanes/Public/2015/DataFiles/MCQ_I.xpt,https://wwwn.cdc.gov/Nchs/Data/Nhanes/Public/2015/DataFiles/MCQ_I.htm,6758.4,September 2017,True
2015-2016,Questionnaire,Mental Health - Depression Screener,DPQ_I,https://wwwn.cdc.gov/Nchs/Data/Nhanes/Public/2015/DataFiles/DPQ_I.xpt,https://wwwn.cdc.gov/Nchs/Data/Nhanes/Public/2015/DataFiles/DPQ_I.htm,495.2,December 2017,True
2015-2016,Questionnaire,Occupation,OCQ_I,https://wwwn.cdc.gov/Nchs/Data/Nhanes/Public/2015/DataFiles/OCQ_I.xpt,https://wwwn.cdc.gov/Nchs/Data/Nhanes/Public/2015/DataFiles/OCQ_I.htm,893.0,April 2018,True
2015-2016,Questionnaire,Oral Health,OHQ_I,https://wwwn.cdc.gov/Nchs/Data/Nhanes/Public/2015/DataFiles/OHQ_I.xpt,https://wwwn.cdc.gov/Nchs/Data/Nhanes/Public/2015/DataFiles/OHQ_I.htm,3276.8,September 2017,True
2015-2016,Questionnaire,Pesticide Use,PUQMEC_I,https://wwwn.cdc.gov/Nchs/Data/Nhanes/Public/2015/DataFiles/PUQMEC_I.xpt,https://wwwn.cdc.gov/Nchs/Data/Nhanes/Public/2015/DataFiles/PUQMEC_I.htm,189.2,November 2019,True
2015-2016,Questionnaire,Physical Activity,PAQ_I,https://wwwn.cdc.gov/Nchs/Data/Nhanes/Public/2015/DataFiles/PAQ_I.xpt,https://wwwn.cdc.gov/Nchs/Data/Nhanes/Public/2015/DataFiles/PAQ_I.htm,6860.8,September 2017,True
2015-2016,Questionnaire,Physical Functioning,PFQ_I,https://wwwn.cdc.gov/Nchs/Data/Nhanes/Public/2015/DataFiles/PFQ_I.xpt,https://wwwn.cdc.gov/Nchs/Data/Nhanes/Public/2015/DataFiles/PFQ_I.htm,2560.0,September 2017,True
2015-2016,Questionnaire,Prescription Medications,RXQ_RX_I,https://wwwn.cdc.gov/Nchs/Data/Nhanes/Public/2015/DataFiles/RXQ_RX_I.xpt,https://wwwn.cdc.gov/Nchs/Data/Nhanes/Public/2015/DataFiles/RXQ_RX_I.htm,9420.8,January 2019,True
2015-2016,Questionnaire,Prescription Medications - Drug Information,RXQ_DRUG,https://wwwn.cdc.gov/Nchs/Data/Nhanes/Public/1988/DataFiles/RXQ_DRUG.xpt,https://wwwn.cdc.gov/Nchs/Data/Nhanes/Public/1988/DataFiles/RXQ_DRUG.htm,3276.8,Updated September 2021,True
2015-2016,Questionnaire,Preventive Aspirin Use,RXQASA_I,https://wwwn.cdc.gov/Nchs/Data/Nhanes/Public/2015/DataFiles/RXQASA_I.xpt,https://wwwn.cdc.gov/Nchs/Data/Nhanes/Public/2015/DataFiles/RXQASA_I.htm,237.2,January 2019,True
2015-2016,Questionnaire,Reproductive Health,RHQ_I,https://wwwn.cdc.gov/Nchs/Data/Nhanes/Public/2015/DataFiles/RHQ_I.xpt,https://wwwn.cdc.gov/Nchs/Data/Nhanes/Public/2015/DataFiles/RHQ_I.htm,1228.8,February 2018,True
2015-2016,Questionnaire,Sexual Behavior,SXQ_I,https://wwwn.cdc.gov/Nchs/Data/Nhanes/Public/2015/DataFiles/SXQ_I.xpt,https://wwwn.cdc.gov/Nchs/Data/Nhanes/Public/2015/DataFiles/SXQ_I.htm,1945.6,December 2017,True
2015-2016,Questionnaire,Sleep Disorders,SLQ_I,https://wwwn.cdc.gov/Nchs/Data/Nhanes/Public/2015/DataFiles/SLQ_I.xpt,https://wwwn.cdc.gov/Nchs/Data/Nhanes/Public/2015/DataFiles/SLQ_I.htm,360.2,March 2018,True
2015-2016,Questionnaire,Smoking - Cigarette Use,SMQ_I,https://wwwn.cdc.gov/Nchs/Data/Nhanes/Public/2015/DataFiles/SMQ_I.xpt,https://wwwn.cdc.gov/Nchs/Data/Nhanes/Public/2015/DataFiles/SMQ_I.htm,2662.4,September 2017,True
2015-2016,Questionnaire,Smoking - Household Smokers,SMQFAM_I,https://wwwn.cdc.gov/Nchs/Data/Nhanes/Public/2015/DataFiles/SMQFAM_I.xpt,https://wwwn.cdc.gov/Nchs/Data/Nhanes/Public/2015/DataFiles/SMQFAM_I.htm,312.9,September 2017,True
2015-2016,Questionnaire,Smoking - Recent Tobacco Use,SMQRTU_I,https://wwwn.cdc.gov/Nchs/Data/Nhanes/Public/2015/DataFiles/SMQRTU_I.xpt,https://wwwn.cdc.gov/Nchs/Data/Nhanes/Public/2015/DataFiles/SMQRTU_I.htm,1536.0,September 2017,True
2015-2016,Questionnaire,Smoking - Secondhand Smoke Exposure,SMQSHS_I,https://wwwn.cdc.gov/Nchs/Data/Nhanes/Public/2015/DataFiles/SMQSHS_I.xpt,https://wwwn.cdc.gov/Nchs/Data/Nhanes/Public/2015/DataFiles/SMQSHS_I.htm,1126.4,September 2017,True
2015-2016,Questionnaire,Volatile Toxicant,VTQ_I,https://wwwn.cdc.gov/Nchs/Data/Nhanes/Public/2015/DataFiles/VTQ_I.xpt,https://wwwn.cdc.gov/Nchs/Data/Nhanes/Public/2015/DataFiles/VTQ_I.htm,640.4,June 2019,True
2015-2016,Questionnaire,Weight History,WHQ_I,https://wwwn.cdc.gov/Nchs/Data/Nhanes/Public/2015/DataFiles/WHQ_I.xpt,https://wwwn.cdc.gov/Nchs/Data/Nhanes/Public/2015/DataFiles/WHQ_I.htm,1843.2,April 2018,True
2015-2016,Questionnaire,Weight History - Youth,WHQMEC_I,https://wwwn.cdc.gov/Nchs/Data/Nhanes/Public/2015/DataFiles/WHQMEC_I.xpt,https://wwwn.cdc.gov/Nchs/Data/Nhanes/Public/2015/DataFiles/WHQMEC_I.htm,49.0,April 2018,True
2015-2016,LimitedAccess,Alcohol Use - Youth,,,https://wwwn.cdc.gov/Nchs/Data/Nhanes/Public/2015/DataFiles/ALQY_I_R.htm,,March 2018,False
2015-2016,LimitedAccess,Chlamydia - Urine - Youth,,,https://wwwn.cdc.gov/Nchs/Data/Nhanes/Public/2015/DataFiles/CHLM_I_R.htm,,December 2017,False
2015-2016,LimitedAccess,Chlamydia Pgp3 (plasmid gene product 3) ELISA (enzyme linked immunosorbent assay) and multiplex bead array (MBA) results - Youth,,,https://wwwn.cdc.gov/Nchs/Data/Nhanes/Public/2015/DataFiles/SSCT_I_R.htm,,Updated February 2021,False
2015-2016,LimitedAccess,Drug Use - Youth,,,https://wwwn.cdc.gov/Nchs/Data/Nhanes/Public/2015/DataFiles/DUQY_I_R.htm,,May 2018,False
2015-2016,LimitedAccess,Food Security - Pregnant Women,,,https://wwwn.cdc.gov/Nchs/Data/Nhanes/Public/2015/DataFiles/FSQ_I_R.htm,,Updated February 2022,False
2015-2016,LimitedAccess,"Geocoded Data, NHANES 1999-2016, Census 2000",,,https://wwwn.cdc.gov/Nchs/Data/Nhanes/Public/1999/DataFiles/GEO_2000.htm,,March 2018,False
2015-2016,LimitedAccess,"Geocoded Data, NHANES 1999-2018, Census 2010",,,https://wwwn.cdc.gov/Nchs/Data/Nhanes/Public/1999/DataFiles/GEO_2010.htm,,Updated July 2021,False
2015-2016,LimitedAccess,"Geocoded Data, NHANES 1999-March 2020, Census 2020",,,https://wwwn.cdc.gov/Nchs/Data/Nhanes/Public/1999/DataFiles/GEO_2020.htm,,October 2023,False
2015-2016,LimitedAccess,Hepatitis C: Confirmed Antibody (INNO-LIA) - 2015,,,https://wwwn.cdc.gov/Nchs/Data/Nhanes/Public/2015/DataFiles/SSHC_I_R.htm,,Updated November 2021,False
2015-2016,LimitedAccess,Hepatitis C: Confirmed Antibody (INNO-LIA) - 2016,,,https://wwwn.cdc.gov/Nchs/Data/Nhanes/Public/2016/DataFiles/HEPC_I_R.htm,,January 2018,False
2015-2016,LimitedAccess,Herpes Simplex Virus Type-1 and Type-2 - Youth,,,https://wwwn.cdc.gov/Nchs/Data/Nhanes/Public/2015/DataFiles/HSV_I_R.htm,,December 2017,False
2015-2016,LimitedAccess,"Human Papillomavirus (HPV) - 6, 11, 16, 18, 31, 33, 45, 52, & 58 Antibody – Serum: M9ELISA",,,https://wwwn.cdc.gov/Nchs/Data/Nhanes/Public/2015/DataFiles/HPVN_I_R.htm,,September 2024,False
2015-2016,LimitedAccess,Human Papillomavirus (HPV) - Oral Rinse - Youth,,,https://wwwn.cdc.gov/Nchs/Data/Nhanes/Public/2015/DataFiles/OHPV_I_R.htm,,January 2019,False
2015-2016,LimitedAccess,Human Papillomavirus (HPV) DNA - Penile Swabs: Roche Linear Array - Youth,,,https://wwwn.cdc.gov/Nchs/Data/Nhanes/Public/2015/DataFiles/HPVP_I_R.htm,,November 2019,False
2015-2016,LimitedAccess,Human Papillomavirus (HPV) DNA - Vaginal Swab: Roche Cobas High-Risk - Youth,,,https://wwwn.cdc.gov/Nchs/Data/Nhanes/Public/2015/DataFiles/HPVC_I_R.htm,,November 2018,False
2015-2016,LimitedAccess,Human Papillomavirus (HPV) DNA - Vaginal Swab: Roche Linear Array - Youth,,,https://wwwn.cdc.gov/Nchs/Data/Nhanes/Public/2015/DataFiles/HPVS_I_R.htm,,November 2018,False
2015-2016,LimitedAccess,Mental Health - Depression Screener - Youth,,,https://wwwn.cdc.gov/Nchs/Data/Nhanes/Public/2015/DataFiles/DPQY_I_R.htm,,December 2017,False
2015-2016,LimitedAccess,Reproductive Health – Women 12 Years and Older,,,https://wwwn.cdc.gov/Nchs/Data/Nhanes/Public/2015/DataFiles/RHQ_I_R.htm,,February 2018,False
2015-2016,LimitedAccess,Sexual Behavior - Youth,,,https://wwwn.cdc.gov/Nchs/Data/Nhanes/Public/2015/DataFiles/SXQY_I_R.htm,,December 2017,False
2015-2016,LimitedAccess,Trichomonas - Urine - Youth,,,https://wwwn.cdc.gov/Nchs/Data/Nhanes/Public/2015/DataFiles/TRIC_I_R.htm,,September 2017,False
2017-2018,Demographics,Demographic Variables and Sample Weights,DEMO_J,https://wwwn.cdc.gov/Nchs/Data/Nhanes/Public/2017/DataFiles/DEMO_J.xpt,https://wwwn.cdc.gov/Nchs/Data/Nhanes/Public/2017/DataFiles/DEMO_J.htm,3379.2,February 2020,True
2017-2018,Dietary,"Dietary Interview - Individual Foods, First Day",DR1IFF_J,https://wwwn.cdc.gov/Nchs/Data/Nhanes/Public/2017/DataFiles/DR1IFF_J.xpt,https://wwwn.cdc.gov/Nchs/Data/Nhanes/Public/2017/DataFiles/DR1IFF_J.htm,73932.8,June 2020,True
2017-2018,Dietary,"Dietary Interview - Individual Foods, Second Day",DR2IFF_J,https://wwwn.cdc.gov/Nchs/Data/Nhanes/Public/2017/DataFiles/DR2IFF_J.xpt,https://wwwn.cdc.gov/Nchs/Data/Nhanes/Public/2017/DataFiles/DR2IFF_J.htm,61337.6,June 2020,True
2017-2018,Dietary,"Dietary Interview - Total Nutrient Intakes, First Day",DR1TOT_J,https://wwwn.cdc.gov/Nchs/Data/Nhanes/Public/2017/DataFiles/DR1TOT_J.xpt,https://wwwn.cdc.gov/Nchs/Data/Nhanes/Public/2017/DataFiles/DR1TOT_J.htm,11468.8,June 2020,True
2017-2018,Dietary,"Dietary Interview - Total Nutrient Intakes, Second Day",DR2TOT_J,https://wwwn.cdc.gov/Nchs/Data/Nhanes/Public/2017/DataFiles/DR2TOT_J.xpt,https://wwwn.cdc.gov/Nchs/Data/Nhanes/Public/2017/DataFiles/DR2TOT_J.htm,5836.8,June 2020,True
2017-2018,Dietary,Dietary Interview Technical Support File - Food Codes,DRXFCD_J,https://wwwn.cdc.gov/Nchs/Data/Nhanes/Public/2017/DataFiles/DRXFCD_J.xpt,https://wwwn.cdc.gov/Nchs/Data/Nhanes/Public/2017/DataFiles/DRXFCD_J.htm,2867.2,June 2020,True
2017-2018,Dietary,Dietary Supplement Database - Blend Information,DSBI,https://wwwn.cdc.gov/Nchs/Data/Nhanes/Public/1999/DataFiles/DSBI.xpt,https://wwwn.cdc.gov/Nchs/Data/Nhanes/Public/1999/DataFiles/DSBI.htm,10240.0,February 2025,True
2017-2018,Dietary,Dietary Supplement Database - Ingredient Information,DSII,https://wwwn.cdc.gov/Nchs/Data/Nhanes/Public/1999/DataFiles/DSII.xpt,https://wwwn.cdc.gov/Nchs/Data/Nhanes/Public/1999/DataFiles/DSII.htm,84377.6,February 2025,True
2017-2018,Dietary,Dietary Supplement Database - Product Information,DSPI,https://wwwn.cdc.gov/Nchs/Data/Nhanes/Public/1999/DataFiles/DSPI.xpt,https://wwwn.cdc.gov/Nchs/Data/Nhanes/Public/1999/DataFiles/DSPI.htm,6656.0,February 2025,True
2017-2018,Dietary,"Dietary Supplement Use 24-Hour - Individual Dietary Supplements, First Day",DS1IDS_J,https://wwwn.cdc.gov/Nchs/Data/Nhanes/Public/2017/DataFiles/DS1IDS_J.xpt,https://wwwn.cdc.gov/Nchs/Data/Nhanes/Public/2017/DataFiles/DS1IDS_J.htm,3481.6,August 2020,True
2017-2018,Dietary,"Dietary Supplement Use 24-Hour - Individual Dietary Supplements, Second Day",DS2IDS_J,https://wwwn.cdc.gov/Nchs/Data/Nhanes/Public/2017/DataFiles/DS2IDS_J.xpt,https://wwwn.cdc.gov/Nchs/Data/Nhanes/Public/2017/DataFiles/DS2IDS_J.htm,3276.8,August 2020,True
2017-2018,Dietary,"Dietary Supplement Use 24-Hour - Total Dietary Supplements, First Day",DS1TOT_J,https://wwwn.cdc.gov/Nchs/Data/Nhanes/Public/2017/DataFiles/DS1TOT_J.xpt,https://wwwn.cdc.gov/Nchs/Data/Nhanes/Public/2017/DataFiles/DS1TOT_J.htm,3379.2,August 2020,True
2017-2018,Dietary,"Dietary Supplement Use 24-Hour - Total Dietary Supplements, Second Day",DS2TOT_J,https://wwwn.cdc.gov/Nchs/Data/Nhanes/Public/2017/DataFiles/DS2TOT_J.xpt,https://wwwn.cdc.gov/Nchs/Data/Nhanes/Public/2017/DataFiles/DS2TOT_J.htm,3379.2,August 2020,True
2017-2018,Dietary,Dietary Supplement Use 30-Day - Individual Dietary Supplements,DSQIDS_J,https://wwwn.cdc.gov/Nchs/Data/Nhanes/Public/2017/DataFiles/DSQIDS_J.xpt,https://wwwn.cdc.gov/Nchs/Data/Nhanes/Public/2017/DataFiles/DSQIDS_J.htm,8704.0,August 2020,True
2017-2018,Dietary,Dietary Supplement Use 30-Day - Total Dietary Supplements,DSQTOT_J,https://wwwn.cdc.gov/Nchs/Data/Nhanes/Public/2017/DataFiles/DSQTOT_J.xpt,https://wwwn.cdc.gov/Nchs/Data/Nhanes/Public/2017/DataFiles/DSQTOT_J.htm,2867.2,August 2020,True
2017-2018,Examination,Audiometry,AUX_J,https://wwwn.cdc.gov/Nchs/Data/Nhanes/Public/2017/DataFiles/AUX_J.xpt,https://wwwn.cdc.gov/Nchs/Data/Nhanes/Public/2017/DataFiles/AUX_J.htm,2252.8,November 2021,True
2017-2018,Examination,Audiometry - Acoustic Reflex,AUXAR_J,https://wwwn.cdc.gov/Nchs/Data/Nhanes/Public/2017/DataFiles/AUXAR_J.xpt,https://wwwn.cdc.gov/Nchs/Data/Nhanes/Public/2017/DataFiles/AUXAR_J.htm,90624.0,November 2021,True
2017-2018,Examination,Audiometry - Tympanometry,AUXTYM_J,https://wwwn.cdc.gov/Nchs/Data/Nhanes/Public/2017/DataFiles/AUXTYM_J.xpt,https://wwwn.cdc.gov/Nchs/Data/Nhanes/Public/2017/DataFiles/AUXTYM_J.htm,22528.0,November 2021,True
2017-2018,Examination,Audiometry - Wideband Reflectance,AUXWBR_J,https://wwwn.cdc.gov/Nchs/Data/Nhanes/Public/2017/DataFiles/AUXWBR_J.xpt,https://wwwn.cdc.gov/Nchs/Data/Nhanes/Public/2017/DataFiles/AUXWBR_J.htm,14336.0,November 2021,True
2017-2018,Examination,Blood Pressure,BPX_J,https://wwwn.cdc.gov/Nchs/Data/Nhanes/Public/2017/DataFiles/BPX_J.xpt,https://wwwn.cdc.gov/Nchs/Data/Nhanes/Public/2017/DataFiles/BPX_J.htm,1433.6,February 2020,True
2017-2018,Examination,Blood Pressure - Oscillometric Measurements,BPXO_J,https://wwwn.cdc.gov/Nchs/Data/Nhanes/Public/2017/DataFiles/BPXO_J.xpt,https://wwwn.cdc.gov/Nchs/Data/Nhanes/Public/2017/DataFiles/BPXO_J.htm,678.1,April 2021,True
2017-2018,Examination,Body Measures,BMX_J,https://wwwn.cdc.gov/Nchs/Data/Nhanes/Public/2017/DataFiles/BMX_J.xpt,https://wwwn.cdc.gov/Nchs/Data/Nhanes/Public/2017/DataFiles/BMX_J.htm,1433.6,February 2020,True
2017-2018,Examination,Dual-Energy X-ray Absorptiometry - Android/Gynoid Measurements,DXXAG_J,https://wwwn.cdc.gov/Nchs/Data/Nhanes/Public/2017/DataFiles/DXXAG_J.xpt,https://wwwn.cdc.gov/Nchs/Data/Nhanes/Public/2017/DataFiles/DXXAG_J.htm,922.9,October 2021,True
2017-2018,Examination,Dual-Energy X-ray Absorptiometry - Femur,DXXFEM_J,https://wwwn.cdc.gov/Nchs/Data/Nhanes/Public/2017/DataFiles/DXXFEM_J.xpt,https://wwwn.cdc.gov/Nchs/Data/Nhanes/Public/2017/DataFiles/DXXFEM_J.htm,456.2,May 2020,True
2017-2018,Examination,Dual-Energy X-ray Absorptiometry - Spine,DXXSPN_J,https://wwwn.cdc.gov/Nchs/Data/Nhanes/Public/2017/DataFiles/DXXSPN_J.xpt,https://wwwn.cdc.gov/Nchs/Data/Nhanes/Public/2017/DataFiles/DXXSPN_J.htm,547.4,May 2020,True
2017-2018,Examination,Dual-Energy X-ray Absorptiometry - Whole Body,DXX_J,https://wwwn.cdc.gov/Nchs/Data/Nhanes/Public/2017/DataFiles/DXX_J.xpt,https://wwwn.cdc.gov/Nchs/Data/Nhanes/Public/2017/DataFiles/DXX_J.htm,3686.4,March 2020,True
2017-2018,Examination,Liver Ultrasound Transient Elastography,LUX_J,https://wwwn.cdc.gov/Nchs/Data/Nhanes/Public/2017/DataFiles/LUX_J.xpt,https://wwwn.cdc.gov/Nchs/Data/Nhanes/Public/2017/DataFiles/LUX_J.htm,677.8,March 2020,True
2017-2018,Examination,Oral Health - Dentition,OHXDEN_J,https://wwwn.cdc.gov/Nchs/Data/Nhanes/Public/2017/DataFiles/OHXDEN_J.xpt,https://wwwn.cdc.gov/Nchs/Data/Nhanes/Public/2017/DataFiles/OHXDEN_J.htm,9113.6,Updated May 2021,True
2017-2018,Examination,Oral Health - Recommendation of Care,OHXREF_J,https://wwwn.cdc.gov/Nchs/Data/Nhanes/Public/2017/DataFiles/OHXREF_J.xpt,https://wwwn.cdc.gov/Nchs/Data/Nhanes/Public/2017/DataFiles/OHXREF_J.htm,786.7,February 2020,True
2017-2018,Laboratory,Albumin & Creatinine - Urine,ALB_CR_J,https://wwwn.cdc.gov/Nchs/Data/Nhanes/Public/2017/DataFiles/ALB_CR_J.xpt,https://wwwn.cdc.gov/Nchs/Data/Nhanes/Public/2017/DataFiles/ALB_CR_J.htm,497.8,February 2020,True
2017-2018,Laboratory,Alpha-1-Acid Glycoprotein - Serum (Surplus),SSAGP_J,https://wwwn.cdc.gov/Nchs/Data/Nhanes/Public/2017/DataFiles/SSAGP_J.xpt,https://wwwn.cdc.gov/Nchs/Data/Nhanes/Public/2017/DataFiles/SSAGP_J.htm,65.6,September 2023,True
2017-2018,Laboratory,Arsenic - Total - Urine,UTAS_J,https://wwwn.cdc.gov/Nchs/Data/Nhanes/Public/2017/DataFiles/UTAS_J.xpt,https://wwwn.cdc.gov/Nchs/Data/Nhanes/Public/2017/DataFiles/UTAS_J.htm,94.4,July 2021,True
2017-2018,Laboratory,Arsenics - Speciated - Urine,UAS_J,https://wwwn.cdc.gov/Nchs/Data/Nhanes/Public/2017/DataFiles/UAS_J.xpt,https://wwwn.cdc.gov/Nchs/Data/Nhanes/Public/2017/DataFiles/UAS_J.htm,328.5,July 2021,True
2017-2018,Laboratory,Cholesterol - High - Density Lipoprotein (HDL),HDL_J,https://wwwn.cdc.gov/Nchs/Data/Nhanes/Public/2017/DataFiles/HDL_J.xpt,https://wwwn.cdc.gov/Nchs/Data/Nhanes/Public/2017/DataFiles/HDL_J.htm,175.5,February 2020,True
2017-2018,Laboratory,Cholesterol - Low-Density Lipoproteins (LDL) & Triglycerides,TRIGLY_J,https://wwwn.cdc.gov/Nchs/Data/Nhanes/Public/2017/DataFiles/TRIGLY_J.xpt,https://wwwn.cdc.gov/Nchs/Data/Nhanes/Public/2017/DataFiles/TRIGLY_J.htm,239.3,Updated March 2021,True
2017-2018,Laboratory,Cholesterol - Total,TCHOL_J,https://wwwn.cdc.gov/Nchs/Data/Nhanes/Public/2017/DataFiles/TCHOL_J.xpt,https://wwwn.cdc.gov/Nchs/Data/Nhanes/Public/2017/DataFiles/TCHOL_J.htm,175.5,February 2020,True
2017-2018,Laboratory,Chromium - Urine,UCM_J,https://wwwn.cdc.gov/Nchs/Data/Nhanes/Public/2017/DataFiles/UCM_J.xpt,https://wwwn.cdc.gov/Nchs/Data/Nhanes/Public/2017/DataFiles/UCM_J.htm,94.4,October 2020,True
2017-2018,Laboratory,Chromium & Cobalt,CRCO_J,https://wwwn.cdc.gov/Nchs/Data/Nhanes/Public/2017/DataFiles/CRCO_J.xpt,https://wwwn.cdc.gov/Nchs/Data/Nhanes/Public/2017/DataFiles/CRCO_J.htm,202.8,June 2020,True
2017-2018,Laboratory,Complete Blood Count with 5-Part Differential,CBC_J,https://wwwn.cdc.gov/Nchs/Data/Nhanes/Public/2017/DataFiles/CBC_J.xpt,https://wwwn.cdc.gov/Nchs/Data/Nhanes/Public/2017/DataFiles/CBC_J.htm,1433.6,February 2020,True
2017-2018,Laboratory,Cotinine and Hydroxycotinine - Serum,COT_J,https://wwwn.cdc.gov/Nchs/Data/Nhanes/Public/2017/DataFiles/COT_J.xpt,https://wwwn.cdc.gov/Nchs/Data/Nhanes/Public/2017/DataFiles/COT_J.htm,311.4,March 2020,True
2017-2018,Laboratory,"Cotinine, Hydroxycotinine, & Other Nicotine Metabolites and Analogs - Urine",UCOT_J,https://wwwn.cdc.gov/Nchs/Data/Nhanes/Public/2017/DataFiles/UCOT_J.xpt,https://wwwn.cdc.gov/Nchs/Data/Nhanes/Public/2017/DataFiles/UCOT_J.htm,562.6,March 2022,True
2017-2018,Laboratory,Cytomegalovirus IgG & IgM Antibodies - Serum,CMV_J,https://wwwn.cdc.gov/Nchs/Data/Nhanes/Public/2017/DataFiles/CMV_J.xpt,https://wwwn.cdc.gov/Nchs/Data/Nhanes/Public/2017/DataFiles/CMV_J.htm,30.4,Updated June 2020,True
2017-2018,Laboratory,Ethylene Oxide,ETHOX_J,https://wwwn.cdc.gov/Nchs/Data/Nhanes/Public/2017/DataFiles/ETHOX_J.xpt,https://wwwn.cdc.gov/Nchs/Data/Nhanes/Public/2017/DataFiles/ETHOX_J.htm,78.8,February 2023,True
2017-2018,Laboratory,Fasting Questionnaire,FASTQX_J,https://wwwn.cdc.gov/Nchs/Data/Nhanes/Public/2017/DataFiles/FASTQX_J.xpt,https://wwwn.cdc.gov/Nchs/Data/Nhanes/Public/2017/DataFiles/FASTQX_J.htm,1228.8,February 2020,True
2017-2018,Laboratory,Ferritin,FERTIN_J,https://wwwn.cdc.gov/Nchs/Data/Nhanes/Public/2017/DataFiles/FERTIN_J.xpt,https://wwwn.cdc.gov/Nchs/Data/Nhanes/Public/2017/DataFiles/FERTIN_J.htm,173.0,April 2020,True
2017-2018,Laboratory,Flame Retardants - Urine,FR_J,https://wwwn.cdc.gov/Nchs/Data/Nhanes/Public/2017/DataFiles/FR_J.xpt,https://wwwn.cdc.gov/Nchs/Data/Nhanes/Public/2017/DataFiles/FR_J.htm,329.3,March 2022,True
2017-2018,Laboratory,Flame Retardants - Urine (Surplus),SSFR_J,https://wwwn.cdc.gov/Nchs/Data/Nhanes/Public/2017/DataFiles/SSFR_J.xpt,https://wwwn.cdc.gov/Nchs/Data/Nhanes/Public/2017/DataFiles/SSFR_J.htm,141.6,February 2023,True
2017-2018,Laboratory,Folate - RBC,FOLATE_J,https://wwwn.cdc.gov/Nchs/Data/Nhanes/Public/2017/DataFiles/FOLATE_J.xpt,https://wwwn.cdc.gov/Nchs/Data/Nhanes/Public/2017/DataFiles/FOLATE_J.htm,160.4,November 2020,True
2017-2018,Laboratory,Folate Forms - Total & Individual - Serum,FOLFMS_J,https://wwwn.cdc.gov/Nchs/Data/Nhanes/Public/2017/DataFiles/FOLFMS_J.xpt,https://wwwn.cdc.gov/Nchs/Data/Nhanes/Public/2017/DataFiles/FOLFMS_J.htm,639.5,July 2020,True
2017-2018,Laboratory,Glycohemoglobin,GHB_J,https://wwwn.cdc.gov/Nchs/Data/Nhanes/Public/2017/DataFiles/GHB_J.xpt,https://wwwn.cdc.gov/Nchs/Data/Nhanes/Public/2017/DataFiles/GHB_J.htm,101.1,February 2020,True
2017-2018,Laboratory,Glyphosate (GLYP) - Urine (Surplus),SSGLYP_J,https://wwwn.cdc.gov/Nchs/Data/Nhanes/Public/2017/DataFiles/SSGLYP_J.xpt,https://wwwn.cdc.gov/Nchs/Data/Nhanes/Public/2017/DataFiles/SSGLYP_J.htm,94.6,November 2023,True
2017-2018,Laboratory,Hepatitis A,HEPA_J,https://wwwn.cdc.gov/Nchs/Data/Nhanes/Public/2017/DataFiles/HEPA_J.xpt,https://wwwn.cdc.gov/Nchs/Data/Nhanes/Public/2017/DataFiles/HEPA_J.htm,128.4,Updated May 2022,True
2017-2018,Laboratory,"Hepatitis B: Core antibody, Surface antigen, and Hepatitis D: antibody",HEPBD_J,https://wwwn.cdc.gov/Nchs/Data/Nhanes/Public/2017/DataFiles/HEPBD_J.xpt,https://wwwn.cdc.gov/Nchs/Data/Nhanes/Public/2017/DataFiles/HEPBD_J.htm,291.9,Updated January 2026,True
2017-2018,Laboratory,Hepatitis B: Surface Antibody,HEPB_S_J,https://wwwn.cdc.gov/Nchs/Data/Nhanes/Public/2017/DataFiles/HEPB_S_J.xpt,https://wwwn.cdc.gov/Nchs/Data/Nhanes/Public/2017/DataFiles/HEPB_S_J.htm,128.4,Updated May 2022,True
2017-2018,Laboratory,"Hepatitis C: RNA (HCV-RNA), Confirmed Antibody (INNO-LIA), & Genotype",HEPC_J,https://wwwn.cdc.gov/Nchs/Data/Nhanes/Public/2017/DataFiles/HEPC_J.xpt,https://wwwn.cdc.gov/Nchs/Data/Nhanes/Public/2017/DataFiles/HEPC_J.htm,233.6,Updated May 2022,True
2017-2018,Laboratory,Hepatitis E: IgG & IgM Antibodies,HEPE_J,https://wwwn.cdc.gov/Nchs/Data/Nhanes/Public/2017/DataFiles/HEPE_J.xpt,https://wwwn.cdc.gov/Nchs/Data/Nhanes/Public/2017/DataFiles/HEPE_J.htm,175.5,Updated May 2022,True
2017-2018,Laboratory,High-Sensitivity C-Reactive Protein,HSCRP_J,https://wwwn.cdc.gov/Nchs/Data/Nhanes/Public/2017/DataFiles/HSCRP_J.xpt,https://wwwn.cdc.gov/Nchs/Data/Nhanes/Public/2017/DataFiles/HSCRP_J.htm,197.3,February 2020,True
2017-2018,Laboratory,HIV Antibody Test,HIV_J,https://wwwn.cdc.gov/Nchs/Data/Nhanes/Public/2017/DataFiles/HIV_J.xpt,https://wwwn.cdc.gov/Nchs/Data/Nhanes/Public/2017/DataFiles/HIV_J.htm,138.8,February 2020,True
2017-2018,Laboratory,Insulin,INS_J,https://wwwn.cdc.gov/Nchs/Data/Nhanes/Public/2017/DataFiles/INS_J.xpt,https://wwwn.cdc.gov/Nchs/Data/Nhanes/Public/2017/DataFiles/INS_J.htm,120.0,August 2020,True
2017-2018,Laboratory,Iodine - Urine,UIO_J,https://wwwn.cdc.gov/Nchs/Data/Nhanes/Public/2017/DataFiles/UIO_J.xpt,https://wwwn.cdc.gov/Nchs/Data/Nhanes/Public/2017/DataFiles/UIO_J.htm,94.4,October 2020,True
2017-2018,Laboratory,Iron Status - Serum,FETIB_J,https://wwwn.cdc.gov/Nchs/Data/Nhanes/Public/2017/DataFiles/FETIB_J.xpt,https://wwwn.cdc.gov/Nchs/Data/Nhanes/Public/2017/DataFiles/FETIB_J.htm,452.0,February 2020,True
2017-2018,Laboratory,"Lead, Cadmium, Total Mercury, Selenium, & Manganese - Blood",PBCD_J,https://wwwn.cdc.gov/Nchs/Data/Nhanes/Public/2017/DataFiles/PBCD_J.xpt,https://wwwn.cdc.gov/Nchs/Data/Nhanes/Public/2017/DataFiles/PBCD_J.htm,1024.0,June 2020,True
2017-2018,Laboratory,Mercury: Inorganic - Urine,UHG_J,https://wwwn.cdc.gov/Nchs/Data/Nhanes/Public/2017/DataFiles/UHG_J.xpt,https://wwwn.cdc.gov/Nchs/Data/Nhanes/Public/2017/DataFiles/UHG_J.htm,94.4,October 2020,True
2017-2018,Laboratory,"Mercury: Inorganic, Ethyl and Methyl - Blood",IHGEM_J,https://wwwn.cdc.gov/Nchs/Data/Nhanes/Public/2017/DataFiles/IHGEM_J.xpt,https://wwwn.cdc.gov/Nchs/Data/Nhanes/Public/2017/DataFiles/IHGEM_J.htm,655.7,June 2020,True
2017-2018,Laboratory,Metals - Urine,UM_J,https://wwwn.cdc.gov/Nchs/Data/Nhanes/Public/2017/DataFiles/UM_J.xpt,https://wwwn.cdc.gov/Nchs/Data/Nhanes/Public/2017/DataFiles/UM_J.htm,562.6,July 2021,True
2017-2018,Laboratory,Neonicotinoids - Urine (Surplus),SSNEON_J,https://wwwn.cdc.gov/Nchs/Data/Nhanes/Public/2017/DataFiles/SSNEON_J.xpt,https://wwwn.cdc.gov/Nchs/Data/Nhanes/Public/2017/DataFiles/SSNEON_J.htm,282.3,July 2025,True
2017-2018,Laboratory,Nickel - Urine,UNI_J,https://wwwn.cdc.gov/Nchs/Data/Nhanes/Public/2017/DataFiles/UNI_J.xpt,https://wwwn.cdc.gov/Nchs/Data/Nhanes/Public/2017/DataFiles/UNI_J.htm,94.4,October 2020,True
2017-2018,Laboratory,Organophosphate Insecticides - Dialkyl Phosphate Metabolites - Urine,OPD_J,https://wwwn.cdc.gov/Nchs/Data/Nhanes/Public/2017/DataFiles/OPD_J.xpt,https://wwwn.cdc.gov/Nchs/Data/Nhanes/Public/2017/DataFiles/OPD_J.htm,329.3,Updated April 2022,True
2017-2018,Laboratory,"Perchlorate, Nitrate & Thiocyanate - Urine",PERNT_J,https://wwwn.cdc.gov/Nchs/Data/Nhanes/Public/2017/DataFiles/PERNT_J.xpt,https://wwwn.cdc.gov/Nchs/Data/Nhanes/Public/2017/DataFiles/PERNT_J.htm,188.0,September 2022,True
2017-2018,Laboratory,Perfluoroalkyl and Polyfluoroalkyl Substances,PFAS_J,https://wwwn.cdc.gov/Nchs/Data/Nhanes/Public/2017/DataFiles/PFAS_J.xpt,https://wwwn.cdc.gov/Nchs/Data/Nhanes/Public/2017/DataFiles/PFAS_J.htm,336.7,November 2020,True
2017-2018,Laboratory,Perfluoroalkyl and Polyfluoroalkyl Substances (Surplus),SSPFAS_J,https://wwwn.cdc.gov/Nchs/Data/Nhanes/Public/2017/DataFiles/SSPFAS_J.xpt,https://wwwn.cdc.gov/Nchs/Data/Nhanes/Public/2017/DataFiles/SSPFAS_J.htm,159.1,Updated April 2022,True
2017-2018,Laboratory,Personal Care and Consumer Product Chemicals and Metabolites,EPHPP_J,https://wwwn.cdc.gov/Nchs/Data/Nhanes/Public/2017/DataFiles/EPHPP_J.xpt,https://wwwn.cdc.gov/Nchs/Data/Nhanes/Public/2017/DataFiles/EPHPP_J.htm,610.9,March 2026,True
2017-2018,Laboratory,Phthalates and Plasticizers Metabolites - Urine,PHTHTE_J,https://wwwn.cdc.gov/Nchs/Data/Nhanes/Public/2017/DataFiles/PHTHTE_J.xpt,https://wwwn.cdc.gov/Nchs/Data/Nhanes/Public/2017/DataFiles/PHTHTE_J.htm,939.3,August 2021,True
2017-2018,Laboratory,Plasma Fasting Glucose,GLU_J,https://wwwn.cdc.gov/Nchs/Data/Nhanes/Public/2017/DataFiles/GLU_J.xpt,https://wwwn.cdc.gov/Nchs/Data/Nhanes/Public/2017/DataFiles/GLU_J.htm,96.2,August 2020,True
2017-2018,Laboratory,Polycyclic Aromatic Hydrocarbons (PAH) - Urine,PAH_J,https://wwwn.cdc.gov/Nchs/Data/Nhanes/Public/2017/DataFiles/PAH_J.xpt,https://wwwn.cdc.gov/Nchs/Data/Nhanes/Public/2017/DataFiles/PAH_J.htm,328.5,January 2026,True
2017-2018,Laboratory,"Pyrethroids, Herbicides, & Organophosphorus Metabolites – Urine",UPHOPM_J,https://wwwn.cdc.gov/Nchs/Data/Nhanes/Public/2017/DataFiles/UPHOPM_J.xpt,https://wwwn.cdc.gov/Nchs/Data/Nhanes/Public/2017/DataFiles/UPHOPM_J.htm,423.1,September 2025,True
2017-2018,Laboratory,Sex Steroid Hormone Panel - Serum (Surplus),SSTST_J,https://wwwn.cdc.gov/Nchs/Data/Nhanes/Public/2017/DataFiles/SSTST_J.xpt,https://wwwn.cdc.gov/Nchs/Data/Nhanes/Public/2017/DataFiles/SSTST_J.htm,1638.4,December 2024,True
2017-2018,Laboratory,Standard Biochemistry Profile,BIOPRO_J,https://wwwn.cdc.gov/Nchs/Data/Nhanes/Public/2017/DataFiles/BIOPRO_J.xpt,https://wwwn.cdc.gov/Nchs/Data/Nhanes/Public/2017/DataFiles/BIOPRO_J.htm,2048.0,February 2020,True
2017-2018,Laboratory,Transferrin Receptor,TFR_J,https://wwwn.cdc.gov/Nchs/Data/Nhanes/Public/2017/DataFiles/TFR_J.xpt,https://wwwn.cdc.gov/Nchs/Data/Nhanes/Public/2017/DataFiles/TFR_J.htm,173.0,February 2021,True
2017-2018,Laboratory,Urine Flow Rate,UCFLOW_J,https://wwwn.cdc.gov/Nchs/Data/Nhanes/Public/2017/DataFiles/UCFLOW_J.xpt,https://wwwn.cdc.gov/Nchs/Data/Nhanes/Public/2017/DataFiles/UCFLOW_J.htm,622.1,February 2020,True
2017-2018,Laboratory,Urine Pregnancy Test,UCPREG_J,https://wwwn.cdc.gov/Nchs/Data/Nhanes/Public/2017/DataFiles/UCPREG_J.xpt,https://wwwn.cdc.gov/Nchs/Data/Nhanes/Public/2017/DataFiles/UCPREG_J.htm,17.6,February 2020,True
2017-2018,Laboratory,"Vitamin A, Vitamin E & Carotenoids",VITAEC_J,https://wwwn.cdc.gov/Nchs/Data/Nhanes/Public/2017/DataFiles/VITAEC_J.xpt,https://wwwn.cdc.gov/Nchs/Data/Nhanes/Public/2017/DataFiles/VITAEC_J.htm,2355.2,May 2022,True
2017-2018,Laboratory,Vitamin C,VIC_J,https://wwwn.cdc.gov/Nchs/Data/Nhanes/Public/2017/DataFiles/VIC_J.xpt,https://wwwn.cdc.gov/Nchs/Data/Nhanes/Public/2017/DataFiles/VIC_J.htm,233.6,June 2020,True
2017-2018,Laboratory,Vitamin D,VID_J,https://wwwn.cdc.gov/Nchs/Data/Nhanes/Public/2017/DataFiles/VID_J.xpt,https://wwwn.cdc.gov/Nchs/Data/Nhanes/Public/2017/DataFiles/VID_J.htm,590.2,April 2022,True
2017-2018,Laboratory,Volatile Organic Compound (VOC) Metabolites - Urine,UVOC_J,https://wwwn.cdc.gov/Nchs/Data/Nhanes/Public/2017/DataFiles/UVOC_J.xpt,https://wwwn.cdc.gov/Nchs/Data/Nhanes/Public/2017/DataFiles/UVOC_J.htm,1126.4,September 2022,True
2017-2018,Laboratory,Volatile Organic Compound (VOC) Metabolites II - Urine (Surplus),SSUVOC_J,https://wwwn.cdc.gov/Nchs/Data/Nhanes/Public/2017/DataFiles/SSUVOC_J.xpt,https://wwwn.cdc.gov/Nchs/Data/Nhanes/Public/2017/DataFiles/SSUVOC_J.htm,281.6,September 2022,True
2017-2018,Laboratory,Volatile Organic Compound (VOC) Metabolites: Benzene and Methylating Agent Biomarkers – Urine (Surplus),SSUVCM_J,https://wwwn.cdc.gov/Nchs/Data/Nhanes/Public/2017/DataFiles/SSUVCM_J.xpt,https://wwwn.cdc.gov/Nchs/Data/Nhanes/Public/2017/DataFiles/SSUVCM_J.htm,141.2,January 2026,True
2017-2018,Laboratory,Volatile Organic Compounds and Trihalomethanes/MTBE - Blood,VOCWB_J,https://wwwn.cdc.gov/Nchs/Data/Nhanes/Public/2017/DataFiles/VOCWB_J.xpt,https://wwwn.cdc.gov/Nchs/Data/Nhanes/Public/2017/DataFiles/VOCWB_J.htm,2048.0,October 2020,True
2017-2018,Questionnaire,Acculturation,ACQ_J,https://wwwn.cdc.gov/Nchs/Data/Nhanes/Public/2017/DataFiles/ACQ_J.xpt,https://wwwn.cdc.gov/Nchs/Data/Nhanes/Public/2017/DataFiles/ACQ_J.htm,396.3,February 2020,True
2017-2018,Questionnaire,Alcohol Use,ALQ_J,https://wwwn.cdc.gov/Nchs/Data/Nhanes/Public/2017/DataFiles/ALQ_J.xpt,https://wwwn.cdc.gov/Nchs/Data/Nhanes/Public/2017/DataFiles/ALQ_J.htm,434.4,December 2020,True
2017-2018,Questionnaire,Audiometry,AUQ_J,https://wwwn.cdc.gov/Nchs/Data/Nhanes/Public/2017/DataFiles/AUQ_J.xpt,https://wwwn.cdc.gov/Nchs/Data/Nhanes/Public/2017/DataFiles/AUQ_J.htm,3993.6,July 2020,True
2017-2018,Questionnaire,Blood Pressure & Cholesterol,BPQ_J,https://wwwn.cdc.gov/Nchs/Data/Nhanes/Public/2017/DataFiles/BPQ_J.xpt,https://wwwn.cdc.gov/Nchs/Data/Nhanes/Public/2017/DataFiles/BPQ_J.htm,531.8,February 2020,True
2017-2018,Questionnaire,Cardiovascular Health,CDQ_J,https://wwwn.cdc.gov/Nchs/Data/Nhanes/Public/2017/DataFiles/CDQ_J.xpt,https://wwwn.cdc.gov/Nchs/Data/Nhanes/Public/2017/DataFiles/CDQ_J.htm,518.7,February 2020,True
2017-2018,Questionnaire,Consumer Behavior,CBQ_J,https://wwwn.cdc.gov/Nchs/Data/Nhanes/Public/2017/DataFiles/CBQ_J.xpt,https://wwwn.cdc.gov/Nchs/Data/Nhanes/Public/2017/DataFiles/CBQ_J.htm,435.4,April 2021,True
2017-2018,Questionnaire,Consumer Behavior Phone Follow-up Module - Adult,CBQPFA_J,https://wwwn.cdc.gov/Nchs/Data/Nhanes/Public/2017/DataFiles/CBQPFA_J.xpt,https://wwwn.cdc.gov/Nchs/Data/Nhanes/Public/2017/DataFiles/CBQPFA_J.htm,2764.8,June 2021,True
2017-2018,Questionnaire,Consumer Behavior Phone Follow-up Module - Child,CBQPFC_J,https://wwwn.cdc.gov/Nchs/Data/Nhanes/Public/2017/DataFiles/CBQPFC_J.xpt,https://wwwn.cdc.gov/Nchs/Data/Nhanes/Public/2017/DataFiles/CBQPFC_J.htm,1126.4,June 2021,True
2017-2018,Questionnaire,Current Health Status,HSQ_J,https://wwwn.cdc.gov/Nchs/Data/Nhanes/Public/2017/DataFiles/HSQ_J.xpt,https://wwwn.cdc.gov/Nchs/Data/Nhanes/Public/2017/DataFiles/HSQ_J.htm,590.2,February 2020,True
2017-2018,Questionnaire,Dermatology,DEQ_J,https://wwwn.cdc.gov/Nchs/Data/Nhanes/Public/2017/DataFiles/DEQ_J.xpt,https://wwwn.cdc.gov/Nchs/Data/Nhanes/Public/2017/DataFiles/DEQ_J.htm,242.4,February 2020,True
2017-2018,Questionnaire,Diabetes,DIQ_J,https://wwwn.cdc.gov/Nchs/Data/Nhanes/Public/2017/DataFiles/DIQ_J.xpt,https://wwwn.cdc.gov/Nchs/Data/Nhanes/Public/2017/DataFiles/DIQ_J.htm,3788.8,February 2020,True
2017-2018,Questionnaire,Diet Behavior & Nutrition,DBQ_J,https://wwwn.cdc.gov/Nchs/Data/Nhanes/Public/2017/DataFiles/DBQ_J.xpt,https://wwwn.cdc.gov/Nchs/Data/Nhanes/Public/2017/DataFiles/DBQ_J.htm,3379.2,February 2020,True
2017-2018,Questionnaire,Disability,DLQ_J,https://wwwn.cdc.gov/Nchs/Data/Nhanes/Public/2017/DataFiles/DLQ_J.xpt,https://wwwn.cdc.gov/Nchs/Data/Nhanes/Public/2017/DataFiles/DLQ_J.htm,906.2,February 2020,True
2017-2018,Questionnaire,Drug Use,DUQ_J,https://wwwn.cdc.gov/Nchs/Data/Nhanes/Public/2017/DataFiles/DUQ_J.xpt,https://wwwn.cdc.gov/Nchs/Data/Nhanes/Public/2017/DataFiles/DUQ_J.htm,1433.6,February 2020,True
2017-2018,Questionnaire,Early Childhood,ECQ_J,https://wwwn.cdc.gov/Nchs/Data/Nhanes/Public/2017/DataFiles/ECQ_J.xpt,https://wwwn.cdc.gov/Nchs/Data/Nhanes/Public/2017/DataFiles/ECQ_J.htm,243.8,February 2020,True
2017-2018,Questionnaire,Food Security,FSQ_J,https://wwwn.cdc.gov/Nchs/Data/Nhanes/Public/2017/DataFiles/FSQ_J.xpt,https://wwwn.cdc.gov/Nchs/Data/Nhanes/Public/2017/DataFiles/FSQ_J.htm,3584.0,Updated February 2022,True
2017-2018,Questionnaire,Health Insurance,HIQ_J,https://wwwn.cdc.gov/Nchs/Data/Nhanes/Public/2017/DataFiles/HIQ_J.xpt,https://wwwn.cdc.gov/Nchs/Data/Nhanes/Public/2017/DataFiles/HIQ_J.htm,1126.4,February 2020,True
2017-2018,Questionnaire,Hepatitis,HEQ_J,https://wwwn.cdc.gov/Nchs/Data/Nhanes/Public/2017/DataFiles/HEQ_J.xpt,https://wwwn.cdc.gov/Nchs/Data/Nhanes/Public/2017/DataFiles/HEQ_J.htm,309.1,February 2020,True
2017-2018,Questionnaire,Hospital Utilization & Access to Care,HUQ_J,https://wwwn.cdc.gov/Nchs/Data/Nhanes/Public/2017/DataFiles/HUQ_J.xpt,https://wwwn.cdc.gov/Nchs/Data/Nhanes/Public/2017/DataFiles/HUQ_J.htm,725.1,February 2020,True
2017-2018,Questionnaire,Housing Characteristics,HOQ_J,https://wwwn.cdc.gov/Nchs/Data/Nhanes/Public/2017/DataFiles/HOQ_J.xpt,https://wwwn.cdc.gov/Nchs/Data/Nhanes/Public/2017/DataFiles/HOQ_J.htm,218.1,December 2020,True
2017-2018,Questionnaire,Immunization,IMQ_J,https://wwwn.cdc.gov/Nchs/Data/Nhanes/Public/2017/DataFiles/IMQ_J.xpt,https://wwwn.cdc.gov/Nchs/Data/Nhanes/Public/2017/DataFiles/IMQ_J.htm,797.6,February 2020,True
2017-2018,Questionnaire,Income,INQ_J,https://wwwn.cdc.gov/Nchs/Data/Nhanes/Public/2017/DataFiles/INQ_J.xpt,https://wwwn.cdc.gov/Nchs/Data/Nhanes/Public/2017/DataFiles/INQ_J.htm,1126.4,April 2021,True
2017-2018,Questionnaire,Kidney Conditions - Urology,KIQ_U_J,https://wwwn.cdc.gov/Nchs/Data/Nhanes/Public/2017/DataFiles/KIQ_U_J.xpt,https://wwwn.cdc.gov/Nchs/Data/Nhanes/Public/2017/DataFiles/KIQ_U_J.htm,699.1,February 2020,True
2017-2018,Questionnaire,Medical Conditions,MCQ_J,https://wwwn.cdc.gov/Nchs/Data/Nhanes/Public/2017/DataFiles/MCQ_J.xpt,https://wwwn.cdc.gov/Nchs/Data/Nhanes/Public/2017/DataFiles/MCQ_J.htm,5324.8,February 2020,True
2017-2018,Questionnaire,Mental Health - Depression Screener,DPQ_J,https://wwwn.cdc.gov/Nchs/Data/Nhanes/Public/2017/DataFiles/DPQ_J.xpt,https://wwwn.cdc.gov/Nchs/Data/Nhanes/Public/2017/DataFiles/DPQ_J.htm,477.8,February 2020,True
2017-2018,Questionnaire,Occupation,OCQ_J,https://wwwn.cdc.gov/Nchs/Data/Nhanes/Public/2017/DataFiles/OCQ_J.xpt,https://wwwn.cdc.gov/Nchs/Data/Nhanes/Public/2017/DataFiles/OCQ_J.htm,676.6,February 2020,True
2017-2018,Questionnaire,Oral Health,OHQ_J,https://wwwn.cdc.gov/Nchs/Data/Nhanes/Public/2017/DataFiles/OHQ_J.xpt,https://wwwn.cdc.gov/Nchs/Data/Nhanes/Public/2017/DataFiles/OHQ_J.htm,3072.0,February 2020,True
2017-2018,Questionnaire,Osteoporosis,OSQ_J,https://wwwn.cdc.gov/Nchs/Data/Nhanes/Public/2017/DataFiles/OSQ_J.xpt,https://wwwn.cdc.gov/Nchs/Data/Nhanes/Public/2017/DataFiles/OSQ_J.htm,2252.8,March 2020,True
2017-2018,Questionnaire,Pesticide Use,PUQMEC_J,https://wwwn.cdc.gov/Nchs/Data/Nhanes/Public/2017/DataFiles/PUQMEC_J.xpt,https://wwwn.cdc.gov/Nchs/Data/Nhanes/Public/2017/DataFiles/PUQMEC_J.htm,175.5,June 2020,True
2017-2018,Questionnaire,Physical Activity,PAQ_J,https://wwwn.cdc.gov/Nchs/Data/Nhanes/Public/2017/DataFiles/PAQ_J.xpt,https://wwwn.cdc.gov/Nchs/Data/Nhanes/Public/2017/DataFiles/PAQ_J.htm,780.9,February 2020,True
2017-2018,Questionnaire,Physical Activity - Youth,PAQY_J,https://wwwn.cdc.gov/Nchs/Data/Nhanes/Public/2017/DataFiles/PAQY_J.xpt,https://wwwn.cdc.gov/Nchs/Data/Nhanes/Public/2017/DataFiles/PAQY_J.htm,88.1,February 2020,True
2017-2018,Questionnaire,Physical Functioning,PFQ_J,https://wwwn.cdc.gov/Nchs/Data/Nhanes/Public/2017/DataFiles/PFQ_J.xpt,https://wwwn.cdc.gov/Nchs/Data/Nhanes/Public/2017/DataFiles/PFQ_J.htm,2355.2,February 2020,True
2017-2018,Questionnaire,Prescription Medications,RXQ_RX_J,https://wwwn.cdc.gov/Nchs/Data/Nhanes/Public/2017/DataFiles/RXQ_RX_J.xpt,https://wwwn.cdc.gov/Nchs/Data/Nhanes/Public/2017/DataFiles/RXQ_RX_J.htm,9420.8,March 2020,True
2017-2018,Questionnaire,Prescription Medications - Drug Information,RXQ_DRUG,https://wwwn.cdc.gov/Nchs/Data/Nhanes/Public/1988/DataFiles/RXQ_DRUG.xpt,https://wwwn.cdc.gov/Nchs/Data/Nhanes/Public/1988/DataFiles/RXQ_DRUG.htm,3276.8,Updated September 2021,True
2017-2018,Questionnaire,Preventive Aspirin Use,RXQASA_J,https://wwwn.cdc.gov/Nchs/Data/Nhanes/Public/2017/DataFiles/RXQASA_J.xpt,https://wwwn.cdc.gov/Nchs/Data/Nhanes/Public/2017/DataFiles/RXQASA_J.htm,244.5,April 2020,True
2017-2018,Questionnaire,Reproductive Health,RHQ_J,https://wwwn.cdc.gov/Nchs/Data/Nhanes/Public/2017/DataFiles/RHQ_J.xpt,https://wwwn.cdc.gov/Nchs/Data/Nhanes/Public/2017/DataFiles/RHQ_J.htm,1228.8,February 2020,True
2017-2018,Questionnaire,Sleep Disorders,SLQ_J,https://wwwn.cdc.gov/Nchs/Data/Nhanes/Public/2017/DataFiles/SLQ_J.xpt,https://wwwn.cdc.gov/Nchs/Data/Nhanes/Public/2017/DataFiles/SLQ_J.htm,459.5,February 2020,True
2017-2018,Questionnaire,Smoking - Cigarette Use,SMQ_J,https://wwwn.cdc.gov/Nchs/Data/Nhanes/Public/2017/DataFiles/SMQ_J.xpt,https://wwwn.cdc.gov/Nchs/Data/Nhanes/Public/2017/DataFiles/SMQ_J.htm,2252.8,February 2020,True
2017-2018,Questionnaire,Smoking - Household Smokers,SMQFAM_J,https://wwwn.cdc.gov/Nchs/Data/Nhanes/Public/2017/DataFiles/SMQFAM_J.xpt,https://wwwn.cdc.gov/Nchs/Data/Nhanes/Public/2017/DataFiles/SMQFAM_J.htm,290.5,February 2020,True
2017-2018,Questionnaire,Smoking - Recent Tobacco Use,SMQRTU_J,https://wwwn.cdc.gov/Nchs/Data/Nhanes/Public/2017/DataFiles/SMQRTU_J.xpt,https://wwwn.cdc.gov/Nchs/Data/Nhanes/Public/2017/DataFiles/SMQRTU_J.htm,1331.2,February 2020,True
2017-2018,Questionnaire,Smoking - Secondhand Smoke Exposure,SMQSHS_J,https://wwwn.cdc.gov/Nchs/Data/Nhanes/Public/2017/DataFiles/SMQSHS_J.xpt,https://wwwn.cdc.gov/Nchs/Data/Nhanes/Public/2017/DataFiles/SMQSHS_J.htm,1126.4,February 2020,True
2017-2018,Questionnaire,Volatile Toxicant,VTQ_J,https://wwwn.cdc.gov/Nchs/Data/Nhanes/Public/2017/DataFiles/VTQ_J.xpt,https://wwwn.cdc.gov/Nchs/Data/Nhanes/Public/2017/DataFiles/VTQ_J.htm,573.9,December 2020,True
2017-2018,Questionnaire,Weight History,WHQ_J,https://wwwn.cdc.gov/Nchs/Data/Nhanes/Public/2017/DataFiles/WHQ_J.xpt,https://wwwn.cdc.gov/Nchs/Data/Nhanes/Public/2017/DataFiles/WHQ_J.htm,1740.8,June 2020,True
2017-2018,Questionnaire,Weight History - Youth,WHQMEC_J,https://wwwn.cdc.gov/Nchs/Data/Nhanes/Public/2017/DataFiles/WHQMEC_J.xpt,https://wwwn.cdc.gov/Nchs/Data/Nhanes/Public/2017/DataFiles/WHQMEC_J.htm,42.0,June 2020,True
2017-2018,LimitedAccess,Alcohol Use - Youth,,,https://wwwn.cdc.gov/Nchs/Data/Nhanes/Public/2017/DataFiles/ALQY_J_R.htm,,December 2020,False
2017-2018,LimitedAccess,Chlamydia - Urine - Adult,,,https://wwwn.cdc.gov/Nchs/Data/Nhanes/Public/2017/DataFiles/CHLA_J_R.htm,,May 2020,False
2017-2018,LimitedAccess,Chlamydia - Urine - Youth,,,https://wwwn.cdc.gov/Nchs/Data/Nhanes/Public/2017/DataFiles/CHLM_J_R.htm,,May 2020,False
2017-2018,LimitedAccess,Drug Use - Youth,,,https://wwwn.cdc.gov/Nchs/Data/Nhanes/Public/2017/DataFiles/DUQY_J_R.htm,,February 2020,False
2017-2018,LimitedAccess,Food Security - Pregnant Women,,,https://wwwn.cdc.gov/Nchs/Data/Nhanes/Public/2017/DataFiles/FSQ_J_R.htm,,Updated February 2022,False
2017-2018,LimitedAccess,"Geocoded Data, NHANES 1999-2018, Census 2010",,,https://wwwn.cdc.gov/Nchs/Data/Nhanes/Public/1999/DataFiles/GEO_2010.htm,,Updated July 2021,False
2017-2018,LimitedAccess,"Geocoded Data, NHANES 1999-March 2020, Census 2020",,,https://wwwn.cdc.gov/Nchs/Data/Nhanes/Public/1999/DataFiles/GEO_2020.htm,,October 2023,False
2017-2018,LimitedAccess,Herpes Simplex Virus Type-1 and Type-2,,,https://wwwn.cdc.gov/Nchs/Data/Nhanes/Public/2017/DataFiles/HSVA_J_R.htm,,May 2020,False
2017-2018,LimitedAccess,Herpes Simplex Virus Type-2 - Youth,,,https://wwwn.cdc.gov/Nchs/Data/Nhanes/Public/2017/DataFiles/HSV_J_R.htm,,May 2020,False
2017-2018,LimitedAccess,Human Papillomavirus (HPV) DNA - Vaginal Swab: Roche Cobas High-Risk - Adults,,,https://wwwn.cdc.gov/Nchs/Data/Nhanes/Public/2017/DataFiles/HPWC_J_R.htm,,December 2020,False
2017-2018,LimitedAccess,Human Papillomavirus (HPV) DNA - Vaginal Swab: Roche Cobas High-Risk - Youth,,,https://wwwn.cdc.gov/Nchs/Data/Nhanes/Public/2017/DataFiles/HPVC_J_R.htm,,December 2020,False
2017-2018,LimitedAccess,Human Papillomavirus (HPV) DNA - Vaginal Swab: Roche Linear Array - Adults,,,https://wwwn.cdc.gov/Nchs/Data/Nhanes/Public/2017/DataFiles/HPVW_J_R.htm,,December 2020,False
2017-2018,LimitedAccess,Human Papillomavirus (HPV) DNA - Vaginal Swab: Roche Linear Array - Youth,,,https://wwwn.cdc.gov/Nchs/Data/Nhanes/Public/2017/DataFiles/HPVS_J_R.htm,,December 2020,False
2017-2018,LimitedAccess,Lead - Blood - Youth,,,https://wwwn.cdc.gov/Nchs/Data/Nhanes/Public/2017/DataFiles/PBY_J_R.htm,,June 2020,False
2017-2018,LimitedAccess,"Lead (Youth), Strontium, and Uranium",,,https://wwwn.cdc.gov/Nchs/Data/Nhanes/Public/2017/DataFiles/UM_J_R.htm,,August 2021,False
2017-2018,LimitedAccess,Mental Health - Depression Screener - Youth,,,https://wwwn.cdc.gov/Nchs/Data/Nhanes/Public/2017/DataFiles/DPQY_J_R.htm,,February 2020,False
2017-2018,LimitedAccess,Mycoplasma genitalium - Urine - Adult,,,https://wwwn.cdc.gov/Nchs/Data/Nhanes/Public/2017/DataFiles/MGEA_J_R.htm,,July 2020,False
2017-2018,LimitedAccess,Mycoplasma genitalium - Urine - Youth,,,https://wwwn.cdc.gov/Nchs/Data/Nhanes/Public/2017/DataFiles/MGEN_J_R.htm,,July 2020,False
2017-2018,LimitedAccess,Mycoplasma genitalium Resistance – Urine (Surplus),,,https://wwwn.cdc.gov/Nchs/Data/Nhanes/Public/2017/DataFiles/SSMR_J_R.htm,,August 2025,False
2017-2018,LimitedAccess,Mycoplasma genitalium Serology - Serum (Surplus),,,https://wwwn.cdc.gov/Nchs/Data/Nhanes/Public/2017/DataFiles/SSMG_J_R.htm,,August 2025,False
2017-2018,LimitedAccess,Reproductive Health - Women 12 Years and Older,,,https://wwwn.cdc.gov/Nchs/Data/Nhanes/Public/2017/DataFiles/RHQ_J_R.htm,,February 2020,False
2017-2018,LimitedAccess,Sexual Behavior - Adult,,,https://wwwn.cdc.gov/Nchs/Data/Nhanes/Public/2017/DataFiles/SXQ_J_R.htm,,July 2020,False
2017-2018,LimitedAccess,Sexual Behavior - Youth,,,https://wwwn.cdc.gov/Nchs/Data/Nhanes/Public/2017/DataFiles/SXQY_J_R.htm,,July 2020,False
2017-2018,LimitedAccess,Trichomonas - Urine - Adult,,,https://wwwn.cdc.gov/Nchs/Data/Nhanes/Public/2017/DataFiles/TRIA_J_R.htm,,May 2020,False
2017-2018,LimitedAccess,Trichomonas - Urine - Youth,,,https://wwwn.cdc.gov/Nchs/Data/Nhanes/Public/2017/DataFiles/TRIC_J_R.htm,,May 2020,False
2021-2022,Demographics,Demographic Variables and Sample Weights,DEMO_L,https://wwwn.cdc.gov/Nchs/Data/Nhanes/Public/2021/DataFiles/DEMO_L.xpt,https://wwwn.cdc.gov/Nchs/Data/Nhanes/Public/2021/DataFiles/DEMO_L.htm,2560.0,September 2024,True
2021-2022,Dietary,"Dietary Interview - Individual Foods, First Day",DR1IFF_L,https://wwwn.cdc.gov/Nchs/Data/Nhanes/Public/2021/DataFiles/DR1IFF_L.xpt,https://wwwn.cdc.gov/Nchs/Data/Nhanes/Public/2021/DataFiles/DR1IFF_L.htm,65740.8,October 2024,True
2021-2022,Dietary,"Dietary Interview - Individual Foods, Second Day",DR2IFF_L,https://wwwn.cdc.gov/Nchs/Data/Nhanes/Public/2021/DataFiles/DR2IFF_L.xpt,https://wwwn.cdc.gov/Nchs/Data/Nhanes/Public/2021/DataFiles/DR2IFF_L.htm,57753.6,October 2024,True
2021-2022,Dietary,"Dietary Interview - Total Nutrient Intakes, First Day",DR1TOT_L,https://wwwn.cdc.gov/Nchs/Data/Nhanes/Public/2021/DataFiles/DR1TOT_L.xpt,https://wwwn.cdc.gov/Nchs/Data/Nhanes/Public/2021/DataFiles/DR1TOT_L.htm,11673.6,October 2024,True
2021-2022,Dietary,"Dietary Interview - Total Nutrient Intakes, Second Day",DR2TOT_L,https://wwwn.cdc.gov/Nchs/Data/Nhanes/Public/2021/DataFiles/DR2TOT_L.xpt,https://wwwn.cdc.gov/Nchs/Data/Nhanes/Public/2021/DataFiles/DR2TOT_L.htm,5939.2,October 2024,True
2021-2022,Dietary,Dietary Interview Technical Support File - Food Codes,DRXFCD_L,https://wwwn.cdc.gov/Nchs/Data/Nhanes/Public/2021/DataFiles/DRXFCD_L.xpt,https://wwwn.cdc.gov/Nchs/Data/Nhanes/Public/2021/DataFiles/DRXFCD_L.htm,1433.6,October 2024,True
2021-2022,Dietary,Dietary Supplement Database - Blend Information,DSBI,https://wwwn.cdc.gov/Nchs/Data/Nhanes/Public/1999/DataFiles/DSBI.xpt,https://wwwn.cdc.gov/Nchs/Data/Nhanes/Public/1999/DataFiles/DSBI.htm,10240.0,February 2025,True
2021-2022,Dietary,Dietary Supplement Database - Ingredient Information,DSII,https://wwwn.cdc.gov/Nchs/Data/Nhanes/Public/1999/DataFiles/DSII.xpt,https://wwwn.cdc.gov/Nchs/Data/Nhanes/Public/1999/DataFiles/DSII.htm,84377.6,February 2025,True
2021-2022,Dietary,Dietary Supplement Database - Product Information,DSPI,https://wwwn.cdc.gov/Nchs/Data/Nhanes/Public/1999/DataFiles/DSPI.xpt,https://wwwn.cdc.gov/Nchs/Data/Nhanes/Public/1999/DataFiles/DSPI.htm,6656.0,February 2025,True
2021-2022,Dietary,Dietary Supplement Use 30-Day - Individual Dietary Supplements,DSQIDS_L,https://wwwn.cdc.gov/Nchs/Data/Nhanes/Public/2021/DataFiles/DSQIDS_L.xpt,https://wwwn.cdc.gov/Nchs/Data/Nhanes/Public/2021/DataFiles/DSQIDS_L.htm,6144.0,Updated April 2025,True
2021-2022,Dietary,Dietary Supplement Use 30-Day - Total Dietary Supplements,DSQTOT_L,https://wwwn.cdc.gov/Nchs/Data/Nhanes/Public/2021/DataFiles/DSQTOT_L.xpt,https://wwwn.cdc.gov/Nchs/Data/Nhanes/Public/2021/DataFiles/DSQTOT_L.htm,2764.8,Updated April 2025,True
2021-2022,Examination,Balance,BAX_L,https://wwwn.cdc.gov/Nchs/Data/Nhanes/Public/2021/DataFiles/BAX_L.xpt,https://wwwn.cdc.gov/Nchs/Data/Nhanes/Public/2021/DataFiles/BAX_L.htm,1638.4,October 2024,True
2021-2022,Examination,Blood Pressure - Oscillometric Measurements,BPXO_L,https://wwwn.cdc.gov/Nchs/Data/Nhanes/Public/2021/DataFiles/BPXO_L.xpt,https://wwwn.cdc.gov/Nchs/Data/Nhanes/Public/2021/DataFiles/BPXO_L.htm,680.4,September 2024,True
2021-2022,Examination,Body Measures,BMX_L,https://wwwn.cdc.gov/Nchs/Data/Nhanes/Public/2021/DataFiles/BMX_L.xpt,https://wwwn.cdc.gov/Nchs/Data/Nhanes/Public/2021/DataFiles/BMX_L.htm,1536.0,September 2024,True
2021-2022,Examination,Liver Ultrasound Transient Elastography,LUX_L,https://wwwn.cdc.gov/Nchs/Data/Nhanes/Public/2021/DataFiles/LUX_L.xpt,https://wwwn.cdc.gov/Nchs/Data/Nhanes/Public/2021/DataFiles/LUX_L.htm,747.7,September 2024,True
2021-2022,Laboratory,Albumin & Creatinine - Urine,ALB_CR_L,https://wwwn.cdc.gov/Nchs/Data/Nhanes/Public/2021/DataFiles/ALB_CR_L.xpt,https://wwwn.cdc.gov/Nchs/Data/Nhanes/Public/2021/DataFiles/ALB_CR_L.htm,532.7,September 2025,True
2021-2022,Laboratory,alpha-1-Acid Glycoprotein,AGP_L,https://wwwn.cdc.gov/Nchs/Data/Nhanes/Public/2021/DataFiles/AGP_L.xpt,https://wwwn.cdc.gov/Nchs/Data/Nhanes/Public/2021/DataFiles/AGP_L.htm,61.3,September 2024,True
2021-2022,Laboratory,Cholesterol – High-Density Lipoprotein,HDL_L,https://wwwn.cdc.gov/Nchs/Data/Nhanes/Public/2021/DataFiles/HDL_L.xpt,https://wwwn.cdc.gov/Nchs/Data/Nhanes/Public/2021/DataFiles/HDL_L.htm,253.4,September 2024,True
2021-2022,Laboratory,Cholesterol - Low-Density Lipoproteins (LDL) & Triglycerides,TRIGLY_L,https://wwwn.cdc.gov/Nchs/Data/Nhanes/Public/2021/DataFiles/TRIGLY_L.xpt,https://wwwn.cdc.gov/Nchs/Data/Nhanes/Public/2021/DataFiles/TRIGLY_L.htm,314.3,September 2025,True
2021-2022,Laboratory,Cholesterol - Total,TCHOL_L,https://wwwn.cdc.gov/Nchs/Data/Nhanes/Public/2021/DataFiles/TCHOL_L.xpt,https://wwwn.cdc.gov/Nchs/Data/Nhanes/Public/2021/DataFiles/TCHOL_L.htm,253.4,September 2024,True
2021-2022,Laboratory,Complete Blood Count with 5-Part Differential in Whole Blood,CBC_L,https://wwwn.cdc.gov/Nchs/Data/Nhanes/Public/2021/DataFiles/CBC_L.xpt,https://wwwn.cdc.gov/Nchs/Data/Nhanes/Public/2021/DataFiles/CBC_L.htm,1536.0,September 2024,True
2021-2022,Laboratory,Fasting Questionnaire,FASTQX_L,https://wwwn.cdc.gov/Nchs/Data/Nhanes/Public/2021/DataFiles/FASTQX_L.xpt,https://wwwn.cdc.gov/Nchs/Data/Nhanes/Public/2021/DataFiles/FASTQX_L.htm,1331.2,September 2024,True
2021-2022,Laboratory,Fatty Acids - Washed RBCs,FAR_L,https://wwwn.cdc.gov/Nchs/Data/Nhanes/Public/2021/DataFiles/FAR_L.xpt,https://wwwn.cdc.gov/Nchs/Data/Nhanes/Public/2021/DataFiles/FAR_L.htm,2764.8,December 2025,True
2021-2022,Laboratory,Ferritin,FERTIN_L,https://wwwn.cdc.gov/Nchs/Data/Nhanes/Public/2021/DataFiles/FERTIN_L.xpt,https://wwwn.cdc.gov/Nchs/Data/Nhanes/Public/2021/DataFiles/FERTIN_L.htm,81.4,September 2024,True
2021-2022,Laboratory,Folate - RBC,FOLATE_L,https://wwwn.cdc.gov/Nchs/Data/Nhanes/Public/2021/DataFiles/FOLATE_L.xpt,https://wwwn.cdc.gov/Nchs/Data/Nhanes/Public/2021/DataFiles/FOLATE_L.htm,274.0,September 2024,True
2021-2022,Laboratory,Folate Forms - Total & Individual – Washed RBCs,FFMR_L,https://wwwn.cdc.gov/Nchs/Data/Nhanes/Public/2021/DataFiles/FFMR_L.xpt,https://wwwn.cdc.gov/Nchs/Data/Nhanes/Public/2021/DataFiles/FFMR_L.htm,948.3,January 2026,True
2021-2022,Laboratory,Glycohemoglobin,GHB_L,https://wwwn.cdc.gov/Nchs/Data/Nhanes/Public/2021/DataFiles/GHB_L.xpt,https://wwwn.cdc.gov/Nchs/Data/Nhanes/Public/2021/DataFiles/GHB_L.htm,169.9,September 2024,True
2021-2022,Laboratory,Hepatitis A,HEPA_L,https://wwwn.cdc.gov/Nchs/Data/Nhanes/Public/2021/DataFiles/HEPA_L.xpt,https://wwwn.cdc.gov/Nchs/Data/Nhanes/Public/2021/DataFiles/HEPA_L.htm,203.0,September 2024,True
2021-2022,Laboratory,Hepatitis B Surface Antibody,HEPB_S_L,https://wwwn.cdc.gov/Nchs/Data/Nhanes/Public/2021/DataFiles/HEPB_S_L.xpt,https://wwwn.cdc.gov/Nchs/Data/Nhanes/Public/2021/DataFiles/HEPB_S_L.htm,203.0,September 2024,True
2021-2022,Laboratory,"Hepatitis B: Core antibody, Surface antigen, and Hepatitis D: antibody",HEPBD_L,https://wwwn.cdc.gov/Nchs/Data/Nhanes/Public/2021/DataFiles/HEPBD_L.xpt,https://wwwn.cdc.gov/Nchs/Data/Nhanes/Public/2021/DataFiles/HEPBD_L.htm,316.6,February 2026,True
2021-2022,Laboratory,"Hepatitis C: RNA (HCV-RNA), Confirmed Antibody (INNO-LIA), & Genotype",HEPC_L,https://wwwn.cdc.gov/Nchs/Data/Nhanes/Public/2021/DataFiles/HEPC_L.xpt,https://wwwn.cdc.gov/Nchs/Data/Nhanes/Public/2021/DataFiles/HEPC_L.htm,316.6,February 2026,True
2021-2022,Laboratory,Hepatitis E: IgG & IgM Antibodies,HEPE_L,https://wwwn.cdc.gov/Nchs/Data/Nhanes/Public/2021/DataFiles/HEPE_L.xpt,https://wwwn.cdc.gov/Nchs/Data/Nhanes/Public/2021/DataFiles/HEPE_L.htm,253.4,February 2026,True
2021-2022,Laboratory,High-Sensitivity C-Reactive Protein,HSCRP_L,https://wwwn.cdc.gov/Nchs/Data/Nhanes/Public/2021/DataFiles/HSCRP_L.xpt,https://wwwn.cdc.gov/Nchs/Data/Nhanes/Public/2021/DataFiles/HSCRP_L.htm,274.0,September 2024,True
2021-2022,Laboratory,Insulin,INS_L,https://wwwn.cdc.gov/Nchs/Data/Nhanes/Public/2021/DataFiles/INS_L.xpt,https://wwwn.cdc.gov/Nchs/Data/Nhanes/Public/2021/DataFiles/INS_L.htm,157.5,September 2024,True
2021-2022,Laboratory,"Lead, Cadmium, Total Mercury, Selenium, & Manganese – Blood",PBCD_L,https://wwwn.cdc.gov/Nchs/Data/Nhanes/Public/2021/DataFiles/PBCD_L.xpt,https://wwwn.cdc.gov/Nchs/Data/Nhanes/Public/2021/DataFiles/PBCD_L.htm,1126.4,September 2024,True
2021-2022,Laboratory,"Mercury: Inorganic, Ethyl, and Methyl - Blood",IHGEM_L,https://wwwn.cdc.gov/Nchs/Data/Nhanes/Public/2021/DataFiles/IHGEM_L.xpt,https://wwwn.cdc.gov/Nchs/Data/Nhanes/Public/2021/DataFiles/IHGEM_L.htm,752.3,September 2024,True
2021-2022,Laboratory,Plasma Fasting Glucose,GLU_L,https://wwwn.cdc.gov/Nchs/Data/Nhanes/Public/2021/DataFiles/GLU_L.xpt,https://wwwn.cdc.gov/Nchs/Data/Nhanes/Public/2021/DataFiles/GLU_L.htm,126.2,September 2024,True
2021-2022,Laboratory,Serum Folate Forms - Total & Individual - Serum,FOLFMS_L,https://wwwn.cdc.gov/Nchs/Data/Nhanes/Public/2021/DataFiles/FOLFMS_L.xpt,https://wwwn.cdc.gov/Nchs/Data/Nhanes/Public/2021/DataFiles/FOLFMS_L.htm,1126.4,September 2024,True
2021-2022,Laboratory,Sex Steroid Hormone Panel - Serum,TST_L,https://wwwn.cdc.gov/Nchs/Data/Nhanes/Public/2021/DataFiles/TST_L.xpt,https://wwwn.cdc.gov/Nchs/Data/Nhanes/Public/2021/DataFiles/TST_L.htm,2355.2,October 2024,True
2021-2022,Laboratory,Standard Biochemistry Profile,BIOPRO_L,https://wwwn.cdc.gov/Nchs/Data/Nhanes/Public/2021/DataFiles/BIOPRO_L.xpt,https://wwwn.cdc.gov/Nchs/Data/Nhanes/Public/2021/DataFiles/BIOPRO_L.htm,2355.2,September 2025,True
2021-2022,Laboratory,Transferrin Receptor,TFR_L,https://wwwn.cdc.gov/Nchs/Data/Nhanes/Public/2021/DataFiles/TFR_L.xpt,https://wwwn.cdc.gov/Nchs/Data/Nhanes/Public/2021/DataFiles/TFR_L.htm,81.4,September 2024,True
2021-2022,Laboratory,Urine Pregnancy Test,UCPREG_L,https://wwwn.cdc.gov/Nchs/Data/Nhanes/Public/2021/DataFiles/UCPREG_L.xpt,https://wwwn.cdc.gov/Nchs/Data/Nhanes/Public/2021/DataFiles/UCPREG_L.htm,18.8,September 2024,True
2021-2022,Laboratory,Vitamin D,VID_L,https://wwwn.cdc.gov/Nchs/Data/Nhanes/Public/2021/DataFiles/VID_L.xpt,https://wwwn.cdc.gov/Nchs/Data/Nhanes/Public/2021/DataFiles/VID_L.htm,683.9,September 2024,True
2021-2022,Laboratory,Volatile Organic Compounds and Trihalomethanes/MTBE - Blood,VOCWB_L,https://wwwn.cdc.gov/Nchs/Data/Nhanes/Public/2021/DataFiles/VOCWB_L.xpt,https://wwwn.cdc.gov/Nchs/Data/Nhanes/Public/2021/DataFiles/VOCWB_L.htm,2252.8,September 2025,True
2021-2022,Questionnaire,Audiometry,AUQ_L,https://wwwn.cdc.gov/Nchs/Data/Nhanes/Public/2021/DataFiles/AUQ_L.xpt,https://wwwn.cdc.gov/Nchs/Data/Nhanes/Public/2021/DataFiles/AUQ_L.htm,1331.2,September 2024,True
2021-2022,Questionnaire,Acculturation,ACQ_L,https://wwwn.cdc.gov/Nchs/Data/Nhanes/Public/2021/DataFiles/ACQ_L.xpt,https://wwwn.cdc.gov/Nchs/Data/Nhanes/Public/2021/DataFiles/ACQ_L.htm,445.6,September 2024,True
2021-2022,Questionnaire,Alcohol Use,ALQ_L,https://wwwn.cdc.gov/Nchs/Data/Nhanes/Public/2021/DataFiles/ALQ_L.xpt,https://wwwn.cdc.gov/Nchs/Data/Nhanes/Public/2021/DataFiles/ALQ_L.htm,447.6,September 2024,True
2021-2022,Questionnaire,Balance,BAQ_L,https://wwwn.cdc.gov/Nchs/Data/Nhanes/Public/2021/DataFiles/BAQ_L.xpt,https://wwwn.cdc.gov/Nchs/Data/Nhanes/Public/2021/DataFiles/BAQ_L.htm,714.1,October 2024,True
2021-2022,Questionnaire,Blood Pressure & Cholesterol,BPQ_L,https://wwwn.cdc.gov/Nchs/Data/Nhanes/Public/2021/DataFiles/BPQ_L.xpt,https://wwwn.cdc.gov/Nchs/Data/Nhanes/Public/2021/DataFiles/BPQ_L.htm,400.1,September 2024,True
2021-2022,Questionnaire,Current Health Status,HSQ_L,https://wwwn.cdc.gov/Nchs/Data/Nhanes/Public/2021/DataFiles/HSQ_L.xpt,https://wwwn.cdc.gov/Nchs/Data/Nhanes/Public/2021/DataFiles/HSQ_L.htm,104.4,September 2024,True
2021-2022,Questionnaire,Dermatology,DEQ_L,https://wwwn.cdc.gov/Nchs/Data/Nhanes/Public/2021/DataFiles/DEQ_L.xpt,https://wwwn.cdc.gov/Nchs/Data/Nhanes/Public/2021/DataFiles/DEQ_L.htm,135.8,September 2024,True
2021-2022,Questionnaire,Diabetes,DIQ_L,https://wwwn.cdc.gov/Nchs/Data/Nhanes/Public/2021/DataFiles/DIQ_L.xpt,https://wwwn.cdc.gov/Nchs/Data/Nhanes/Public/2021/DataFiles/DIQ_L.htm,827.7,September 2024,True
2021-2022,Questionnaire,Diet Behavior & Nutrition,DBQ_L,https://wwwn.cdc.gov/Nchs/Data/Nhanes/Public/2021/DataFiles/DBQ_L.xpt,https://wwwn.cdc.gov/Nchs/Data/Nhanes/Public/2021/DataFiles/DBQ_L.htm,2560.0,September 2024,True
2021-2022,Questionnaire,Early Childhood,ECQ_L,https://wwwn.cdc.gov/Nchs/Data/Nhanes/Public/2021/DataFiles/ECQ_L.xpt,https://wwwn.cdc.gov/Nchs/Data/Nhanes/Public/2021/DataFiles/ECQ_L.htm,189.5,September 2024,True
2021-2022,Questionnaire,Food Security,FSQ_L,https://wwwn.cdc.gov/Nchs/Data/Nhanes/Public/2021/DataFiles/FSQ_L.xpt,https://wwwn.cdc.gov/Nchs/Data/Nhanes/Public/2021/DataFiles/FSQ_L.htm,2969.6,December 2025,True
2021-2022,Questionnaire,Functioning,FNQ_L,https://wwwn.cdc.gov/Nchs/Data/Nhanes/Public/2021/DataFiles/FNQ_L.xpt,https://wwwn.cdc.gov/Nchs/Data/Nhanes/Public/2021/DataFiles/FNQ_L.htm,2764.8,September 2024,True
2021-2022,Questionnaire,Health Insurance,HIQ_L,https://wwwn.cdc.gov/Nchs/Data/Nhanes/Public/2021/DataFiles/HIQ_L.xpt,https://wwwn.cdc.gov/Nchs/Data/Nhanes/Public/2021/DataFiles/HIQ_L.htm,445.2,September 2024,True
2021-2022,Questionnaire,Hepatitis,HEQ_L,https://wwwn.cdc.gov/Nchs/Data/Nhanes/Public/2021/DataFiles/HEQ_L.xpt,https://wwwn.cdc.gov/Nchs/Data/Nhanes/Public/2021/DataFiles/HEQ_L.htm,168.2,September 2024,True
2021-2022,Questionnaire,Hospital Utilization & Access to Care,HUQ_L,https://wwwn.cdc.gov/Nchs/Data/Nhanes/Public/2021/DataFiles/HUQ_L.xpt,https://wwwn.cdc.gov/Nchs/Data/Nhanes/Public/2021/DataFiles/HUQ_L.htm,269.6,September 2024,True
2021-2022,Questionnaire,Housing Characteristics,HOQ_L,https://wwwn.cdc.gov/Nchs/Data/Nhanes/Public/2021/DataFiles/HOQ_L.xpt,https://wwwn.cdc.gov/Nchs/Data/Nhanes/Public/2021/DataFiles/HOQ_L.htm,129.2,September 2024,True
2021-2022,Questionnaire,Immunization,IMQ_L,https://wwwn.cdc.gov/Nchs/Data/Nhanes/Public/2021/DataFiles/IMQ_L.xpt,https://wwwn.cdc.gov/Nchs/Data/Nhanes/Public/2021/DataFiles/IMQ_L.htm,543.7,September 2024,True
2021-2022,Questionnaire,Income,INQ_L,https://wwwn.cdc.gov/Nchs/Data/Nhanes/Public/2021/DataFiles/INQ_L.xpt,https://wwwn.cdc.gov/Nchs/Data/Nhanes/Public/2021/DataFiles/INQ_L.htm,467.6,September 2024,True
2021-2022,Questionnaire,Kidney Conditions - Urology,KIQ_U_L,https://wwwn.cdc.gov/Nchs/Data/Nhanes/Public/2021/DataFiles/KIQ_U_L.xpt,https://wwwn.cdc.gov/Nchs/Data/Nhanes/Public/2021/DataFiles/KIQ_U_L.htm,551.1,September 2024,True
2021-2022,Questionnaire,Medical Conditions,MCQ_L,https://wwwn.cdc.gov/Nchs/Data/Nhanes/Public/2021/DataFiles/MCQ_L.xpt,https://wwwn.cdc.gov/Nchs/Data/Nhanes/Public/2021/DataFiles/MCQ_L.htm,3174.4,September 2024,True
2021-2022,Questionnaire,Mental Health - Depression Screener,DPQ_L,https://wwwn.cdc.gov/Nchs/Data/Nhanes/Public/2021/DataFiles/DPQ_L.xpt,https://wwwn.cdc.gov/Nchs/Data/Nhanes/Public/2021/DataFiles/DPQ_L.htm,546.9,September 2024,True
2021-2022,Questionnaire,Occupation,OCQ_L,https://wwwn.cdc.gov/Nchs/Data/Nhanes/Public/2021/DataFiles/OCQ_L.xpt,https://wwwn.cdc.gov/Nchs/Data/Nhanes/Public/2021/DataFiles/OCQ_L.htm,400.1,September 2024,True
2021-2022,Questionnaire,Oral Health,OHQ_L,https://wwwn.cdc.gov/Nchs/Data/Nhanes/Public/2021/DataFiles/OHQ_L.xpt,https://wwwn.cdc.gov/Nchs/Data/Nhanes/Public/2021/DataFiles/OHQ_L.htm,334.5,September 2024,True
2021-2022,Questionnaire,Pesticide Use,PUQMEC_L,https://wwwn.cdc.gov/Nchs/Data/Nhanes/Public/2021/DataFiles/PUQMEC_L.xpt,https://wwwn.cdc.gov/Nchs/Data/Nhanes/Public/2021/DataFiles/PUQMEC_L.htm,190.3,September 2024,True
2021-2022,Questionnaire,Physical Activity,PAQ_L,https://wwwn.cdc.gov/Nchs/Data/Nhanes/Public/2021/DataFiles/PAQ_L.xpt,https://wwwn.cdc.gov/Nchs/Data/Nhanes/Public/2021/DataFiles/PAQ_L.htm,399.9,September 2024,True
2021-2022,Questionnaire,Physical Activity - Youth,PAQY_L,https://wwwn.cdc.gov/Nchs/Data/Nhanes/Public/2021/DataFiles/PAQY_L.xpt,https://wwwn.cdc.gov/Nchs/Data/Nhanes/Public/2021/DataFiles/PAQY_L.htm,43.8,September 2024,True
2021-2022,Questionnaire,Prescription Medications,RXQ_RX_L,https://wwwn.cdc.gov/Nchs/Data/Nhanes/Public/2021/DataFiles/RXQ_RX_L.xpt,https://wwwn.cdc.gov/Nchs/Data/Nhanes/Public/2021/DataFiles/RXQ_RX_L.htm,280.9,September 2024,True
2021-2022,Questionnaire,Preventive Aspirin Use,RXQASA_L,https://wwwn.cdc.gov/Nchs/Data/Nhanes/Public/2021/DataFiles/RXQASA_L.xpt,https://wwwn.cdc.gov/Nchs/Data/Nhanes/Public/2021/DataFiles/RXQASA_L.htm,180.2,September 2024,True
2021-2022,Questionnaire,Reproductive Health,RHQ_L,https://wwwn.cdc.gov/Nchs/Data/Nhanes/Public/2021/DataFiles/RHQ_L.xpt,https://wwwn.cdc.gov/Nchs/Data/Nhanes/Public/2021/DataFiles/RHQ_L.htm,400.4,September 2024,True
2021-2022,Questionnaire,Sleep Disorders,SLQ_L,https://wwwn.cdc.gov/Nchs/Data/Nhanes/Public/2021/DataFiles/SLQ_L.xpt,https://wwwn.cdc.gov/Nchs/Data/Nhanes/Public/2021/DataFiles/SLQ_L.htm,367.0,September 2024,True
2021-2022,Questionnaire,Smoking - Cigarette Use,SMQ_L,https://wwwn.cdc.gov/Nchs/Data/Nhanes/Public/2021/DataFiles/SMQ_L.xpt,https://wwwn.cdc.gov/Nchs/Data/Nhanes/Public/2021/DataFiles/SMQ_L.htm,635.9,September 2024,True
2021-2022,Questionnaire,Smoking - Household Smokers,SMQFAM_L,https://wwwn.cdc.gov/Nchs/Data/Nhanes/Public/2021/DataFiles/SMQFAM_L.xpt,https://wwwn.cdc.gov/Nchs/Data/Nhanes/Public/2021/DataFiles/SMQFAM_L.htm,280.9,September 2024,True
2021-2022,Questionnaire,Smoking - Recent Tobacco Use,SMQRTU_L,https://wwwn.cdc.gov/Nchs/Data/Nhanes/Public/2021/DataFiles/SMQRTU_L.xpt,https://wwwn.cdc.gov/Nchs/Data/Nhanes/Public/2021/DataFiles/SMQRTU_L.htm,1228.8,September 2024,True
2021-2022,Questionnaire,Volatile Toxicant,VTQ_L,https://wwwn.cdc.gov/Nchs/Data/Nhanes/Public/2021/DataFiles/VTQ_L.xpt,https://wwwn.cdc.gov/Nchs/Data/Nhanes/Public/2021/DataFiles/VTQ_L.htm,370.0,December 2025,True
2021-2022,Questionnaire,Weight History,WHQ_L,https://wwwn.cdc.gov/Nchs/Data/Nhanes/Public/2021/DataFiles/WHQ_L.xpt,https://wwwn.cdc.gov/Nchs/Data/Nhanes/Public/2021/DataFiles/WHQ_L.htm,333.5,September 2024,True
2021-2022,LimitedAccess,Alcohol Use - Youth,,,https://wwwn.cdc.gov/Nchs/Data/Nhanes/Public/2021/DataFiles/ALQY_L_R.htm,,September 2024,False
2021-2022,LimitedAccess,Chlamydia - Urine - Adult,,,https://wwwn.cdc.gov/Nchs/Data/Nhanes/Public/2021/DataFiles/CHLA_L_R.htm,,May 2026,False
2021-2022,LimitedAccess,Chlamydia - Urine - Youth,,,https://wwwn.cdc.gov/Nchs/Data/Nhanes/Public/2021/DataFiles/CHLM_L_R.htm,,May 2026,False
2021-2022,LimitedAccess,Drug Use,,,https://wwwn.cdc.gov/Nchs/Data/Nhanes/Public/2021/DataFiles/DUQ_L_R.htm,,September 2024,False
2021-2022,LimitedAccess,Herpes Simplex Virus Type-1 and Type-2,,,https://wwwn.cdc.gov/Nchs/Data/Nhanes/Public/2021/DataFiles/HSVA_L_R.htm,,May 2026,False
2021-2022,LimitedAccess,Herpes Simplex Virus Type-1 and Type-2 - Youth,,,https://wwwn.cdc.gov/Nchs/Data/Nhanes/Public/2021/DataFiles/HSV_L_R.htm,,May 2026,False
2021-2022,LimitedAccess,Mental Health - Depression Screener - Youth,,,https://wwwn.cdc.gov/Nchs/Data/Nhanes/Public/2021/DataFiles/DPQY_L_R.htm,,September 2024,False
2021-2022,LimitedAccess,Mycoplasma genitalium - Urine - Adult,,,https://wwwn.cdc.gov/Nchs/Data/Nhanes/Public/2021/DataFiles/MGEA_L_R.htm,,May 2026,False
2021-2022,LimitedAccess,Mycoplasma genitalium - Urine - Youth,,,https://wwwn.cdc.gov/Nchs/Data/Nhanes/Public/2021/DataFiles/MGEN_L_R.htm,,May 2026,False
2021-2022,LimitedAccess,Reproductive Health - Women 12 Years and Older,,,https://wwwn.cdc.gov/Nchs/Data/Nhanes/Public/2021/DataFiles/RHQ_L_R.htm,,September 2024,False
2021-2022,LimitedAccess,Sexual Behavior - Adult,,,https://wwwn.cdc.gov/Nchs/Data/Nhanes/Public/2021/DataFiles/SXQ_L_R.htm,,September 2024,False
2021-2022,LimitedAccess,Sexual Behavior - Youth,,,https://wwwn.cdc.gov/Nchs/Data/Nhanes/Public/2021/DataFiles/SXQY_L_R.htm,,September 2024,False
