cycle,component,module,file_label,rule_id,rule,disposition,decided_by,data_url
1999-2000,Demographics,DEMO,Demographic Variables & Sample Weights,KEEP,whitelist: demographics,keep,judgement,https://wwwn.cdc.gov/Nchs/Data/Nhanes/Public/1999/DataFiles/DEMO.xpt
1999-2000,Dietary,DRXIFF,Dietary Interview - Individual Foods,R1,UNIT: not person-level,drop,mechanical,https://wwwn.cdc.gov/Nchs/Data/Nhanes/Public/1999/DataFiles/DRXIFF.xpt
1999-2000,Dietary,DRXTOT,Dietary Interview - Total Nutrient Intakes,R4,DIET-FRAME: WTDRD1 frame + mediator in DAG,drop,mechanical,https://wwwn.cdc.gov/Nchs/Data/Nhanes/Public/1999/DataFiles/DRXTOT.xpt
1999-2000,Dietary,DRXFMT,Dietary Interview Technical Support File - Food Code Format File,R1,UNIT: not person-level,drop,mechanical,https://wwwn.cdc.gov/Nchs/Data/Nhanes/Public/1999/DataFiles/DRXFMT.xpt
1999-2000,Dietary,DSBI,Dietary Supplement Database - Blend Information,R1,UNIT: not person-level,drop,mechanical,https://wwwn.cdc.gov/Nchs/Data/Nhanes/Public/1999/DataFiles/DSBI.xpt
1999-2000,Dietary,DSII,Dietary Supplement Database - Ingredient Information,R1,UNIT: not person-level,drop,mechanical,https://wwwn.cdc.gov/Nchs/Data/Nhanes/Public/1999/DataFiles/DSII.xpt
1999-2000,Dietary,DSPI,Dietary Supplement Database - Product Information,R1,UNIT: not person-level,drop,mechanical,https://wwwn.cdc.gov/Nchs/Data/Nhanes/Public/1999/DataFiles/DSPI.xpt
1999-2000,Dietary,DSQFILE1,"Dietary Supplement Use 30-Day - File 1, Supplement Counts",R4,DIET-FRAME: WTDRD1 frame + mediator in DAG,drop,mechanical,https://wwwn.cdc.gov/Nchs/Data/Nhanes/Public/1999/DataFiles/DSQFILE1.xpt
1999-2000,Dietary,DSQFILE2,"Dietary Supplement Use 30-Day - File 2, Participant's Use of Supplements",R4,DIET-FRAME: WTDRD1 frame + mediator in DAG,drop,mechanical,https://wwwn.cdc.gov/Nchs/Data/Nhanes/Public/1999/DataFiles/DSQFILE2.xpt
1999-2000,Examination,AUX1,Audiometry,R5,"OFF-DAG: no path to outcome, not a confounder",drop,judgement,https://wwwn.cdc.gov/Nchs/Data/Nhanes/Public/1999/DataFiles/AUX1.xpt
1999-2000,Examination,AUXAR,Audiometry - Acoustic Reflex,R5,"OFF-DAG: no path to outcome, not a confounder",drop,judgement,https://wwwn.cdc.gov/Nchs/Data/Nhanes/Public/1999/DataFiles/AUXAR.xpt
1999-2000,Examination,AUXTYM,Audiometry - Tympanometry,R5,"OFF-DAG: no path to outcome, not a confounder",drop,judgement,https://wwwn.cdc.gov/Nchs/Data/Nhanes/Public/1999/DataFiles/AUXTYM.xpt
1999-2000,Examination,BAX,Balance,R5,"OFF-DAG: no path to outcome, not a confounder",drop,judgement,https://wwwn.cdc.gov/Nchs/Data/Nhanes/Public/1999/DataFiles/BAX.xpt
1999-2000,Examination,BIX,Bioelectrical Impedance Analysis,R5,"OFF-DAG: no path to outcome, not a confounder",drop,judgement,https://wwwn.cdc.gov/Nchs/Data/Nhanes/Public/1999/DataFiles/BIX.xpt
1999-2000,Examination,BPX,Blood Pressure,KEEP,whitelist: blood_pressure_exam,keep,judgement,https://wwwn.cdc.gov/Nchs/Data/Nhanes/Public/1999/DataFiles/BPX.xpt
1999-2000,Examination,BMX,Body Measures,KEEP,whitelist: body_measures,keep,judgement,https://wwwn.cdc.gov/Nchs/Data/Nhanes/Public/1999/DataFiles/BMX.xpt
1999-2000,Examination,CVX,Cardiovascular Fitness,R5,"OFF-DAG (considered): cardiovascular FITNESS (treadmill test), not CVD history — different construct",drop,judgement,https://wwwn.cdc.gov/Nchs/Data/Nhanes/Public/1999/DataFiles/CVX.xpt
1999-2000,Examination,DXA,Dual-Energy X-ray Absorptiometry - Whole Body,R5,"OFF-DAG: no path to outcome, not a confounder",drop,judgement,https://wwwn.cdc.gov/Nchs/Nhanes/Dxa/Dxa.aspx
1999-2000,Examination,LEXABPI,Lower Extremity Disease - Ankle Brachial Blood Pressure Index,R5,"OFF-DAG: no path to outcome, not a confounder",drop,judgement,https://wwwn.cdc.gov/Nchs/Data/Nhanes/Public/1999/DataFiles/LEXABPI.xpt
1999-2000,Examination,LEXPN,Lower Extremity Disease - Peripheral Neuropathy,R5,"OFF-DAG: no path to outcome, not a confounder",drop,judgement,https://wwwn.cdc.gov/Nchs/Data/Nhanes/Public/1999/DataFiles/LEXPN.xpt
1999-2000,Examination,MSX,Muscle Strength,R5,"OFF-DAG: no path to outcome, not a confounder",drop,judgement,https://wwwn.cdc.gov/Nchs/Data/Nhanes/Public/1999/DataFiles/MSX.xpt
1999-2000,Examination,OHXDENT,Oral Health - Dentition,R5,"OFF-DAG: no path to outcome, not a confounder",drop,judgement,https://wwwn.cdc.gov/Nchs/Data/Nhanes/Public/1999/DataFiles/OHXDENT.xpt
1999-2000,Examination,OHXPERIO,Oral Health - Periodontal,R5,"OFF-DAG: no path to outcome, not a confounder",drop,judgement,https://wwwn.cdc.gov/Nchs/Data/Nhanes/Public/1999/DataFiles/OHXPERIO.xpt
1999-2000,Examination,OHXREF,Oral Health - Recommendation of Care,R5,"OFF-DAG: no path to outcome, not a confounder",drop,judgement,https://wwwn.cdc.gov/Nchs/Data/Nhanes/Public/1999/DataFiles/OHXREF.xpt
1999-2000,Examination,SEQ,Shared Exclusion Questions,R5,"OFF-DAG: no path to outcome, not a confounder",drop,judgement,https://wwwn.cdc.gov/Nchs/Data/Nhanes/Public/1999/DataFiles/SEQ.xpt
1999-2000,Examination,TB,Tuberculosis,R5,"OFF-DAG: no path to outcome, not a confounder",drop,judgement,https://wwwn.cdc.gov/Nchs/Data/Nhanes/Public/1999/DataFiles/TB.xpt
1999-2000,Examination,VIX,Vision,R5,"OFF-DAG: no path to outcome, not a confounder",drop,judgement,https://wwwn.cdc.gov/Nchs/Data/Nhanes/Public/1999/DataFiles/VIX.xpt
1999-2000,Laboratory,SSAFB_A,Aflatoxin B1-lysine - Serum (Surplus),R3,"SURPLUS: subsample assay, no companion weight",drop,mechanical,https://wwwn.cdc.gov/Nchs/Data/Nhanes/Public/1999/DataFiles/SSAFB_A.xpt
1999-2000,Laboratory,LAB16,Albumin & Creatinine - Urine,KEEP,whitelist: urine_albumin_creat,keep,judgement,https://wwwn.cdc.gov/Nchs/Data/Nhanes/Public/1999/DataFiles/LAB16.xpt
1999-2000,Laboratory,SSAMH_A,Anti-Mullerian Hormone (AMH) & Inhibin-B (Surplus),R3,"SURPLUS: subsample assay, no companion weight",drop,mechanical,https://wwwn.cdc.gov/Nchs/Data/Nhanes/Public/1999/DataFiles/SSAMH_A.xpt
1999-2000,Laboratory,SSDFS_A,Autoantibodies - Anti-DFS70 Autoantibody Analyses (Surplus),R3,"SURPLUS: subsample assay, no companion weight",drop,mechanical,https://wwwn.cdc.gov/Nchs/Data/Nhanes/Public/1999/DataFiles/SSDFS_A.xpt
1999-2000,Laboratory,SSANA_A,Autoantibodies - Immunofluorescence & Immunoprecipitation Analyses (Surplus),R3,"SURPLUS: subsample assay, no companion weight",drop,mechanical,https://wwwn.cdc.gov/Nchs/Data/Nhanes/Public/1999/DataFiles/SSANA_A.xpt
1999-2000,Laboratory,SSANA2_A,Autoantibodies - Immunofluorescence Analyses (Surplus),R3,"SURPLUS: subsample assay, no companion weight",drop,mechanical,https://wwwn.cdc.gov/Nchs/Data/Nhanes/Public/1999/DataFiles/SSANA2_A.xpt
1999-2000,Laboratory,LAB06,"Cadmium, Lead, Mercury, Cotinine & Nutritional Biochemistries",R5,"OFF-DAG: no path to outcome, not a confounder",drop,judgement,https://wwwn.cdc.gov/Nchs/Data/Nhanes/Public/1999/DataFiles/LAB06.xpt
1999-2000,Laboratory,SSCAFE_A,Caffeine & Caffeine Metabolites - Urine (Surplus),R3,"SURPLUS: subsample assay, no companion weight",drop,mechanical,https://wwwn.cdc.gov/Nchs/Data/Nhanes/Public/1999/DataFiles/SSCAFE_A.xpt
1999-2000,Laboratory,LAB05,Chlamydia & Gonorrhea - Urine,R5,"OFF-DAG: no path to outcome, not a confounder",drop,judgement,https://wwwn.cdc.gov/Nchs/Data/Nhanes/Public/1999/DataFiles/LAB05.xpt
1999-2000,Laboratory,LAB13AM,Cholesterol - LDL & Triglycerides,KEEP,whitelist: cholesterol_ldl_trig,keep,judgement,https://wwwn.cdc.gov/Nchs/Data/Nhanes/Public/1999/DataFiles/LAB13AM.xpt
1999-2000,Laboratory,LAB13,Cholesterol - Total & HDL,KEEP,whitelist: cholesterol_total_hdl,keep,judgement,https://wwwn.cdc.gov/Nchs/Data/Nhanes/Public/1999/DataFiles/LAB13.xpt
1999-2000,Laboratory,LAB25,Complete Blood Count with 5-part Differential - Whole Blood,R5,"OFF-DAG: no path to outcome, not a confounder",drop,judgement,https://wwwn.cdc.gov/Nchs/Data/Nhanes/Public/1999/DataFiles/LAB25.xpt
1999-2000,Laboratory,LAB11,C-Reactive Protein (CRP),R5,"OFF-DAG: no path to outcome, not a confounder",drop,judgement,https://wwwn.cdc.gov/Nchs/Data/Nhanes/Public/1999/DataFiles/LAB11.xpt
1999-2000,Laboratory,LAB17,Cryptosporidum & Toxoplasma,R5,"OFF-DAG: no path to outcome, not a confounder",drop,judgement,https://wwwn.cdc.gov/Nchs/Data/Nhanes/Public/1999/DataFiles/LAB17.xpt
1999-2000,Laboratory,SSCYST_A,Cystatin C - Serum (Surplus),R3,"SURPLUS: subsample assay, no companion weight",drop,mechanical,https://wwwn.cdc.gov/Nchs/Data/Nhanes/Public/1999/DataFiles/SSCYST_A.xpt
1999-2000,Laboratory,SSCMV_A,Cytomegalovirus Antibodies - Serum (Surplus),R3,"SURPLUS: subsample assay, no companion weight",drop,mechanical,https://wwwn.cdc.gov/Nchs/Data/Nhanes/Public/1999/DataFiles/SSCMV_A.xpt
1999-2000,Laboratory,SSCMVG_A,Cytomegalovirus Genotypes - Urine (Surplus),R3,"SURPLUS: subsample assay, no companion weight",drop,mechanical,https://wwwn.cdc.gov/Nchs/Data/Nhanes/Public/1999/DataFiles/SSCMVG_A.xpt
1999-2000,Laboratory,SSUCSH_A,Cytomegalovirus shedding - Urine (Surplus),R3,"SURPLUS: subsample assay, no companion weight",drop,mechanical,https://wwwn.cdc.gov/Nchs/Data/Nhanes/Public/1999/DataFiles/SSUCSH_A.xpt
1999-2000,Laboratory,LAB28POC,"Dioxins, Furans, & Coplanar PCBs",R5,"OFF-DAG: no path to outcome, not a confounder",drop,judgement,https://wwwn.cdc.gov/Nchs/Data/Nhanes/Public/1999/DataFiles/LAB28POC.xpt
1999-2000,Laboratory,DEFAULT,DNAm Epigenetic Biomarker,R5,"OFF-DAG: no path to outcome, not a confounder",drop,judgement,https://wwwn.cdc.gov/Nchs/Nhanes/DNAm/Default.aspx
1999-2000,Laboratory,PH,Fasting Questionnaire,R5,"OFF-DAG: no path to outcome, not a confounder",drop,judgement,https://wwwn.cdc.gov/Nchs/Data/Nhanes/Public/1999/DataFiles/PH.xpt
1999-2000,Laboratory,SSFOL_A,Folic Acid - Unmetabolized (Surplus),R3,"SURPLUS: subsample assay, no companion weight",drop,mechanical,https://wwwn.cdc.gov/Nchs/Data/Nhanes/Public/1999/DataFiles/SSFOL_A.xpt
1999-2000,Laboratory,SSCARD_A,"Glycated albumin, Beta-2 Microglobulin, Cystatin C (Surplus)",R3,"SURPLUS: subsample assay, no companion weight",drop,mechanical,https://wwwn.cdc.gov/Nchs/Data/Nhanes/Public/1999/DataFiles/SSCARD_A.xpt
1999-2000,Laboratory,LAB10,Glycohemoglobin,KEEP,whitelist: glycohemoglobin,keep,judgement,https://wwwn.cdc.gov/Nchs/Data/Nhanes/Public/1999/DataFiles/LAB10.xpt
1999-2000,Laboratory,L02HPA_A,Hepatitis A Antibody,R5,"OFF-DAG: no path to outcome, not a confounder",drop,judgement,https://wwwn.cdc.gov/Nchs/Data/Nhanes/Public/1999/DataFiles/L02HPA_A.xpt
1999-2000,Laboratory,L02HBS,Hepatitis B Surface Antibody,R5,"OFF-DAG: no path to outcome, not a confounder",drop,judgement,https://wwwn.cdc.gov/Nchs/Data/Nhanes/Public/1999/DataFiles/L02HBS.xpt
1999-2000,Laboratory,LAB02,Hepatitis B: Core Antibody & Surface Antigen; Hepatitis C: Confirmed Antibody & RNA (HCV-RNA); Hepatitis D Antibody,R5,"OFF-DAG: no path to outcome, not a confounder",drop,judgement,https://wwwn.cdc.gov/Nchs/Data/Nhanes/Public/1999/DataFiles/LAB02.xpt
1999-2000,Laboratory,LAB09,Herpes Simplex Virus Type-1 & Type-2,R5,"OFF-DAG: no path to outcome, not a confounder",drop,judgement,https://wwwn.cdc.gov/Nchs/Data/Nhanes/Public/1999/DataFiles/LAB09.xpt
1999-2000,Laboratory,SSHSV1_A,Herpes Simplex Virus Type-1 (Surplus),R3,"SURPLUS: subsample assay, no companion weight",drop,mechanical,https://wwwn.cdc.gov/Nchs/Data/Nhanes/Public/1999/DataFiles/SSHSV1_A.xpt
1999-2000,Laboratory,SSTROP_A,High-sensitivity cardiac troponins (Surplus),R3,"SURPLUS: subsample assay, no companion weight",drop,mechanical,https://wwwn.cdc.gov/Nchs/Data/Nhanes/Public/1999/DataFiles/SSTROP_A.xpt
1999-2000,Laboratory,LAB03,"HIV Antibody Test, CD4+ T Lymphocytes & CD8+ T Cells",R5,"OFF-DAG: no path to outcome, not a confounder",drop,judgement,https://wwwn.cdc.gov/Nchs/Data/Nhanes/Public/1999/DataFiles/LAB03.xpt
1999-2000,Laboratory,LAB07,Latex,R5,"OFF-DAG: no path to outcome, not a confounder",drop,judgement,https://wwwn.cdc.gov/Nchs/Data/Nhanes/Public/1999/DataFiles/LAB07.xpt
1999-2000,Laboratory,LAB20,Lead - Dust,R5,"OFF-DAG: no path to outcome, not a confounder",drop,judgement,https://wwwn.cdc.gov/Nchs/Data/Nhanes/Public/1999/DataFiles/LAB20.xpt
1999-2000,Laboratory,LAB19,"Measles, Rubella, & Varicella",R5,"OFF-DAG: no path to outcome, not a confounder",drop,judgement,https://wwwn.cdc.gov/Nchs/Data/Nhanes/Public/1999/DataFiles/LAB19.xpt
1999-2000,Laboratory,LAB22,Mercury - Hair,R5,"OFF-DAG: no path to outcome, not a confounder",drop,judgement,https://wwwn.cdc.gov/Nchs/Data/Nhanes/Public/1999/DataFiles/LAB22.xpt
1999-2000,Laboratory,LAB06HM,Metals - Urine,R5,"OFF-DAG: no path to outcome, not a confounder",drop,judgement,https://wwwn.cdc.gov/Nchs/Data/Nhanes/Public/1999/DataFiles/LAB06HM.xpt
1999-2000,Laboratory,SSOL_A,Monoclonal gammopathy of undetermined significance (MGUS) (Surplus),R3,"SURPLUS: subsample assay, no companion weight",drop,mechanical,https://wwwn.cdc.gov/Nchs/Data/Nhanes/Public/1999/DataFiles/SSOL_A.xpt
1999-2000,Laboratory,SSMUMP_A,Mumps Antibody - Serum (Surplus),R3,"SURPLUS: subsample assay, no companion weight",drop,mechanical,https://wwwn.cdc.gov/Nchs/Data/Nhanes/Public/1999/DataFiles/SSMUMP_A.xpt
1999-2000,Laboratory,SSNORO_A,Norovirus antibody - Serum,R3,"SURPLUS: subsample assay, no companion weight",drop,mechanical,https://wwwn.cdc.gov/Nchs/Data/Nhanes/Public/1999/DataFiles/SSNORO_A.xpt
1999-2000,Laboratory,SSBNP_A,N-terminal Pro-BNP (Surplus),R3,"SURPLUS: subsample assay, no companion weight",drop,mechanical,https://wwwn.cdc.gov/Nchs/Data/Nhanes/Public/1999/DataFiles/SSBNP_A.xpt
1999-2000,Laboratory,SSPFC_A,Perfluoroalkyl Chemicals - Serum (Surplus),R3,"SURPLUS: subsample assay, no companion weight",drop,mechanical,https://wwwn.cdc.gov/Nchs/Data/Nhanes/Public/1999/DataFiles/SSPFC_A.xpt
1999-2000,Laboratory,LAB26PP,"Pesticides - Current Use - Urine (Formerly Priority Pesticides, Non-persistent Pesticide Metabolites)",R5,"OFF-DAG: no path to outcome, not a confounder",drop,judgement,https://wwwn.cdc.gov/Nchs/Data/Nhanes/Public/1999/DataFiles/LAB26PP.xpt
1999-2000,Laboratory,PHPYPA,"Phthalates, Phytoestrogens & PAHs - Urine PHPYPA Urinary Phthalates",R5,"OFF-DAG: no path to outcome, not a confounder",drop,judgement,https://wwwn.cdc.gov/Nchs/Data/Nhanes/Public/1999/DataFiles/PHPYPA.xpt
1999-2000,Laboratory,LAB10AM,"Plasma Fasting Glucose, Serum C-peptide & Insulin",KEEP,whitelist: fasting_glucose,keep,judgement,https://wwwn.cdc.gov/Nchs/Data/Nhanes/Public/1999/DataFiles/LAB10AM.xpt
1999-2000,Laboratory,UC,Pregnancy Test - Urine,R5,"OFF-DAG: no path to outcome, not a confounder",drop,judgement,https://wwwn.cdc.gov/Nchs/Data/Nhanes/Public/1999/DataFiles/UC.xpt
1999-2000,Laboratory,SSCHL_A,Sex Steroid Hormone - Men (Surplus),R3,"SURPLUS: subsample assay, no companion weight",drop,mechanical,https://wwwn.cdc.gov/Nchs/Data/Nhanes/Public/1999/DataFiles/SSCHL_A.xpt
1999-2000,Laboratory,LAB18,Standard Biochemistry Profile & Hormones,KEEP,whitelist: biochemistry,keep,judgement,https://wwwn.cdc.gov/Nchs/Data/Nhanes/Public/1999/DataFiles/LAB18.xpt
1999-2000,Laboratory,TELO_A,Telomere Mean and Standard Deviation (Surplus),R3,"SURPLUS: subsample assay, no companion weight",drop,mechanical,https://wwwn.cdc.gov/Nchs/Data/Nhanes/Public/1999/DataFiles/TELO_A.xpt
1999-2000,Laboratory,LAB18T4,Thyroid - Stimulating Hormone & Thyroxine (TSH & T4),R5,"OFF-DAG: no path to outcome, not a confounder",drop,judgement,https://wwwn.cdc.gov/Nchs/Data/Nhanes/Public/1999/DataFiles/LAB18T4.xpt
1999-2000,Laboratory,TFA_A,Trans Fatty Acids,R5,"OFF-DAG: no path to outcome, not a confounder",drop,judgement,https://wwwn.cdc.gov/Nchs/Data/Nhanes/Public/1999/DataFiles/TFA_A.xpt
1999-2000,Laboratory,SSTFR_A,Transferrin Receptor - Pregnant Women (Surplus),R3,"SURPLUS: subsample assay, no companion weight",drop,mechanical,https://wwwn.cdc.gov/Nchs/Data/Nhanes/Public/1999/DataFiles/SSTFR_A.xpt
1999-2000,Laboratory,SSVARI_A,Varicella-Zoster Virus Antibody (Surplus),R3,"SURPLUS: subsample assay, no companion weight",drop,mechanical,https://wwwn.cdc.gov/Nchs/Data/Nhanes/Public/1999/DataFiles/SSVARI_A.xpt
1999-2000,Laboratory,LAB04,Volatile Organic Compounds - Blood & Water,R5,"OFF-DAG: no path to outcome, not a confounder",drop,judgement,https://wwwn.cdc.gov/Nchs/Data/Nhanes/Public/1999/DataFiles/LAB04.xpt
1999-2000,Laboratory,LAB21,Volatile Organic Compounds (VOC) - Personal Exposure Badge,R5,"OFF-DAG: no path to outcome, not a confounder",drop,judgement,https://wwwn.cdc.gov/Nchs/Data/Nhanes/Public/1999/DataFiles/LAB21.xpt
1999-2000,Questionnaire,ACQ,Acculturation,R5,"OFF-DAG: no path to outcome, not a confounder",drop,judgement,https://wwwn.cdc.gov/Nchs/Data/Nhanes/Public/1999/DataFiles/ACQ.xpt
1999-2000,Questionnaire,ALQ,Alcohol Use,KEEP,whitelist: alcohol,keep,judgement,https://wwwn.cdc.gov/Nchs/Data/Nhanes/Public/1999/DataFiles/ALQ.xpt
1999-2000,Questionnaire,RXQ_ANA,Analgesic Pain Relievers,R5,"OFF-DAG: no path to outcome, not a confounder",drop,judgement,https://wwwn.cdc.gov/Nchs/Data/Nhanes/Public/1999/DataFiles/RXQ_ANA.xpt
1999-2000,Questionnaire,AUQ,Audiometry,R5,"OFF-DAG: no path to outcome, not a confounder",drop,judgement,https://wwwn.cdc.gov/Nchs/Data/Nhanes/Public/1999/DataFiles/AUQ.xpt
1999-2000,Questionnaire,BAQ,Balance,R5,"OFF-DAG: no path to outcome, not a confounder",drop,judgement,https://wwwn.cdc.gov/Nchs/Data/Nhanes/Public/1999/DataFiles/BAQ.xpt
1999-2000,Questionnaire,BPQ,Blood Pressure & Cholesterol,KEEP,whitelist: blood_pressure_quex,keep,judgement,https://wwwn.cdc.gov/Nchs/Data/Nhanes/Public/1999/DataFiles/BPQ.xpt
1999-2000,Questionnaire,CDQ,Cardiovascular Health,KEEP,whitelist: cardiovascular_health,keep,judgement,https://wwwn.cdc.gov/Nchs/Data/Nhanes/Public/1999/DataFiles/CDQ.xpt
1999-2000,Questionnaire,CFQ,Cognitive Functioning,R5,"OFF-DAG: no path to outcome, not a confounder",drop,judgement,https://wwwn.cdc.gov/Nchs/Data/Nhanes/Public/1999/DataFiles/CFQ.xpt
1999-2000,Questionnaire,HSQ,Current Health Status,R5,"OFF-DAG: no path to outcome, not a confounder",drop,judgement,https://wwwn.cdc.gov/Nchs/Data/Nhanes/Public/1999/DataFiles/HSQ.xpt
1999-2000,Questionnaire,DEQ,Dermatology,R5,"OFF-DAG: no path to outcome, not a confounder",drop,judgement,https://wwwn.cdc.gov/Nchs/Data/Nhanes/Public/1999/DataFiles/DEQ.xpt
1999-2000,Questionnaire,DIQ,Diabetes,KEEP,whitelist: diabetes_quex,keep,judgement,https://wwwn.cdc.gov/Nchs/Data/Nhanes/Public/1999/DataFiles/DIQ.xpt
1999-2000,Questionnaire,DBQ,Diet Behavior & Nutrition,R5,"OFF-DAG: no path to outcome, not a confounder",drop,judgement,https://wwwn.cdc.gov/Nchs/Data/Nhanes/Public/1999/DataFiles/DBQ.xpt
1999-2000,Questionnaire,DUQ,Drug Use,R5,"OFF-DAG: no path to outcome, not a confounder",drop,judgement,https://wwwn.cdc.gov/Nchs/Data/Nhanes/Public/1999/DataFiles/DUQ.xpt
1999-2000,Questionnaire,ECQ,Early Childhood,R5,"OFF-DAG: no path to outcome, not a confounder",drop,judgement,https://wwwn.cdc.gov/Nchs/Data/Nhanes/Public/1999/DataFiles/ECQ.xpt
1999-2000,Questionnaire,FSQ,Food Security,R5,"OFF-DAG: no path to outcome, not a confounder",drop,judgement,https://wwwn.cdc.gov/Nchs/Data/Nhanes/Public/1999/DataFiles/FSQ.xpt
1999-2000,Questionnaire,HIQ,Health Insurance,KEEP,whitelist: health_insurance,keep,judgement,https://wwwn.cdc.gov/Nchs/Data/Nhanes/Public/1999/DataFiles/HIQ.xpt
1999-2000,Questionnaire,HUQ,Hospital Utilization & Access to Care,R5,"OFF-DAG: no path to outcome, not a confounder",drop,judgement,https://wwwn.cdc.gov/Nchs/Data/Nhanes/Public/1999/DataFiles/HUQ.xpt
1999-2000,Questionnaire,HOQ,Housing Characteristics,R5,"OFF-DAG: no path to outcome, not a confounder",drop,judgement,https://wwwn.cdc.gov/Nchs/Data/Nhanes/Public/1999/DataFiles/HOQ.xpt
1999-2000,Questionnaire,IMQ,Immunization,R5,"OFF-DAG: no path to outcome, not a confounder",drop,judgement,https://wwwn.cdc.gov/Nchs/Data/Nhanes/Public/1999/DataFiles/IMQ.xpt
1999-2000,Questionnaire,KIQ,Kidney Conditions,KEEP,whitelist: kidney_quex,keep,judgement,https://wwwn.cdc.gov/Nchs/Data/Nhanes/Public/1999/DataFiles/KIQ.xpt
1999-2000,Questionnaire,MCQ,Medical Conditions,KEEP,whitelist: medical_conditions,keep,judgement,https://wwwn.cdc.gov/Nchs/Data/Nhanes/Public/1999/DataFiles/MCQ.xpt
1999-2000,Questionnaire,CIQMDEP,Mental Health - Depression,R5,"OFF-DAG: no path to outcome, not a confounder",drop,judgement,https://wwwn.cdc.gov/Nchs/Data/Nhanes/Public/1999/DataFiles/CIQMDEP.xpt
1999-2000,Questionnaire,CIQGAD,Mental Health - Generalized Anxiety Disorder,R5,"OFF-DAG: no path to outcome, not a confounder",drop,judgement,https://wwwn.cdc.gov/Nchs/Data/Nhanes/Public/1999/DataFiles/CIQGAD.xpt
1999-2000,Questionnaire,CIQPANIC,Mental Health - Panic Disorder,R5,"OFF-DAG: no path to outcome, not a confounder",drop,judgement,https://wwwn.cdc.gov/Nchs/Data/Nhanes/Public/1999/DataFiles/CIQPANIC.xpt
1999-2000,Questionnaire,MPQ,Miscellaneous Pain,R5,"OFF-DAG: no path to outcome, not a confounder",drop,judgement,https://wwwn.cdc.gov/Nchs/Data/Nhanes/Public/1999/DataFiles/MPQ.xpt
1999-2000,Questionnaire,OCQ,Occupation,R5,"OFF-DAG: no path to outcome, not a confounder",drop,judgement,https://wwwn.cdc.gov/Nchs/Data/Nhanes/Public/1999/DataFiles/OCQ.xpt
1999-2000,Questionnaire,OHQ,Oral Health,R5,"OFF-DAG: no path to outcome, not a confounder",drop,judgement,https://wwwn.cdc.gov/Nchs/Data/Nhanes/Public/1999/DataFiles/OHQ.xpt
1999-2000,Questionnaire,OSQ,Osteoporosis,R5,"OFF-DAG: no path to outcome, not a confounder",drop,judgement,https://wwwn.cdc.gov/Nchs/Data/Nhanes/Public/1999/DataFiles/OSQ.xpt
1999-2000,Questionnaire,PUQ,Pesticide Use,R5,"OFF-DAG: no path to outcome, not a confounder",drop,judgement,https://wwwn.cdc.gov/Nchs/Data/Nhanes/Public/1999/DataFiles/PUQ.xpt
1999-2000,Questionnaire,PAQ,Physical Activity,KEEP,whitelist: physical_activity,keep,judgement,https://wwwn.cdc.gov/Nchs/Data/Nhanes/Public/1999/DataFiles/PAQ.xpt
1999-2000,Questionnaire,PAQIAF,Physical Activity - Individual Activities,R1,UNIT: not person-level,drop,mechanical,https://wwwn.cdc.gov/Nchs/Data/Nhanes/Public/1999/DataFiles/PAQIAF.xpt
1999-2000,Questionnaire,PFQ,Physical Functioning,R5,"OFF-DAG: no path to outcome, not a confounder",drop,judgement,https://wwwn.cdc.gov/Nchs/Data/Nhanes/Public/1999/DataFiles/PFQ.xpt
1999-2000,Questionnaire,RXQ_RX,Prescription Medications,KEEP,whitelist: prescription_meds,keep,judgement,https://wwwn.cdc.gov/Nchs/Data/Nhanes/Public/1999/DataFiles/RXQ_RX.xpt
1999-2000,Questionnaire,RXQ_DRUG,Prescription Medications - Drug Information,R1,UNIT: not person-level,drop,mechanical,https://wwwn.cdc.gov/Nchs/Data/Nhanes/Public/1988/DataFiles/RXQ_DRUG.xpt
1999-2000,Questionnaire,RHQ,Reproductive Health,R5,"OFF-DAG: no path to outcome, not a confounder",drop,judgement,https://wwwn.cdc.gov/Nchs/Data/Nhanes/Public/1999/DataFiles/RHQ.xpt
1999-2000,Questionnaire,RDQ,Respiratory Health,R5,"OFF-DAG: no path to outcome, not a confounder",drop,judgement,https://wwwn.cdc.gov/Nchs/Data/Nhanes/Public/1999/DataFiles/RDQ.xpt
1999-2000,Questionnaire,SXQ,Sexual Behavior,R5,"OFF-DAG: no path to outcome, not a confounder",drop,judgement,https://wwwn.cdc.gov/Nchs/Data/Nhanes/Public/1999/DataFiles/SXQ.xpt
1999-2000,Questionnaire,SMQMEC,Smoking - Adult Recent Tobacco Use & Youth Cigarette/Tobacco Use,R2,POPULATION: youth/children only,drop,mechanical,https://wwwn.cdc.gov/Nchs/Data/Nhanes/Public/1999/DataFiles/SMQMEC.xpt
1999-2000,Questionnaire,SMQ,Smoking - Cigarette/Tobacco Use - Adult,KEEP,whitelist: smoking,keep,judgement,https://wwwn.cdc.gov/Nchs/Data/Nhanes/Public/1999/DataFiles/SMQ.xpt
1999-2000,Questionnaire,SMQFAM,Smoking - Household Smokers,R5,"OFF-DAG (considered): household smokers — secondhand exposure, not the participant's own smoking",drop,judgement,https://wwwn.cdc.gov/Nchs/Data/Nhanes/Public/1999/DataFiles/SMQFAM.xpt
1999-2000,Questionnaire,SSQ,Social Support,R3,"SURPLUS: subsample assay, no companion weight",drop,mechanical,https://wwwn.cdc.gov/Nchs/Data/Nhanes/Public/1999/DataFiles/SSQ.xpt
1999-2000,Questionnaire,TBQ,Tuberculosis,R5,"OFF-DAG: no path to outcome, not a confounder",drop,judgement,https://wwwn.cdc.gov/Nchs/Data/Nhanes/Public/1999/DataFiles/TBQ.xpt
1999-2000,Questionnaire,VIQ,Vision,R5,"OFF-DAG: no path to outcome, not a confounder",drop,judgement,https://wwwn.cdc.gov/Nchs/Data/Nhanes/Public/1999/DataFiles/VIQ.xpt
1999-2000,Questionnaire,WHQ,Weight History,R5,"OFF-DAG: no path to outcome, not a confounder",drop,judgement,https://wwwn.cdc.gov/Nchs/Data/Nhanes/Public/1999/DataFiles/WHQ.xpt
1999-2000,LimitedAccess,,Alcohol Use - Youth,R0,ACCESS: RDC application required,drop,mechanical,
1999-2000,LimitedAccess,,"Cadmium, Lead, Ferritin, Serum Folate, RBC Folate, Vitamin B12, Homocysteine, Methylmalonic acid, Cotinine & Other Selected Nutritional Biochemistries - Blood, Second Exam",R0,ACCESS: RDC application required,drop,mechanical,
1999-2000,LimitedAccess,,California - Demographic Variables & Sample Weights,R0,ACCESS: RDC application required,drop,mechanical,
1999-2000,LimitedAccess,,Chlamydia & Gonorrhea - Urine - Youth,R0,ACCESS: RDC application required,drop,mechanical,
1999-2000,LimitedAccess,,"Cholesterol - Total, HDL, LDL & Triglycerides, Second Exam",R0,ACCESS: RDC application required,drop,mechanical,
1999-2000,LimitedAccess,,"Complete Blood Count with 5-part Differential - Whole Blood, Second Exam",R0,ACCESS: RDC application required,drop,mechanical,
1999-2000,LimitedAccess,,"C-Reactive Protein & Others, Second Exam",R0,ACCESS: RDC application required,drop,mechanical,
1999-2000,LimitedAccess,,"Creatinine & Albumin - Urine, Second Exam",R0,ACCESS: RDC application required,drop,mechanical,
1999-2000,LimitedAccess,,DNAm - Normalized and Pre-Processed,R0,ACCESS: RDC application required,drop,mechanical,
1999-2000,LimitedAccess,,"Dual-Energy X-ray Absorptiometry - Whole Body, Second Exam",R0,ACCESS: RDC application required,drop,mechanical,
1999-2000,LimitedAccess,,"Geocoded Data, NHANES 1999-2016, Census 2000",R0,ACCESS: RDC application required,drop,mechanical,
1999-2000,LimitedAccess,,"Geocoded Data, NHANES 1999-2018, Census 2010",R0,ACCESS: RDC application required,drop,mechanical,
1999-2000,LimitedAccess,,"Geocoded Data, NHANES 1999-March 2020, Census 2020",R0,ACCESS: RDC application required,drop,mechanical,
1999-2000,LimitedAccess,,"Glycohemoglobin, Plasma Glucose, Serum C-peptide, & Insulin, Second Exam",R0,ACCESS: RDC application required,drop,mechanical,
1999-2000,LimitedAccess,,Herpes Simplex Virus Type-2 - Youth,R0,ACCESS: RDC application required,drop,mechanical,
1999-2000,LimitedAccess,,"Los Angeles County, California - Demographic Variables & Sample Weights",R0,ACCESS: RDC application required,drop,mechanical,
1999-2000,LimitedAccess,,"Los Angeles County, California - Demographic Variables & Sample Weights",R0,ACCESS: RDC application required,drop,mechanical,
1999-2000,LimitedAccess,,"Measles, Rubella, & Varicella, Second Exam",R0,ACCESS: RDC application required,drop,mechanical,
1999-2000,LimitedAccess,,Mental Health - Attention Deficit Disorder/Hyperactivity - Youth,R0,ACCESS: RDC application required,drop,mechanical,
1999-2000,LimitedAccess,,Mental Health - Conduct Disorder - Youth,R0,ACCESS: RDC application required,drop,mechanical,
1999-2000,LimitedAccess,,"Mental Health - Conduct Disorder - Youth, Parent Version",R0,ACCESS: RDC application required,drop,mechanical,
1999-2000,LimitedAccess,,Mental Health - Eating Disorders - Youth,R0,ACCESS: RDC application required,drop,mechanical,
1999-2000,LimitedAccess,,Mental Health - Elimination Disorders - Youth,R0,ACCESS: RDC application required,drop,mechanical,
1999-2000,LimitedAccess,,Mental Health - Generalized Anxiety Disorder - Youth,R0,ACCESS: RDC application required,drop,mechanical,
1999-2000,LimitedAccess,,Mental Health - Major Depression/Dysthymic Disorder - Youth,R0,ACCESS: RDC application required,drop,mechanical,
1999-2000,LimitedAccess,,Mental Health - Panic Disorder - Youth,R0,ACCESS: RDC application required,drop,mechanical,
1999-2000,LimitedAccess,,Mental Health Diagnostic Interview - Youth,R0,ACCESS: RDC application required,drop,mechanical,
1999-2000,LimitedAccess,,Second Day Lab General Documentation,R0,ACCESS: RDC application required,drop,mechanical,
1999-2000,LimitedAccess,,Sexual Behavior - Youth,R0,ACCESS: RDC application required,drop,mechanical,
1999-2000,LimitedAccess,,"Standard Biochemistry Profile & Hormones, Second Exam",R0,ACCESS: RDC application required,drop,mechanical,
1999-2000,LimitedAccess,,"Vitamin A & Vitamin E, Second Exam",R0,ACCESS: RDC application required,drop,mechanical,
2001-2002,Demographics,DEMO_B,Demographic Variables & Sample Weights,KEEP,whitelist: demographics,keep,judgement,https://wwwn.cdc.gov/Nchs/Data/Nhanes/Public/2001/DataFiles/DEMO_B.xpt
2001-2002,Dietary,DRXIFF_B,Dietary Interview - Individual Foods,R1,UNIT: not person-level,drop,mechanical,https://wwwn.cdc.gov/Nchs/Data/Nhanes/Public/2001/DataFiles/DRXIFF_B.xpt
2001-2002,Dietary,DRXTOT_B,Dietary Interview - Total Nutrient Intakes,R4,DIET-FRAME: WTDRD1 frame + mediator in DAG,drop,mechanical,https://wwwn.cdc.gov/Nchs/Data/Nhanes/Public/2001/DataFiles/DRXTOT_B.xpt
2001-2002,Dietary,DRXFMT_B,Dietary Interview Technical Support File - Food Code Format File,R1,UNIT: not person-level,drop,mechanical,https://wwwn.cdc.gov/Nchs/Data/Nhanes/Public/2001/DataFiles/DRXFMT_B.xpt
2001-2002,Dietary,DSBI,Dietary Supplement Database - Blend Information,R1,UNIT: not person-level,drop,mechanical,https://wwwn.cdc.gov/Nchs/Data/Nhanes/Public/1999/DataFiles/DSBI.xpt
2001-2002,Dietary,DSII,Dietary Supplement Database - Ingredient Information,R1,UNIT: not person-level,drop,mechanical,https://wwwn.cdc.gov/Nchs/Data/Nhanes/Public/1999/DataFiles/DSII.xpt
2001-2002,Dietary,DSPI,Dietary Supplement Database - Product Information,R1,UNIT: not person-level,drop,mechanical,https://wwwn.cdc.gov/Nchs/Data/Nhanes/Public/1999/DataFiles/DSPI.xpt
2001-2002,Dietary,DSQ1_B,"Dietary Supplement Use 30-Day - File 1, Supplement Counts",R4,DIET-FRAME: WTDRD1 frame + mediator in DAG,drop,mechanical,https://wwwn.cdc.gov/Nchs/Data/Nhanes/Public/2001/DataFiles/DSQ1_B.xpt
2001-2002,Dietary,DSQ2_B,"Dietary Supplement Use 30-Day - File 2, Participant's Use of Supplements",R4,DIET-FRAME: WTDRD1 frame + mediator in DAG,drop,mechanical,https://wwwn.cdc.gov/Nchs/Data/Nhanes/Public/2001/DataFiles/DSQ2_B.xpt
2001-2002,Examination,AUX_B,Audiometry,R5,"OFF-DAG: no path to outcome, not a confounder",drop,judgement,https://wwwn.cdc.gov/Nchs/Data/Nhanes/Public/2001/DataFiles/AUX_B.xpt
2001-2002,Examination,AUXAR_B,Audiometry - Acoustic Reflex,R5,"OFF-DAG: no path to outcome, not a confounder",drop,judgement,https://wwwn.cdc.gov/Nchs/Data/Nhanes/Public/2001/DataFiles/AUXAR_B.xpt
2001-2002,Examination,AUXTYM_B,Audiometry - Tympanometry,R5,"OFF-DAG: no path to outcome, not a confounder",drop,judgement,https://wwwn.cdc.gov/Nchs/Data/Nhanes/Public/2001/DataFiles/AUXTYM_B.xpt
2001-2002,Examination,BAX_B,Balance,R5,"OFF-DAG: no path to outcome, not a confounder",drop,judgement,https://wwwn.cdc.gov/Nchs/Data/Nhanes/Public/2001/DataFiles/BAX_B.xpt
2001-2002,Examination,BIX_B,Bioelectrical Impedance Analysis,R5,"OFF-DAG: no path to outcome, not a confounder",drop,judgement,https://wwwn.cdc.gov/Nchs/Data/Nhanes/Public/2001/DataFiles/BIX_B.xpt
2001-2002,Examination,BPX_B,Blood Pressure,KEEP,whitelist: blood_pressure_exam,keep,judgement,https://wwwn.cdc.gov/Nchs/Data/Nhanes/Public/2001/DataFiles/BPX_B.xpt
2001-2002,Examination,BMX_B,Body Measures,KEEP,whitelist: body_measures,keep,judgement,https://wwwn.cdc.gov/Nchs/Data/Nhanes/Public/2001/DataFiles/BMX_B.xpt
2001-2002,Examination,CVX_B,Cardiovascular Fitness,R5,"OFF-DAG (considered): cardiovascular FITNESS (treadmill test), not CVD history — different construct",drop,judgement,https://wwwn.cdc.gov/Nchs/Data/Nhanes/Public/2001/DataFiles/CVX_B.xpt
2001-2002,Examination,DXA,Dual-Energy X-ray Absorptiometry - Whole Body,R5,"OFF-DAG: no path to outcome, not a confounder",drop,judgement,https://wwwn.cdc.gov/Nchs/Nhanes/Dxa/Dxa.aspx
2001-2002,Examination,DXX_2_B,"Dual-Energy X-ray Absorptiometry - Whole Body, Second Exam",R5,"OFF-DAG: no path to outcome, not a confounder",drop,judgement,https://wwwn.cdc.gov/Nchs/Data/Nhanes/Public/2001/DataFiles/DXX_2_B.xpt
2001-2002,Examination,LEXAB_B,Lower Extremity Disease - Ankle Brachial Blood Pressure Index,R5,"OFF-DAG: no path to outcome, not a confounder",drop,judgement,https://wwwn.cdc.gov/Nchs/Data/Nhanes/Public/2001/DataFiles/LEXAB_B.xpt
2001-2002,Examination,LEXPN_B,Lower Extremity Disease - Peripheral Neuropathy,R5,"OFF-DAG: no path to outcome, not a confounder",drop,judgement,https://wwwn.cdc.gov/Nchs/Data/Nhanes/Public/2001/DataFiles/LEXPN_B.xpt
2001-2002,Examination,MSX_B,Muscle Strength,R5,"OFF-DAG: no path to outcome, not a confounder",drop,judgement,https://wwwn.cdc.gov/Nchs/Data/Nhanes/Public/2001/DataFiles/MSX_B.xpt
2001-2002,Examination,OHXDEN_B,Oral Health - Dentition,R5,"OFF-DAG: no path to outcome, not a confounder",drop,judgement,https://wwwn.cdc.gov/Nchs/Data/Nhanes/Public/2001/DataFiles/OHXDEN_B.xpt
2001-2002,Examination,OHXPRL_B,Oral Health - Periodontal/Lower,R5,"OFF-DAG: no path to outcome, not a confounder",drop,judgement,https://wwwn.cdc.gov/Nchs/Data/Nhanes/Public/2001/DataFiles/OHXPRL_B.xpt
2001-2002,Examination,OHXPRU_B,Oral Health - Periodontal/Upper,R5,"OFF-DAG: no path to outcome, not a confounder",drop,judgement,https://wwwn.cdc.gov/Nchs/Data/Nhanes/Public/2001/DataFiles/OHXPRU_B.xpt
2001-2002,Examination,OHXREF_B,Oral Health - Recommendation of Care,R5,"OFF-DAG: no path to outcome, not a confounder",drop,judgement,https://wwwn.cdc.gov/Nchs/Data/Nhanes/Public/2001/DataFiles/OHXREF_B.xpt
2001-2002,Examination,VIX_B,Vision,R5,"OFF-DAG: no path to outcome, not a confounder",drop,judgement,https://wwwn.cdc.gov/Nchs/Data/Nhanes/Public/2001/DataFiles/VIX_B.xpt
2001-2002,Laboratory,L16_B,Albumin & Creatinine - Urine,KEEP,whitelist: urine_albumin_creat,keep,judgement,https://wwwn.cdc.gov/Nchs/Data/Nhanes/Public/2001/DataFiles/L16_B.xpt
2001-2002,Laboratory,SSAMH_B,Anti-Mullerian Hormone (AMH) & Inhibin-B (Surplus),R3,"SURPLUS: subsample assay, no companion weight",drop,mechanical,https://wwwn.cdc.gov/Nchs/Data/Nhanes/Public/2001/DataFiles/SSAMH_B.xpt
2001-2002,Laboratory,SSDFS_A,Autoantibodies - Anti-DFS70 Autoantibody Analyses (Surplus),R3,"SURPLUS: subsample assay, no companion weight",drop,mechanical,https://wwwn.cdc.gov/Nchs/Data/Nhanes/Public/1999/DataFiles/SSDFS_A.xpt
2001-2002,Laboratory,SSANA_A,Autoantibodies - Immunofluorescence & Immunoprecipitation Analyses (Surplus),R3,"SURPLUS: subsample assay, no companion weight",drop,mechanical,https://wwwn.cdc.gov/Nchs/Data/Nhanes/Public/1999/DataFiles/SSANA_A.xpt
2001-2002,Laboratory,SSANA2_A,Autoantibodies - Immunofluorescence Analyses (Surplus),R3,"SURPLUS: subsample assay, no companion weight",drop,mechanical,https://wwwn.cdc.gov/Nchs/Data/Nhanes/Public/1999/DataFiles/SSANA2_A.xpt
2001-2002,Laboratory,L34_B,Bacterial vaginosis (BV) & Trichomonas vaginalis,R5,"OFF-DAG: no path to outcome, not a confounder",drop,judgement,https://wwwn.cdc.gov/Nchs/Data/Nhanes/Public/2001/DataFiles/L34_B.xpt
2001-2002,Laboratory,SSBFR_B,Brominated Flame Retardants (BFRs) - Pooled Samples (Surplus),R3,"SURPLUS: subsample assay, no companion weight",drop,mechanical,https://wwwn.cdc.gov/Nchs/Data/Nhanes/Public/2001/DataFiles/SSBFR_B.xpt
2001-2002,Laboratory,L06_B,"Cadmium, Lead, Mercury, Cotinine & Nutritional Biochemistries",R5,"OFF-DAG: no path to outcome, not a confounder",drop,judgement,https://wwwn.cdc.gov/Nchs/Data/Nhanes/Public/2001/DataFiles/L06_B.xpt
2001-2002,Laboratory,L06_2_B,"Cadmium, Lead, Total Mercury, Ferritin, Serum Folate, RBC Folate, Vitamin B12, Homocysteine, Methylmalonic acid, Cotinine - Blood, Second Exam",R5,"OFF-DAG: no path to outcome, not a confounder",drop,judgement,https://wwwn.cdc.gov/Nchs/Data/Nhanes/Public/2001/DataFiles/L06_2_B.xpt
2001-2002,Laboratory,SSCAFE_B,Caffeine & Caffeine Metabolites - Urine (Surplus),R3,"SURPLUS: subsample assay, no companion weight",drop,mechanical,https://wwwn.cdc.gov/Nchs/Data/Nhanes/Public/2001/DataFiles/SSCAFE_B.xpt
2001-2002,Laboratory,SSCA_B,Cancer antigen CA125 and CA15.3 - Serum (Surplus),R3,"SURPLUS: subsample assay, no companion weight",drop,mechanical,https://wwwn.cdc.gov/Nchs/Data/Nhanes/Public/2001/DataFiles/SSCA_B.xpt
2001-2002,Laboratory,SSCGA_B,"Cancer antigen CA125, CA15.3 and HE4 IgG antibodies - Serum (Surplus)",R3,"SURPLUS: subsample assay, no companion weight",drop,mechanical,https://wwwn.cdc.gov/Nchs/Data/Nhanes/Public/2001/DataFiles/SSCGA_B.xpt
2001-2002,Laboratory,L05_B,Chlamydia & Gonorrhea - Urine,R5,"OFF-DAG: no path to outcome, not a confounder",drop,judgement,https://wwwn.cdc.gov/Nchs/Data/Nhanes/Public/2001/DataFiles/L05_B.xpt
2001-2002,Laboratory,L13AM_B,Cholesterol - LDL & Triglycerides,KEEP,whitelist: cholesterol_ldl_trig,keep,judgement,https://wwwn.cdc.gov/Nchs/Data/Nhanes/Public/2001/DataFiles/L13AM_B.xpt
2001-2002,Laboratory,L13_B,Cholesterol - Total & HDL,KEEP,whitelist: cholesterol_total_hdl,keep,judgement,https://wwwn.cdc.gov/Nchs/Data/Nhanes/Public/2001/DataFiles/L13_B.xpt
2001-2002,Laboratory,L13_2_B,"Cholesterol - Total, HDL, LDL & Triglycerides, Second Exam",R5,"OFF-DAG (considered): second-exam replicate on a subsample, not the primary measurement",drop,judgement,https://wwwn.cdc.gov/Nchs/Data/Nhanes/Public/2001/DataFiles/L13_2_B.xpt
2001-2002,Laboratory,L25_B,Complete Blood Count with 5-part Differential - Whole Blood,R5,"OFF-DAG: no path to outcome, not a confounder",drop,judgement,https://wwwn.cdc.gov/Nchs/Data/Nhanes/Public/2001/DataFiles/L25_B.xpt
2001-2002,Laboratory,L25_2_B,"Complete Blood Count with 5-part Differential - Whole Blood, Second Exam",R5,"OFF-DAG: no path to outcome, not a confounder",drop,judgement,https://wwwn.cdc.gov/Nchs/Data/Nhanes/Public/2001/DataFiles/L25_2_B.xpt
2001-2002,Laboratory,L11_2_B,"C-Reactive Protein & Others, Second Exam",R5,"OFF-DAG: no path to outcome, not a confounder",drop,judgement,https://wwwn.cdc.gov/Nchs/Data/Nhanes/Public/2001/DataFiles/L11_2_B.xpt
2001-2002,Laboratory,L11_B,"C-Reactive protein (CRP), Fibrinogen, Bone Alkaline Phosphatase & Urinary N-telopeptides",R5,"OFF-DAG: no path to outcome, not a confounder",drop,judgement,https://wwwn.cdc.gov/Nchs/Data/Nhanes/Public/2001/DataFiles/L11_B.xpt
2001-2002,Laboratory,L16_2_B,"Creatinine & Albumin - Urine, Second Exam",R5,"OFF-DAG: no path to outcome, not a confounder",drop,judgement,https://wwwn.cdc.gov/Nchs/Data/Nhanes/Public/2001/DataFiles/L16_2_B.xpt
2001-2002,Laboratory,SSCYST_B,Cystatin C (Surplus),R3,"SURPLUS: subsample assay, no companion weight",drop,mechanical,https://wwwn.cdc.gov/Nchs/Data/Nhanes/Public/2001/DataFiles/SSCYST_B.xpt
2001-2002,Laboratory,SSCMV_B,Cytomegalovirus Antibodies - Serum (Surplus),R3,"SURPLUS: subsample assay, no companion weight",drop,mechanical,https://wwwn.cdc.gov/Nchs/Data/Nhanes/Public/2001/DataFiles/SSCMV_B.xpt
2001-2002,Laboratory,SSCMVG_A,Cytomegalovirus Genotypes - Urine (Surplus),R3,"SURPLUS: subsample assay, no companion weight",drop,mechanical,https://wwwn.cdc.gov/Nchs/Data/Nhanes/Public/1999/DataFiles/SSCMVG_A.xpt
2001-2002,Laboratory,SSUCSH_A,Cytomegalovirus shedding - Urine (Surplus),R3,"SURPLUS: subsample assay, no companion weight",drop,mechanical,https://wwwn.cdc.gov/Nchs/Data/Nhanes/Public/1999/DataFiles/SSUCSH_A.xpt
2001-2002,Laboratory,L28POC_B,"Dioxins, Furans, & Coplanar PCBs",R5,"OFF-DAG: no path to outcome, not a confounder",drop,judgement,https://wwwn.cdc.gov/Nchs/Data/Nhanes/Public/2001/DataFiles/L28POC_B.xpt
2001-2002,Laboratory,DEFAULT,DNAm Epigenetic Biomarker,R5,"OFF-DAG: no path to outcome, not a confounder",drop,judgement,https://wwwn.cdc.gov/Nchs/Nhanes/DNAm/Default.aspx
2001-2002,Laboratory,L39_2_B,Erythrocyte Protoporphyrin,R5,"OFF-DAG: no path to outcome, not a confounder",drop,judgement,https://wwwn.cdc.gov/Nchs/Data/Nhanes/Public/2001/DataFiles/L39_2_B.xpt
2001-2002,Laboratory,L39_B,Erythrocyte Protoporphyrin,R5,"OFF-DAG: no path to outcome, not a confounder",drop,judgement,https://wwwn.cdc.gov/Nchs/Data/Nhanes/Public/2001/DataFiles/L39_B.xpt
2001-2002,Laboratory,PH_B,Fasting Questionnaire,R5,"OFF-DAG: no path to outcome, not a confounder",drop,judgement,https://wwwn.cdc.gov/Nchs/Data/Nhanes/Public/2001/DataFiles/PH_B.xpt
2001-2002,Laboratory,SSCARD_A,"Glycated albumin, Beta-2 Microglobulin, Cystatin C (Surplus)",R3,"SURPLUS: subsample assay, no companion weight",drop,mechanical,https://wwwn.cdc.gov/Nchs/Data/Nhanes/Public/1999/DataFiles/SSCARD_A.xpt
2001-2002,Laboratory,L10_B,Glycohemoglobin,KEEP,whitelist: glycohemoglobin,keep,judgement,https://wwwn.cdc.gov/Nchs/Data/Nhanes/Public/2001/DataFiles/L10_B.xpt
2001-2002,Laboratory,L10_2_B,"Glycohemoglobin, Plasma Glucose, Serum C-peptide, & Insulin, Second Exam",R5,OFF-DAG (considered): second-exam replicate on a subsample,drop,judgement,https://wwwn.cdc.gov/Nchs/Data/Nhanes/Public/2001/DataFiles/L10_2_B.xpt
2001-2002,Laboratory,L02HPA_B,Hepatitis A Antibody,R5,"OFF-DAG: no path to outcome, not a confounder",drop,judgement,https://wwwn.cdc.gov/Nchs/Data/Nhanes/Public/2001/DataFiles/L02HPA_B.xpt
2001-2002,Laboratory,L02HBS_B,Hepatitis B Surface Antibody,R5,"OFF-DAG: no path to outcome, not a confounder",drop,judgement,https://wwwn.cdc.gov/Nchs/Data/Nhanes/Public/2001/DataFiles/L02HBS_B.xpt
2001-2002,Laboratory,L02_B,Hepatitis B: Core Antibody & Surface Antigen; Hepatitis C: Confirmed Antibody & RNA (HCV-RNA); Hepatitis D Antibody,R5,"OFF-DAG: no path to outcome, not a confounder",drop,judgement,https://wwwn.cdc.gov/Nchs/Data/Nhanes/Public/2001/DataFiles/L02_B.xpt
2001-2002,Laboratory,L09_B,Herpes Simplex Virus Type-1 & Type-2,R5,"OFF-DAG: no path to outcome, not a confounder",drop,judgement,https://wwwn.cdc.gov/Nchs/Data/Nhanes/Public/2001/DataFiles/L09_B.xpt
2001-2002,Laboratory,SSHSV1_B,Herpes Simplex Virus Type-1 (Surplus),R3,"SURPLUS: subsample assay, no companion weight",drop,mechanical,https://wwwn.cdc.gov/Nchs/Data/Nhanes/Public/2001/DataFiles/SSHSV1_B.xpt
2001-2002,Laboratory,SSTROP_A,High-sensitivity cardiac troponins (Surplus),R3,"SURPLUS: subsample assay, no companion weight",drop,mechanical,https://wwwn.cdc.gov/Nchs/Data/Nhanes/Public/1999/DataFiles/SSTROP_A.xpt
2001-2002,Laboratory,L03_B,"HIV Antibody Test, CD4+ T Lymphocytes & CD8+ T Cells",R5,"OFF-DAG: no path to outcome, not a confounder",drop,judgement,https://wwwn.cdc.gov/Nchs/Data/Nhanes/Public/2001/DataFiles/L03_B.xpt
2001-2002,Laboratory,SSHE4_B,Human epididymal secretory protein E4 (HE4) - Serum (Surplus),R3,"SURPLUS: subsample assay, no companion weight",drop,mechanical,https://wwwn.cdc.gov/Nchs/Data/Nhanes/Public/2001/DataFiles/SSHE4_B.xpt
2001-2002,Laboratory,L06UIO_B,Iodine - Urine,R5,"OFF-DAG: no path to outcome, not a confounder",drop,judgement,https://wwwn.cdc.gov/Nchs/Data/Nhanes/Public/2001/DataFiles/L06UIO_B.xpt
2001-2002,Laboratory,L40FE_B,"Iron, Total Iron Binding Capacity (TIBC), & Transferrin Saturation",R5,"OFF-DAG: no path to outcome, not a confounder",drop,judgement,https://wwwn.cdc.gov/Nchs/Data/Nhanes/Public/2001/DataFiles/L40FE_B.xpt
2001-2002,Laboratory,L20_B,Lead - Dust,R5,"OFF-DAG: no path to outcome, not a confounder",drop,judgement,https://wwwn.cdc.gov/Nchs/Data/Nhanes/Public/2001/DataFiles/L20_B.xpt
2001-2002,Laboratory,L19_B,"Measles, Rubella, & Varicella",R5,"OFF-DAG: no path to outcome, not a confounder",drop,judgement,https://wwwn.cdc.gov/Nchs/Data/Nhanes/Public/2001/DataFiles/L19_B.xpt
2001-2002,Laboratory,L19_2_B,"Measles, Rubella, & Varicella, Second Exam",R5,"OFF-DAG: no path to outcome, not a confounder",drop,judgement,https://wwwn.cdc.gov/Nchs/Data/Nhanes/Public/2001/DataFiles/L19_2_B.xpt
2001-2002,Laboratory,L06HM_B,Metals - Urine,R5,"OFF-DAG: no path to outcome, not a confounder",drop,judgement,https://wwwn.cdc.gov/Nchs/Data/Nhanes/Public/2001/DataFiles/L06HM_B.xpt
2001-2002,Laboratory,L35_B,Methicillin - Resistant Staphylococcus aureus (MRSA),R5,"OFF-DAG: no path to outcome, not a confounder",drop,judgement,https://wwwn.cdc.gov/Nchs/Data/Nhanes/Public/2001/DataFiles/L35_B.xpt
2001-2002,Laboratory,SSOL_B,Monoclonal gammopathy of undetermined significance (MGUS) (Surplus),R3,"SURPLUS: subsample assay, no companion weight",drop,mechanical,https://wwwn.cdc.gov/Nchs/Data/Nhanes/Public/2001/DataFiles/SSOL_B.xpt
2001-2002,Laboratory,SSMUMP_B,Mumps Antibody - Serum (Surplus),R3,"SURPLUS: subsample assay, no companion weight",drop,mechanical,https://wwwn.cdc.gov/Nchs/Data/Nhanes/Public/2001/DataFiles/SSMUMP_B.xpt
2001-2002,Laboratory,SSPCB_B,Non-dioxin-like Polychlorinated Biphenyls - Pooled Samples (Surplus Sera),R3,"SURPLUS: subsample assay, no companion weight",drop,mechanical,https://wwwn.cdc.gov/Nchs/Data/Nhanes/Public/2001/DataFiles/SSPCB_B.xpt
2001-2002,Laboratory,SSBNP_A,N-terminal Pro-BNP (Surplus),R3,"SURPLUS: subsample assay, no companion weight",drop,mechanical,https://wwwn.cdc.gov/Nchs/Data/Nhanes/Public/1999/DataFiles/SSBNP_A.xpt
2001-2002,Laboratory,SSNO3P_B,"Perchlorate, Nitrate & Thiocyanate - Urine (Surplus)",R3,"SURPLUS: subsample assay, no companion weight",drop,mechanical,https://wwwn.cdc.gov/Nchs/Data/Nhanes/Public/2001/DataFiles/SSNO3P_B.xpt
2001-2002,Laboratory,L26PP_B,"Pesticides - Current Use - Urine (Formerly Priority Pesticides, Non-persistent Pesticide Metabolites)",R5,"OFF-DAG: no path to outcome, not a confounder",drop,judgement,https://wwwn.cdc.gov/Nchs/Data/Nhanes/Public/2001/DataFiles/L26PP_B.xpt
2001-2002,Laboratory,SSPST_B,Pesticides - Organochlorine Metabolites - Serum - Pooled Samples (Surplus),R3,"SURPLUS: subsample assay, no companion weight",drop,mechanical,https://wwwn.cdc.gov/Nchs/Data/Nhanes/Public/2001/DataFiles/SSPST_B.xpt
2001-2002,Laboratory,PHPYPA_B,"Phthalates, Phytoestrogens & PAHs - Urine",R5,"OFF-DAG: no path to outcome, not a confounder",drop,judgement,https://wwwn.cdc.gov/Nchs/Data/Nhanes/Public/2001/DataFiles/PHPYPA_B.xpt
2001-2002,Laboratory,L10AM_B,"Plasma Fasting Glucose, Serum C-peptide & Insulin",KEEP,whitelist: fasting_glucose,keep,judgement,https://wwwn.cdc.gov/Nchs/Data/Nhanes/Public/2001/DataFiles/L10AM_B.xpt
2001-2002,Laboratory,PFC_POOL,Polyfluoroalkyl Chemicals - Pooled Samples (Surplus),R3,"SURPLUS: subsample assay, no companion weight",drop,mechanical,https://wwwn.cdc.gov/Nchs/Data/Nhanes/Public/2001/DataFiles/PFC_POOL.xpt
2001-2002,Laboratory,UC_B,Pregnancy Test - Urine,R5,"OFF-DAG: no path to outcome, not a confounder",drop,judgement,https://wwwn.cdc.gov/Nchs/Data/Nhanes/Public/2001/DataFiles/UC_B.xpt
2001-2002,Laboratory,L11PSA_B,Prostate specific antigen (PSA),R5,"OFF-DAG: no path to outcome, not a confounder",drop,judgement,https://wwwn.cdc.gov/Nchs/Data/Nhanes/Public/2001/DataFiles/L11PSA_B.xpt
2001-2002,Laboratory,L11P_2_B,"Prostate-specific Antigen (PSA), Second Exam",R5,"OFF-DAG: no path to outcome, not a confounder",drop,judgement,https://wwwn.cdc.gov/Nchs/Data/Nhanes/Public/2001/DataFiles/L11P_2_B.xpt
2001-2002,Laboratory,SSCHL_B,Sex Steroid Hormone - Men (Surplus),R3,"SURPLUS: subsample assay, no companion weight",drop,mechanical,https://wwwn.cdc.gov/Nchs/Data/Nhanes/Public/2001/DataFiles/SSCHL_B.xpt
2001-2002,Laboratory,L40_B,Standard Biochemistry Profile,KEEP,whitelist: biochemistry,keep,judgement,https://wwwn.cdc.gov/Nchs/Data/Nhanes/Public/2001/DataFiles/L40_B.xpt
2001-2002,Laboratory,L40_2_B,"Standard Biochemistry Profile, Follicle Stimulating Hormone & Luteinizing Hormone, Second Exam",R5,OFF-DAG (considered): second-exam replicate on a subsample,drop,judgement,https://wwwn.cdc.gov/Nchs/Data/Nhanes/Public/2001/DataFiles/L40_2_B.xpt
2001-2002,Laboratory,L36_B,"Syphilis-IgG, Syphilis Rapid Plasma Reagin (RPR) & Treponema pallidum Particle Agglutination (TP-PA)",R5,"OFF-DAG: no path to outcome, not a confounder",drop,judgement,https://wwwn.cdc.gov/Nchs/Data/Nhanes/Public/2001/DataFiles/L36_B.xpt
2001-2002,Laboratory,TELO_B,Telomere Mean and Standard Deviation (Surplus),R3,"SURPLUS: subsample assay, no companion weight",drop,mechanical,https://wwwn.cdc.gov/Nchs/Data/Nhanes/Public/2001/DataFiles/TELO_B.xpt
2001-2002,Laboratory,L40T4_B,Thyroid - Stimulating Hormone & Thyroxine (TSH & T4),R5,"OFF-DAG: no path to outcome, not a confounder",drop,judgement,https://wwwn.cdc.gov/Nchs/Data/Nhanes/Public/2001/DataFiles/L40T4_B.xpt
2001-2002,Laboratory,SSNH4THY,Thyroid Profile (Surplus),R3,"SURPLUS: subsample assay, no companion weight",drop,mechanical,https://wwwn.cdc.gov/Nchs/Data/Nhanes/Public/2001/DataFiles/SSNH4THY.xpt
2001-2002,Laboratory,L17_B,"Toxoplasma (IgG), Toxoplasma (IgM),Toxoplasma (Dye),Toxoplasma Differential Agglutination, & Toxoplasma (Avidity)",R5,"OFF-DAG: no path to outcome, not a confounder",drop,judgement,https://wwwn.cdc.gov/Nchs/Data/Nhanes/Public/2001/DataFiles/L17_B.xpt
2001-2002,Laboratory,SSTFR_B,Transferrin Receptor - Pregnant Women (Surplus),R3,"SURPLUS: subsample assay, no companion weight",drop,mechanical,https://wwwn.cdc.gov/Nchs/Data/Nhanes/Public/2001/DataFiles/SSTFR_B.xpt
2001-2002,Laboratory,SSVARI_B,Varicella-Zoster Virus Antibody (Surplus),R3,"SURPLUS: subsample assay, no companion weight",drop,mechanical,https://wwwn.cdc.gov/Nchs/Data/Nhanes/Public/2001/DataFiles/SSVARI_B.xpt
2001-2002,Laboratory,L06VIT_B,"Vitamin A, Vitamin E & Carotenoids",R5,"OFF-DAG: no path to outcome, not a confounder",drop,judgement,https://wwwn.cdc.gov/Nchs/Data/Nhanes/Public/2001/DataFiles/L06VIT_B.xpt
2001-2002,Laboratory,VIT_2_B,"Vitamin A, Vitamin E, & Carotenoids, Second Exam",R5,"OFF-DAG: no path to outcome, not a confounder",drop,judgement,https://wwwn.cdc.gov/Nchs/Data/Nhanes/Public/2001/DataFiles/VIT_2_B.xpt
2001-2002,Laboratory,,Vitamin D,R0,ACCESS: RDC application required,drop,mechanical,
2001-2002,Laboratory,L04VOC_B,Volatile Organic Compounds - Blood & Water,R5,"OFF-DAG: no path to outcome, not a confounder",drop,judgement,https://wwwn.cdc.gov/Nchs/Data/Nhanes/Public/2001/DataFiles/L04VOC_B.xpt
2001-2002,Questionnaire,ACQ_B,Acculturation,R5,"OFF-DAG: no path to outcome, not a confounder",drop,judgement,https://wwwn.cdc.gov/Nchs/Data/Nhanes/Public/2001/DataFiles/ACQ_B.xpt
2001-2002,Questionnaire,ALQ_B,Alcohol Use,KEEP,whitelist: alcohol,keep,judgement,https://wwwn.cdc.gov/Nchs/Data/Nhanes/Public/2001/DataFiles/ALQ_B.xpt
2001-2002,Questionnaire,RXQANA_B,Analgesic Pain Relievers,R5,"OFF-DAG: no path to outcome, not a confounder",drop,judgement,https://wwwn.cdc.gov/Nchs/Data/Nhanes/Public/2001/DataFiles/RXQANA_B.xpt
2001-2002,Questionnaire,AUQ_B,Audiometry,R5,"OFF-DAG: no path to outcome, not a confounder",drop,judgement,https://wwwn.cdc.gov/Nchs/Data/Nhanes/Public/2001/DataFiles/AUQ_B.xpt
2001-2002,Questionnaire,BAQ_B,Balance,R5,"OFF-DAG: no path to outcome, not a confounder",drop,judgement,https://wwwn.cdc.gov/Nchs/Data/Nhanes/Public/2001/DataFiles/BAQ_B.xpt
2001-2002,Questionnaire,BPQ_B,Blood Pressure & Cholesterol,KEEP,whitelist: blood_pressure_quex,keep,judgement,https://wwwn.cdc.gov/Nchs/Data/Nhanes/Public/2001/DataFiles/BPQ_B.xpt
2001-2002,Questionnaire,CDQ_B,Cardiovascular Health,KEEP,whitelist: cardiovascular_health,keep,judgement,https://wwwn.cdc.gov/Nchs/Data/Nhanes/Public/2001/DataFiles/CDQ_B.xpt
2001-2002,Questionnaire,CFQ_B,Cognitive Functioning,R5,"OFF-DAG: no path to outcome, not a confounder",drop,judgement,https://wwwn.cdc.gov/Nchs/Data/Nhanes/Public/2001/DataFiles/CFQ_B.xpt
2001-2002,Questionnaire,HSQ_B,Current Health Status,R5,"OFF-DAG: no path to outcome, not a confounder",drop,judgement,https://wwwn.cdc.gov/Nchs/Data/Nhanes/Public/2001/DataFiles/HSQ_B.xpt
2001-2002,Questionnaire,DEQ_B,Dermatology,R5,"OFF-DAG: no path to outcome, not a confounder",drop,judgement,https://wwwn.cdc.gov/Nchs/Data/Nhanes/Public/2001/DataFiles/DEQ_B.xpt
2001-2002,Questionnaire,DIQ_B,Diabetes,KEEP,whitelist: diabetes_quex,keep,judgement,https://wwwn.cdc.gov/Nchs/Data/Nhanes/Public/2001/DataFiles/DIQ_B.xpt
2001-2002,Questionnaire,DBQ_B,Diet Behavior & Nutrition,R5,"OFF-DAG: no path to outcome, not a confounder",drop,judgement,https://wwwn.cdc.gov/Nchs/Data/Nhanes/Public/2001/DataFiles/DBQ_B.xpt
2001-2002,Questionnaire,DUQ_B,Drug Use,R5,"OFF-DAG: no path to outcome, not a confounder",drop,judgement,https://wwwn.cdc.gov/Nchs/Data/Nhanes/Public/2001/DataFiles/DUQ_B.xpt
2001-2002,Questionnaire,ECQ_B,Early Childhood,R5,"OFF-DAG: no path to outcome, not a confounder",drop,judgement,https://wwwn.cdc.gov/Nchs/Data/Nhanes/Public/2001/DataFiles/ECQ_B.xpt
2001-2002,Questionnaire,FSQ_B,Food Security,R5,"OFF-DAG: no path to outcome, not a confounder",drop,judgement,https://wwwn.cdc.gov/Nchs/Data/Nhanes/Public/2001/DataFiles/FSQ_B.xpt
2001-2002,Questionnaire,HIQ_B,Health Insurance,KEEP,whitelist: health_insurance,keep,judgement,https://wwwn.cdc.gov/Nchs/Data/Nhanes/Public/2001/DataFiles/HIQ_B.xpt
2001-2002,Questionnaire,HCQ_B,Hepatitis C Follow Up,R5,"OFF-DAG: no path to outcome, not a confounder",drop,judgement,https://wwwn.cdc.gov/Nchs/Data/Nhanes/Public/2001/DataFiles/HCQ_B.xpt
2001-2002,Questionnaire,HUQ_B,Hospital Utilization & Access to Care,R5,"OFF-DAG: no path to outcome, not a confounder",drop,judgement,https://wwwn.cdc.gov/Nchs/Data/Nhanes/Public/2001/DataFiles/HUQ_B.xpt
2001-2002,Questionnaire,HOQ_B,Housing Characteristics,R5,"OFF-DAG: no path to outcome, not a confounder",drop,judgement,https://wwwn.cdc.gov/Nchs/Data/Nhanes/Public/2001/DataFiles/HOQ_B.xpt
2001-2002,Questionnaire,IMQ_B,Immunization,R5,"OFF-DAG: no path to outcome, not a confounder",drop,judgement,https://wwwn.cdc.gov/Nchs/Data/Nhanes/Public/2001/DataFiles/IMQ_B.xpt
2001-2002,Questionnaire,KIQ_U_B,Kidney Conditions - Urology,KEEP,whitelist: kidney_quex,keep,judgement,https://wwwn.cdc.gov/Nchs/Data/Nhanes/Public/2001/DataFiles/KIQ_U_B.xpt
2001-2002,Questionnaire,MCQ_B,Medical Conditions,KEEP,whitelist: medical_conditions,keep,judgement,https://wwwn.cdc.gov/Nchs/Data/Nhanes/Public/2001/DataFiles/MCQ_B.xpt
2001-2002,Questionnaire,CIQDEP_B,Mental Health - Depression,R5,"OFF-DAG: no path to outcome, not a confounder",drop,judgement,https://wwwn.cdc.gov/Nchs/Data/Nhanes/Public/2001/DataFiles/CIQDEP_B.xpt
2001-2002,Questionnaire,CIQGAD_B,Mental Health - Generalized Anxiety Disorder,R5,"OFF-DAG: no path to outcome, not a confounder",drop,judgement,https://wwwn.cdc.gov/Nchs/Data/Nhanes/Public/2001/DataFiles/CIQGAD_B.xpt
2001-2002,Questionnaire,CIQPAN_B,Mental Health - Panic Disorder,R5,"OFF-DAG: no path to outcome, not a confounder",drop,judgement,https://wwwn.cdc.gov/Nchs/Data/Nhanes/Public/2001/DataFiles/CIQPAN_B.xpt
2001-2002,Questionnaire,MPQ_B,Miscellaneous Pain,R5,"OFF-DAG: no path to outcome, not a confounder",drop,judgement,https://wwwn.cdc.gov/Nchs/Data/Nhanes/Public/2001/DataFiles/MPQ_B.xpt
2001-2002,Questionnaire,OCQ_B,Occupation,R5,"OFF-DAG: no path to outcome, not a confounder",drop,judgement,https://wwwn.cdc.gov/Nchs/Data/Nhanes/Public/2001/DataFiles/OCQ_B.xpt
2001-2002,Questionnaire,OHQ_B,Oral Health,R5,"OFF-DAG: no path to outcome, not a confounder",drop,judgement,https://wwwn.cdc.gov/Nchs/Data/Nhanes/Public/2001/DataFiles/OHQ_B.xpt
2001-2002,Questionnaire,OSQ_B,Osteoporosis,R5,"OFF-DAG: no path to outcome, not a confounder",drop,judgement,https://wwwn.cdc.gov/Nchs/Data/Nhanes/Public/2001/DataFiles/OSQ_B.xpt
2001-2002,Questionnaire,PUQ_B,Pesticide Use,R5,"OFF-DAG: no path to outcome, not a confounder",drop,judgement,https://wwwn.cdc.gov/Nchs/Data/Nhanes/Public/2001/DataFiles/PUQ_B.xpt
2001-2002,Questionnaire,PAQ_B,Physical Activity,KEEP,whitelist: physical_activity,keep,judgement,https://wwwn.cdc.gov/Nchs/Data/Nhanes/Public/2001/DataFiles/PAQ_B.xpt
2001-2002,Questionnaire,PAQIAF_B,Physical Activity - Individual Activities,R1,UNIT: not person-level,drop,mechanical,https://wwwn.cdc.gov/Nchs/Data/Nhanes/Public/2001/DataFiles/PAQIAF_B.xpt
2001-2002,Questionnaire,PFQ_B,Physical Functioning,R5,"OFF-DAG: no path to outcome, not a confounder",drop,judgement,https://wwwn.cdc.gov/Nchs/Data/Nhanes/Public/2001/DataFiles/PFQ_B.xpt
2001-2002,Questionnaire,RXQ_RX_B,Prescription Medications,KEEP,whitelist: prescription_meds,keep,judgement,https://wwwn.cdc.gov/Nchs/Data/Nhanes/Public/2001/DataFiles/RXQ_RX_B.xpt
2001-2002,Questionnaire,RXQ_DRUG,Prescription Medications - Drug Information,R1,UNIT: not person-level,drop,mechanical,https://wwwn.cdc.gov/Nchs/Data/Nhanes/Public/1988/DataFiles/RXQ_DRUG.xpt
2001-2002,Questionnaire,KIQ_P_B,Prostate Conditions,R5,"OFF-DAG: no path to outcome, not a confounder",drop,judgement,https://wwwn.cdc.gov/Nchs/Data/Nhanes/Public/2001/DataFiles/KIQ_P_B.xpt
2001-2002,Questionnaire,RHQ_B,Reproductive Health,R5,"OFF-DAG: no path to outcome, not a confounder",drop,judgement,https://wwwn.cdc.gov/Nchs/Data/Nhanes/Public/2001/DataFiles/RHQ_B.xpt
2001-2002,Questionnaire,RDQ_B,Respiratory Health,R5,"OFF-DAG: no path to outcome, not a confounder",drop,judgement,https://wwwn.cdc.gov/Nchs/Data/Nhanes/Public/2001/DataFiles/RDQ_B.xpt
2001-2002,Questionnaire,SXQ_B,Sexual Behavior,R5,"OFF-DAG: no path to outcome, not a confounder",drop,judgement,https://wwwn.cdc.gov/Nchs/Data/Nhanes/Public/2001/DataFiles/SXQ_B.xpt
2001-2002,Questionnaire,SMQMEC_B,Smoking - Adult Recent Tobacco Use & Youth Cigarette/Tobacco Use,R2,POPULATION: youth/children only,drop,mechanical,https://wwwn.cdc.gov/Nchs/Data/Nhanes/Public/2001/DataFiles/SMQMEC_B.xpt
2001-2002,Questionnaire,SMQ_B,Smoking - Cigarette/Tobacco Use - Adult,KEEP,whitelist: smoking,keep,judgement,https://wwwn.cdc.gov/Nchs/Data/Nhanes/Public/2001/DataFiles/SMQ_B.xpt
2001-2002,Questionnaire,SMQFAM_B,Smoking - Household Smokers,R5,"OFF-DAG (considered): household smokers — secondhand exposure, not the participant's own smoking",drop,judgement,https://wwwn.cdc.gov/Nchs/Data/Nhanes/Public/2001/DataFiles/SMQFAM_B.xpt
2001-2002,Questionnaire,SSQ_B,Social Support,R3,"SURPLUS: subsample assay, no companion weight",drop,mechanical,https://wwwn.cdc.gov/Nchs/Data/Nhanes/Public/2001/DataFiles/SSQ_B.xpt
2001-2002,Questionnaire,VIQ_B,Vision,R5,"OFF-DAG: no path to outcome, not a confounder",drop,judgement,https://wwwn.cdc.gov/Nchs/Data/Nhanes/Public/2001/DataFiles/VIQ_B.xpt
2001-2002,Questionnaire,WHQ_B,Weight History,R5,"OFF-DAG: no path to outcome, not a confounder",drop,judgement,https://wwwn.cdc.gov/Nchs/Data/Nhanes/Public/2001/DataFiles/WHQ_B.xpt
2001-2002,LimitedAccess,,Bacterial vaginosis (BV) & Trichomonas vaginalis - Youth,R0,ACCESS: RDC application required,drop,mechanical,
2001-2002,LimitedAccess,,California - Demographic Variables & Sample Weights,R0,ACCESS: RDC application required,drop,mechanical,
2001-2002,LimitedAccess,,Chlamydia & Gonorrhea - Urine - Youth,R0,ACCESS: RDC application required,drop,mechanical,
2001-2002,LimitedAccess,,DNAm - Normalized and Pre-Processed,R0,ACCESS: RDC application required,drop,mechanical,
2001-2002,LimitedAccess,,Folate - Folic acid & 5-methyltetrahydrofolate - Serum (Surplus),R0,ACCESS: RDC application required,drop,mechanical,
2001-2002,LimitedAccess,,Folic Acid - Unmetabolized (Surplus),R0,ACCESS: RDC application required,drop,mechanical,
2001-2002,LimitedAccess,,"Geocoded Data, NHANES 1999-2016, Census 2000",R0,ACCESS: RDC application required,drop,mechanical,
2001-2002,LimitedAccess,,"Geocoded Data, NHANES 1999-2018, Census 2010",R0,ACCESS: RDC application required,drop,mechanical,
2001-2002,LimitedAccess,,"Geocoded Data, NHANES 1999-March 2020, Census 2020",R0,ACCESS: RDC application required,drop,mechanical,
2001-2002,LimitedAccess,,Helicobacter pylori (HP1),R0,ACCESS: RDC application required,drop,mechanical,
2001-2002,LimitedAccess,,"Helicobacter pylori (HP1), Second Exam",R0,ACCESS: RDC application required,drop,mechanical,
2001-2002,LimitedAccess,,Herpes Simplex Virus Type-2 - Youth,R0,ACCESS: RDC application required,drop,mechanical,
2001-2002,LimitedAccess,,"Los Angeles County, California - Demographic Variables & Sample Weights",R0,ACCESS: RDC application required,drop,mechanical,
2001-2002,LimitedAccess,,"Los Angeles County, California - Demographic Variables & Sample Weights",R0,ACCESS: RDC application required,drop,mechanical,
2001-2002,LimitedAccess,,Mental Health - Attention Deficit Disorder/Hyperactivity - Youth,R0,ACCESS: RDC application required,drop,mechanical,
2001-2002,LimitedAccess,,Mental Health - Conduct Disorder - Youth,R0,ACCESS: RDC application required,drop,mechanical,
2001-2002,LimitedAccess,,"Mental Health - Conduct Disorder - Youth, Parent Version",R0,ACCESS: RDC application required,drop,mechanical,
2001-2002,LimitedAccess,,Mental Health - Eating Disorders - Youth,R0,ACCESS: RDC application required,drop,mechanical,
2001-2002,LimitedAccess,,Mental Health - Elimination Disorders - Youth,R0,ACCESS: RDC application required,drop,mechanical,
2001-2002,LimitedAccess,,Mental Health - Generalized Anxiety Disorder - Youth,R0,ACCESS: RDC application required,drop,mechanical,
2001-2002,LimitedAccess,,Mental Health - Major Depression/Dysthymic Disorder - Youth,R0,ACCESS: RDC application required,drop,mechanical,
2001-2002,LimitedAccess,,Mental Health - Panic Disorder - Youth,R0,ACCESS: RDC application required,drop,mechanical,
2001-2002,LimitedAccess,,Mental Health Diagnostic Interview - Youth,R0,ACCESS: RDC application required,drop,mechanical,
2001-2002,LimitedAccess,,Sexual Behavior - Youth,R0,ACCESS: RDC application required,drop,mechanical,
2003-2004,Demographics,DEMO_C,Demographic Variables & Sample Weights,KEEP,whitelist: demographics,keep,judgement,https://wwwn.cdc.gov/Nchs/Data/Nhanes/Public/2003/DataFiles/DEMO_C.xpt
2003-2004,Dietary,DR1IFF_C,"Dietary Interview - Individual Foods, First Day",R1,UNIT: not person-level,drop,mechanical,https://wwwn.cdc.gov/Nchs/Data/Nhanes/Public/2003/DataFiles/DR1IFF_C.xpt
2003-2004,Dietary,DR2IFF_C,"Dietary Interview - Individual Foods, Second Day",R1,UNIT: not person-level,drop,mechanical,https://wwwn.cdc.gov/Nchs/Data/Nhanes/Public/2003/DataFiles/DR2IFF_C.xpt
2003-2004,Dietary,DR1TOT_C,"Dietary Interview - Total Nutrient Intakes, First Day",R4,DIET-FRAME: WTDRD1 frame + mediator in DAG,drop,mechanical,https://wwwn.cdc.gov/Nchs/Data/Nhanes/Public/2003/DataFiles/DR1TOT_C.xpt
2003-2004,Dietary,DR2TOT_C,"Dietary Interview - Total Nutrient Intakes, Second Day",R4,DIET-FRAME: WTDRD1 frame + mediator in DAG,drop,mechanical,https://wwwn.cdc.gov/Nchs/Data/Nhanes/Public/2003/DataFiles/DR2TOT_C.xpt
2003-2004,Dietary,DRXFCD_C,Dietary Interview Technical Support File - Food Codes,R1,UNIT: not person-level,drop,mechanical,https://wwwn.cdc.gov/Nchs/Data/Nhanes/Public/2003/DataFiles/DRXFCD_C.xpt
2003-2004,Dietary,DRXMCD_C,Dietary Interview Technical Support File - Modification Codes,R1,UNIT: not person-level,drop,mechanical,https://wwwn.cdc.gov/Nchs/Data/Nhanes/Public/2003/DataFiles/DRXMCD_C.xpt
2003-2004,Dietary,DSBI,Dietary Supplement Database - Blend Information,R1,UNIT: not person-level,drop,mechanical,https://wwwn.cdc.gov/Nchs/Data/Nhanes/Public/1999/DataFiles/DSBI.xpt
2003-2004,Dietary,DSII,Dietary Supplement Database - Ingredient Information,R1,UNIT: not person-level,drop,mechanical,https://wwwn.cdc.gov/Nchs/Data/Nhanes/Public/1999/DataFiles/DSII.xpt
2003-2004,Dietary,DSPI,Dietary Supplement Database - Product Information,R1,UNIT: not person-level,drop,mechanical,https://wwwn.cdc.gov/Nchs/Data/Nhanes/Public/1999/DataFiles/DSPI.xpt
2003-2004,Dietary,DSQ1_C,"Dietary Supplement Use 30-Day - File 1, Supplement Counts",R4,DIET-FRAME: WTDRD1 frame + mediator in DAG,drop,mechanical,https://wwwn.cdc.gov/Nchs/Data/Nhanes/Public/2003/DataFiles/DSQ1_C.xpt
2003-2004,Dietary,DSQ2_C,"Dietary Supplement Use 30-Day - File 2, Participant's Use of Supplements",R4,DIET-FRAME: WTDRD1 frame + mediator in DAG,drop,mechanical,https://wwwn.cdc.gov/Nchs/Data/Nhanes/Public/2003/DataFiles/DSQ2_C.xpt
2003-2004,Dietary,FOODLK_C,Food Frequency Questionnaire - Look-Up Table FOODLOOK,R4,DIET-FRAME: WTDRD1 frame + mediator in DAG,drop,mechanical,https://wwwn.cdc.gov/Nchs/Data/Nhanes/Public/2003/DataFiles/FOODLK_C.xpt
2003-2004,Dietary,VARLK_C,Food Frequency Questionnaire - Look-Up Table VARLOOK,R4,DIET-FRAME: WTDRD1 frame + mediator in DAG,drop,mechanical,https://wwwn.cdc.gov/Nchs/Data/Nhanes/Public/2003/DataFiles/VARLK_C.xpt
2003-2004,Dietary,FFQDC_C,Food Frequency Questionnaire - Output from DietCalc Software,R4,DIET-FRAME: WTDRD1 frame + mediator in DAG,drop,mechanical,https://wwwn.cdc.gov/Nchs/Data/Nhanes/Public/2003/DataFiles/FFQDC_C.xpt
2003-2004,Dietary,FFQRAW_C,Food Frequency Questionnaire - Raw Questionnaire Responses,R4,DIET-FRAME: WTDRD1 frame + mediator in DAG,drop,mechanical,https://wwwn.cdc.gov/Nchs/Data/Nhanes/Public/2003/DataFiles/FFQRAW_C.xpt
2003-2004,Examination,AUX_C,Audiometry,R5,"OFF-DAG: no path to outcome, not a confounder",drop,judgement,https://wwwn.cdc.gov/Nchs/Data/Nhanes/Public/2003/DataFiles/AUX_C.xpt
2003-2004,Examination,AUXAR_C,Audiometry - Acoustic Reflex,R5,"OFF-DAG: no path to outcome, not a confounder",drop,judgement,https://wwwn.cdc.gov/Nchs/Data/Nhanes/Public/2003/DataFiles/AUXAR_C.xpt
2003-2004,Examination,AUXTYM_C,Audiometry - Tympanometry,R5,"OFF-DAG: no path to outcome, not a confounder",drop,judgement,https://wwwn.cdc.gov/Nchs/Data/Nhanes/Public/2003/DataFiles/AUXTYM_C.xpt
2003-2004,Examination,BAX_C,Balance,R5,"OFF-DAG: no path to outcome, not a confounder",drop,judgement,https://wwwn.cdc.gov/Nchs/Data/Nhanes/Public/2003/DataFiles/BAX_C.xpt
2003-2004,Examination,BIX_C,Bioelectrical Impedance Analysis,R5,"OFF-DAG: no path to outcome, not a confounder",drop,judgement,https://wwwn.cdc.gov/Nchs/Data/Nhanes/Public/2003/DataFiles/BIX_C.xpt
2003-2004,Examination,BPX_C,Blood Pressure,KEEP,whitelist: blood_pressure_exam,keep,judgement,https://wwwn.cdc.gov/Nchs/Data/Nhanes/Public/2003/DataFiles/BPX_C.xpt
2003-2004,Examination,BMX_C,Body Measures,KEEP,whitelist: body_measures,keep,judgement,https://wwwn.cdc.gov/Nchs/Data/Nhanes/Public/2003/DataFiles/BMX_C.xpt
2003-2004,Examination,CVX_C,Cardiovascular Fitness,R5,"OFF-DAG (considered): cardiovascular FITNESS (treadmill test), not CVD history — different construct",drop,judgement,https://wwwn.cdc.gov/Nchs/Data/Nhanes/Public/2003/DataFiles/CVX_C.xpt
2003-2004,Examination,DEX_C,Dermatology,R5,"OFF-DAG: no path to outcome, not a confounder",drop,judgement,https://wwwn.cdc.gov/Nchs/Data/Nhanes/Public/2003/DataFiles/DEX_C.xpt
2003-2004,Examination,DXXAG_C,Dual Energy X-ray Absorptiometry - Android/Gynoid,R5,"OFF-DAG: no path to outcome, not a confounder",drop,judgement,https://wwwn.cdc.gov/Nchs/Data/Nhanes/Public/2003/DataFiles/DXXAG_C.xpt
2003-2004,Examination,DXA,Dual-Energy X-ray Absorptiometry - Whole Body,R5,"OFF-DAG: no path to outcome, not a confounder",drop,judgement,https://wwwn.cdc.gov/Nchs/Nhanes/Dxa/Dxa.aspx
2003-2004,Examination,LEXAB_C,Lower Extremity Disease - Ankle Brachial Blood Pressure Index,R5,"OFF-DAG: no path to outcome, not a confounder",drop,judgement,https://wwwn.cdc.gov/Nchs/Data/Nhanes/Public/2003/DataFiles/LEXAB_C.xpt
2003-2004,Examination,LEXPN_C,Lower Extremity Disease - Peripheral Neuropathy,R5,"OFF-DAG: no path to outcome, not a confounder",drop,judgement,https://wwwn.cdc.gov/Nchs/Data/Nhanes/Public/2003/DataFiles/LEXPN_C.xpt
2003-2004,Examination,OHXADD_C,Oral Health - Addendum,R5,"OFF-DAG: no path to outcome, not a confounder",drop,judgement,https://wwwn.cdc.gov/Nchs/Data/Nhanes/Public/2003/DataFiles/OHXADD_C.xpt
2003-2004,Examination,OHXDEN_C,Oral Health - Dentition,R5,"OFF-DAG: no path to outcome, not a confounder",drop,judgement,https://wwwn.cdc.gov/Nchs/Data/Nhanes/Public/2003/DataFiles/OHXDEN_C.xpt
2003-2004,Examination,OHXPRL_C,Oral Health - Periodontal/Lower,R5,"OFF-DAG: no path to outcome, not a confounder",drop,judgement,https://wwwn.cdc.gov/Nchs/Data/Nhanes/Public/2003/DataFiles/OHXPRL_C.xpt
2003-2004,Examination,OHXPRU_C,Oral Health - Periodontal/Upper,R5,"OFF-DAG: no path to outcome, not a confounder",drop,judgement,https://wwwn.cdc.gov/Nchs/Data/Nhanes/Public/2003/DataFiles/OHXPRU_C.xpt
2003-2004,Examination,OHXREF_C,Oral Health - Recommendation of Care,R5,"OFF-DAG: no path to outcome, not a confounder",drop,judgement,https://wwwn.cdc.gov/Nchs/Data/Nhanes/Public/2003/DataFiles/OHXREF_C.xpt
2003-2004,Examination,PAXRAW_C,Physical Activity Monitor,R1,UNIT: not person-level,drop,mechanical,https://wwwn.cdc.gov/Nchs/Data/Nhanes/Public/2003/DataFiles/PAXRAW_C.zip
2003-2004,Examination,VIX_C,Vision,R5,"OFF-DAG: no path to outcome, not a confounder",drop,judgement,https://wwwn.cdc.gov/Nchs/Data/Nhanes/Public/2003/DataFiles/VIX_C.xpt
2003-2004,Laboratory,L06AGE_C,Acrylamide & Glycidamide,R5,"OFF-DAG: no path to outcome, not a confounder",drop,judgement,https://wwwn.cdc.gov/Nchs/Data/Nhanes/Public/2003/DataFiles/L06AGE_C.xpt
2003-2004,Laboratory,L16_C,Albumin & Creatinine - Urine,KEEP,whitelist: urine_albumin_creat,keep,judgement,https://wwwn.cdc.gov/Nchs/Data/Nhanes/Public/2003/DataFiles/L16_C.xpt
2003-2004,Laboratory,SSAMH_C,Anti-Mullerian Hormone (AMH) & Inhibin-B (Surplus),R3,"SURPLUS: subsample assay, no companion weight",drop,mechanical,https://wwwn.cdc.gov/Nchs/Data/Nhanes/Public/2003/DataFiles/SSAMH_C.xpt
2003-2004,Laboratory,L06UAS_C,Arsenics - Total & Speciated - Urine,R5,"OFF-DAG: no path to outcome, not a confounder",drop,judgement,https://wwwn.cdc.gov/Nchs/Data/Nhanes/Public/2003/DataFiles/L06UAS_C.xpt
2003-2004,Laboratory,SSDFS_A,Autoantibodies - Anti-DFS70 Autoantibody Analyses (Surplus),R3,"SURPLUS: subsample assay, no companion weight",drop,mechanical,https://wwwn.cdc.gov/Nchs/Data/Nhanes/Public/1999/DataFiles/SSDFS_A.xpt
2003-2004,Laboratory,SSANA_A,Autoantibodies - Immunofluorescence & Immunoprecipitation Analyses (Surplus),R3,"SURPLUS: subsample assay, no companion weight",drop,mechanical,https://wwwn.cdc.gov/Nchs/Data/Nhanes/Public/1999/DataFiles/SSANA_A.xpt
2003-2004,Laboratory,SSANA2_A,Autoantibodies - Immunofluorescence Analyses (Surplus),R3,"SURPLUS: subsample assay, no companion weight",drop,mechanical,https://wwwn.cdc.gov/Nchs/Data/Nhanes/Public/1999/DataFiles/SSANA2_A.xpt
2003-2004,Laboratory,L34_C,Bacterial vaginosis (BV) & Trichomonas vaginalis,R5,"OFF-DAG: no path to outcome, not a confounder",drop,judgement,https://wwwn.cdc.gov/Nchs/Data/Nhanes/Public/2003/DataFiles/L34_C.xpt
2003-2004,Laboratory,L28PBE_C,Brominated Flame Retardants (BFRs),R5,"OFF-DAG: no path to outcome, not a confounder",drop,judgement,https://wwwn.cdc.gov/Nchs/Data/Nhanes/Public/2003/DataFiles/L28PBE_C.xpt
2003-2004,Laboratory,L06BMT_C,"Cadmium, Lead, & Total Mercury - Blood",R5,"OFF-DAG: no path to outcome, not a confounder",drop,judgement,https://wwwn.cdc.gov/Nchs/Data/Nhanes/Public/2003/DataFiles/L06BMT_C.xpt
2003-2004,Laboratory,L05_C,Chlamydia & Gonorrhea - Urine,R5,"OFF-DAG: no path to outcome, not a confounder",drop,judgement,https://wwwn.cdc.gov/Nchs/Data/Nhanes/Public/2003/DataFiles/L05_C.xpt
2003-2004,Laboratory,L13AM_C,Cholesterol - LDL & Triglycerides,KEEP,whitelist: cholesterol_ldl_trig,keep,judgement,https://wwwn.cdc.gov/Nchs/Data/Nhanes/Public/2003/DataFiles/L13AM_C.xpt
2003-2004,Laboratory,L13_C,Cholesterol - Total & HDL,KEEP,whitelist: cholesterol_total_hdl,keep,judgement,https://wwwn.cdc.gov/Nchs/Data/Nhanes/Public/2003/DataFiles/L13_C.xpt
2003-2004,Laboratory,L25_C,Complete Blood Count with 5-part Differential - Whole Blood,R5,"OFF-DAG: no path to outcome, not a confounder",drop,judgement,https://wwwn.cdc.gov/Nchs/Data/Nhanes/Public/2003/DataFiles/L25_C.xpt
2003-2004,Laboratory,L06COT_C,Cotinine - Serum,R5,"OFF-DAG: no path to outcome, not a confounder",drop,judgement,https://wwwn.cdc.gov/Nchs/Data/Nhanes/Public/2003/DataFiles/L06COT_C.xpt
2003-2004,Laboratory,SSQFEV_C,Coxiella Burnetii (Q Fever) Antibodies - Serum (Surplus),R3,"SURPLUS: subsample assay, no companion weight",drop,mechanical,https://wwwn.cdc.gov/Nchs/Data/Nhanes/Public/2003/DataFiles/SSQFEV_C.xpt
2003-2004,Laboratory,L11_C,"C-Reactive Protein (CRP), Bone Alkaline Phosphatase (BAP) & Parathyroid Hormone (PTH)",R5,"OFF-DAG: no path to outcome, not a confounder",drop,judgement,https://wwwn.cdc.gov/Nchs/Data/Nhanes/Public/2003/DataFiles/L11_C.xpt
2003-2004,Laboratory,SSCMV_C,Cytomegalovirus Antibodies - Serum (Surplus),R3,"SURPLUS: subsample assay, no companion weight",drop,mechanical,https://wwwn.cdc.gov/Nchs/Data/Nhanes/Public/2003/DataFiles/SSCMV_C.xpt
2003-2004,Laboratory,SSCMVG_A,Cytomegalovirus Genotypes - Urine (Surplus),R3,"SURPLUS: subsample assay, no companion weight",drop,mechanical,https://wwwn.cdc.gov/Nchs/Data/Nhanes/Public/1999/DataFiles/SSCMVG_A.xpt
2003-2004,Laboratory,SSUCSH_A,Cytomegalovirus shedding - Urine (Surplus),R3,"SURPLUS: subsample assay, no companion weight",drop,mechanical,https://wwwn.cdc.gov/Nchs/Data/Nhanes/Public/1999/DataFiles/SSUCSH_A.xpt
2003-2004,Laboratory,L28DFP_C,"Dioxins, Furans, & Coplanar PCBs",R5,"OFF-DAG: no path to outcome, not a confounder",drop,judgement,https://wwwn.cdc.gov/Nchs/Data/Nhanes/Public/2003/DataFiles/L28DFP_C.xpt
2003-2004,Laboratory,L24EPH_C,Environmental Phenols,R5,"OFF-DAG: no path to outcome, not a confounder",drop,judgement,https://wwwn.cdc.gov/Nchs/Data/Nhanes/Public/2003/DataFiles/L24EPH_C.xpt
2003-2004,Laboratory,SSEBV_C,Epstein-Barr Virus (VCA IgG) - Serum (Surplus),R3,"SURPLUS: subsample assay, no companion weight",drop,mechanical,https://wwwn.cdc.gov/Nchs/Data/Nhanes/Public/2003/DataFiles/SSEBV_C.xpt
2003-2004,Laboratory,L39EPP_C,Erythrocyte Protoporphyrin & Selenium,R5,"OFF-DAG: no path to outcome, not a confounder",drop,judgement,https://wwwn.cdc.gov/Nchs/Data/Nhanes/Public/2003/DataFiles/L39EPP_C.xpt
2003-2004,Laboratory,PH_C,Fasting Questionnaire,R5,"OFF-DAG: no path to outcome, not a confounder",drop,judgement,https://wwwn.cdc.gov/Nchs/Data/Nhanes/Public/2003/DataFiles/PH_C.xpt
2003-2004,Laboratory,SSFA_C,Fatty Acids - Plasma (Surplus),R3,"SURPLUS: subsample assay, no companion weight",drop,mechanical,https://wwwn.cdc.gov/Nchs/Data/Nhanes/Public/2003/DataFiles/SSFA_C.xpt
2003-2004,Laboratory,L06TFR_C,Ferritin & Transferrin Receptor,R5,"OFF-DAG: no path to outcome, not a confounder",drop,judgement,https://wwwn.cdc.gov/Nchs/Data/Nhanes/Public/2003/DataFiles/L06TFR_C.xpt
2003-2004,Laboratory,L06NB_C,"Folate - RBC & Serum, and Vitamin B12",R5,"OFF-DAG: no path to outcome, not a confounder",drop,judgement,https://wwwn.cdc.gov/Nchs/Data/Nhanes/Public/2003/DataFiles/L06NB_C.xpt
2003-2004,Laboratory,SSCARD_A,"Glycated albumin, Beta-2 Microglobulin, Cystatin C (Surplus)",R3,"SURPLUS: subsample assay, no companion weight",drop,mechanical,https://wwwn.cdc.gov/Nchs/Data/Nhanes/Public/1999/DataFiles/SSCARD_A.xpt
2003-2004,Laboratory,L10_C,Glycohemoglobin,KEEP,whitelist: glycohemoglobin,keep,judgement,https://wwwn.cdc.gov/Nchs/Data/Nhanes/Public/2003/DataFiles/L10_C.xpt
2003-2004,Laboratory,L02HPA_C,Hepatitis A Antibody,R5,"OFF-DAG: no path to outcome, not a confounder",drop,judgement,https://wwwn.cdc.gov/Nchs/Data/Nhanes/Public/2003/DataFiles/L02HPA_C.xpt
2003-2004,Laboratory,L02HBS_C,Hepatitis B Surface Antibody,R5,"OFF-DAG: no path to outcome, not a confounder",drop,judgement,https://wwwn.cdc.gov/Nchs/Data/Nhanes/Public/2003/DataFiles/L02HBS_C.xpt
2003-2004,Laboratory,L02_C,Hepatitis B: Core Antibody & Surface Antigen; Hepatitis C: Confirmed Antibody & RNA (HCV-RNA); Hepatitis D Antibody,R5,"OFF-DAG: no path to outcome, not a confounder",drop,judgement,https://wwwn.cdc.gov/Nchs/Data/Nhanes/Public/2003/DataFiles/L02_C.xpt
2003-2004,Laboratory,SSHCVR_C,Hepatitis C RNA (HCV-RNA) & HCV Genotype (Surplus),R3,"SURPLUS: subsample assay, no companion weight",drop,mechanical,https://wwwn.cdc.gov/Nchs/Data/Nhanes/Public/2003/DataFiles/SSHCVR_C.xpt
2003-2004,Laboratory,L09_C,Herpes Simplex Virus Type-1 & Type-2,R5,"OFF-DAG: no path to outcome, not a confounder",drop,judgement,https://wwwn.cdc.gov/Nchs/Data/Nhanes/Public/2003/DataFiles/L09_C.xpt
2003-2004,Laboratory,SSTROP_A,High-sensitivity cardiac troponins (Surplus),R3,"SURPLUS: subsample assay, no companion weight",drop,mechanical,https://wwwn.cdc.gov/Nchs/Data/Nhanes/Public/1999/DataFiles/SSTROP_A.xpt
2003-2004,Laboratory,L03_C,"HIV Antibody Test, CD4+ T Lymphocytes & CD8+ T Cells",R5,"OFF-DAG: no path to outcome, not a confounder",drop,judgement,https://wwwn.cdc.gov/Nchs/Data/Nhanes/Public/2003/DataFiles/L03_C.xpt
2003-2004,Laboratory,L52SER_C,"Human Papillomavirus (HPV) - 6, 11, 16 & 18 Antibody - Serum: 4-plex CLIA",R5,"OFF-DAG: no path to outcome, not a confounder",drop,judgement,https://wwwn.cdc.gov/Nchs/Data/Nhanes/Public/2003/DataFiles/L52SER_C.xpt
2003-2004,Laboratory,L37SWA_C,Human Papillomavirus (HPV) DNA - Vaginal Swab: Digene Hybrid Capture & Prototype Line Blot Assay,R5,"OFF-DAG: no path to outcome, not a confounder",drop,judgement,https://wwwn.cdc.gov/Nchs/Data/Nhanes/Public/2003/DataFiles/L37SWA_C.xpt
2003-2004,Laboratory,L37SWR_C,Human Papillomavirus (HPV) DNA - Vaginal Swab: Roche Linear Array,R5,"OFF-DAG: no path to outcome, not a confounder",drop,judgement,https://wwwn.cdc.gov/Nchs/Data/Nhanes/Public/2003/DataFiles/L37SWR_C.xpt
2003-2004,Laboratory,L06UIO_C,Iodine - Urine,R5,"OFF-DAG: no path to outcome, not a confounder",drop,judgement,https://wwwn.cdc.gov/Nchs/Data/Nhanes/Public/2003/DataFiles/L06UIO_C.xpt
2003-2004,Laboratory,L40FE_C,"Iron, Total Iron Binding Capacity (TIBC), & Transferrin Saturation",R5,"OFF-DAG: no path to outcome, not a confounder",drop,judgement,https://wwwn.cdc.gov/Nchs/Data/Nhanes/Public/2003/DataFiles/L40FE_C.xpt
2003-2004,Laboratory,L20_C,Lead - Dust,R5,"OFF-DAG: no path to outcome, not a confounder",drop,judgement,https://wwwn.cdc.gov/Nchs/Data/Nhanes/Public/2003/DataFiles/L20_C.xpt
2003-2004,Laboratory,L19_C,"Measles, Rubella, & Varicella",R5,"OFF-DAG: no path to outcome, not a confounder",drop,judgement,https://wwwn.cdc.gov/Nchs/Data/Nhanes/Public/2003/DataFiles/L19_C.xpt
2003-2004,Laboratory,SSMEL_C,Melamine - Urine (Surplus),R3,"SURPLUS: subsample assay, no companion weight",drop,mechanical,https://wwwn.cdc.gov/Nchs/Data/Nhanes/Public/2003/DataFiles/SSMEL_C.xpt
2003-2004,Laboratory,L06UHG_C,Mercury: Inorganic - Urine,R5,"OFF-DAG: no path to outcome, not a confounder",drop,judgement,https://wwwn.cdc.gov/Nchs/Data/Nhanes/Public/2003/DataFiles/L06UHG_C.xpt
2003-2004,Laboratory,L06HM_C,Metals - Urine,R5,"OFF-DAG: no path to outcome, not a confounder",drop,judgement,https://wwwn.cdc.gov/Nchs/Data/Nhanes/Public/2003/DataFiles/L06HM_C.xpt
2003-2004,Laboratory,L35_C,Methicillin - Resistant Staphylococcus aureus (MRSA),R5,"OFF-DAG: no path to outcome, not a confounder",drop,judgement,https://wwwn.cdc.gov/Nchs/Data/Nhanes/Public/2003/DataFiles/L35_C.xpt
2003-2004,Laboratory,L06MH_C,Methylmalonic acid & Homocysteine,R5,"OFF-DAG: no path to outcome, not a confounder",drop,judgement,https://wwwn.cdc.gov/Nchs/Data/Nhanes/Public/2003/DataFiles/L06MH_C.xpt
2003-2004,Laboratory,SSOL_C,Monoclonal gammopathy of undetermined significance (MGUS) (Surplus),R3,"SURPLUS: subsample assay, no companion weight",drop,mechanical,https://wwwn.cdc.gov/Nchs/Data/Nhanes/Public/2003/DataFiles/SSOL_C.xpt
2003-2004,Laboratory,SSMUMP_C,Mumps Antibody - Serum (Surplus),R3,"SURPLUS: subsample assay, no companion weight",drop,mechanical,https://wwwn.cdc.gov/Nchs/Data/Nhanes/Public/2003/DataFiles/SSMUMP_C.xpt
2003-2004,Laboratory,L28NPB_C,Non-dioxin-like Polychlorinated Biphenyls,R5,"OFF-DAG: no path to outcome, not a confounder",drop,judgement,https://wwwn.cdc.gov/Nchs/Data/Nhanes/Public/2003/DataFiles/L28NPB_C.xpt
2003-2004,Laboratory,SSNORO_C,Norovirus antibody - Serum,R3,"SURPLUS: subsample assay, no companion weight",drop,mechanical,https://wwwn.cdc.gov/Nchs/Data/Nhanes/Public/2003/DataFiles/SSNORO_C.xpt
2003-2004,Laboratory,SSBNP_A,N-terminal Pro-BNP (Surplus),R3,"SURPLUS: subsample assay, no companion weight",drop,mechanical,https://wwwn.cdc.gov/Nchs/Data/Nhanes/Public/1999/DataFiles/SSBNP_A.xpt
2003-2004,Laboratory,L26OPD_C,Organophosphate Insecticides - Diakyl Phosphate Metabolites - Urine,R5,"OFF-DAG: no path to outcome, not a confounder",drop,judgement,https://wwwn.cdc.gov/Nchs/Data/Nhanes/Public/2003/DataFiles/L26OPD_C.xpt
2003-2004,Laboratory,L04PER_C,Perchlorate - Urine,R5,"OFF-DAG: no path to outcome, not a confounder",drop,judgement,https://wwwn.cdc.gov/Nchs/Data/Nhanes/Public/2003/DataFiles/L04PER_C.xpt
2003-2004,Laboratory,L26UPP_C,"Pesticides - Current Use - Urine (Formerly Priority Pesticides, Non-persistent Pesticide Metabolites)",R5,"OFF-DAG: no path to outcome, not a confounder",drop,judgement,https://wwwn.cdc.gov/Nchs/Data/Nhanes/Public/2003/DataFiles/L26UPP_C.xpt
2003-2004,Laboratory,L24PP_C,Pesticides - Environmental - Urine,R5,"OFF-DAG: no path to outcome, not a confounder",drop,judgement,https://wwwn.cdc.gov/Nchs/Data/Nhanes/Public/2003/DataFiles/L24PP_C.xpt
2003-2004,Laboratory,L28OCP_C,Pesticides - Organochlorine Metabolites - Serum (Surplus),R3,"SURPLUS: subsample assay, no companion weight",drop,mechanical,https://wwwn.cdc.gov/Nchs/Data/Nhanes/Public/2003/DataFiles/L28OCP_C.xpt
2003-2004,Laboratory,L24PH_C,Phthalates - Urine,R5,"OFF-DAG: no path to outcome, not a confounder",drop,judgement,https://wwwn.cdc.gov/Nchs/Data/Nhanes/Public/2003/DataFiles/L24PH_C.xpt
2003-2004,Laboratory,L06PHY_C,Phytoestrogens - Urine,R5,"OFF-DAG: no path to outcome, not a confounder",drop,judgement,https://wwwn.cdc.gov/Nchs/Data/Nhanes/Public/2003/DataFiles/L06PHY_C.xpt
2003-2004,Laboratory,L10AM_C,"Plasma Fasting Glucose, Serum C-peptide & Insulin",KEEP,whitelist: fasting_glucose,keep,judgement,https://wwwn.cdc.gov/Nchs/Data/Nhanes/Public/2003/DataFiles/L10AM_C.xpt
2003-2004,Laboratory,L31PAH_C,Polyaromatic Hydrocarbons (PAHs) - Urine,R5,"OFF-DAG: no path to outcome, not a confounder",drop,judgement,https://wwwn.cdc.gov/Nchs/Data/Nhanes/Public/2003/DataFiles/L31PAH_C.xpt
2003-2004,Laboratory,L24PFC_C,Polyfluoroalkyl Chemicals,R5,"OFF-DAG: no path to outcome, not a confounder",drop,judgement,https://wwwn.cdc.gov/Nchs/Data/Nhanes/Public/2003/DataFiles/L24PFC_C.xpt
2003-2004,Laboratory,UC_C,Pregnancy Test - Urine,R5,"OFF-DAG: no path to outcome, not a confounder",drop,judgement,https://wwwn.cdc.gov/Nchs/Data/Nhanes/Public/2003/DataFiles/UC_C.xpt
2003-2004,Laboratory,L11PSA_C,Prostate Specific Antigen (PSA),R5,"OFF-DAG: no path to outcome, not a confounder",drop,judgement,https://wwwn.cdc.gov/Nchs/Data/Nhanes/Public/2003/DataFiles/L11PSA_C.xpt
2003-2004,Laboratory,SSCHL_C,Sex Steroid Hormone - Men (Surplus),R3,"SURPLUS: subsample assay, no companion weight",drop,mechanical,https://wwwn.cdc.gov/Nchs/Data/Nhanes/Public/2003/DataFiles/SSCHL_C.xpt
2003-2004,Laboratory,L40_C,Standard Biochemistry Profile,KEEP,whitelist: biochemistry,keep,judgement,https://wwwn.cdc.gov/Nchs/Data/Nhanes/Public/2003/DataFiles/L40_C.xpt
2003-2004,Laboratory,L36_C,"Syphilis-IgG, Syphilis Rapid Plasma Reagin (RPR) & Treponema pallidum Particle Agglutination (TP-PA)",R5,"OFF-DAG: no path to outcome, not a confounder",drop,judgement,https://wwwn.cdc.gov/Nchs/Data/Nhanes/Public/2003/DataFiles/L36_C.xpt
2003-2004,Laboratory,L17_C,Toxoplasma (IgG) & Toxoplasma (IgM),R5,"OFF-DAG: no path to outcome, not a confounder",drop,judgement,https://wwwn.cdc.gov/Nchs/Data/Nhanes/Public/2003/DataFiles/L17_C.xpt
2003-2004,Laboratory,SSVARI_C,Varicella-Zoster Virus Antibody (Surplus),R3,"SURPLUS: subsample assay, no companion weight",drop,mechanical,https://wwwn.cdc.gov/Nchs/Data/Nhanes/Public/2003/DataFiles/SSVARI_C.xpt
2003-2004,Laboratory,L45VIT_C,"Vitamin A, Vitamin E & Carotenoids",R5,"OFF-DAG: no path to outcome, not a confounder",drop,judgement,https://wwwn.cdc.gov/Nchs/Data/Nhanes/Public/2003/DataFiles/L45VIT_C.xpt
2003-2004,Laboratory,L43_C,Vitamin B6,R5,"OFF-DAG: no path to outcome, not a confounder",drop,judgement,https://wwwn.cdc.gov/Nchs/Data/Nhanes/Public/2003/DataFiles/L43_C.xpt
2003-2004,Laboratory,L06VIT_C,Vitamin C,R5,"OFF-DAG: no path to outcome, not a confounder",drop,judgement,https://wwwn.cdc.gov/Nchs/Data/Nhanes/Public/2003/DataFiles/L06VIT_C.xpt
2003-2004,Laboratory,,Vitamin D,R0,ACCESS: RDC application required,drop,mechanical,
2003-2004,Laboratory,L04VOC_C,"Volatile Organic Compounds - Blood, Water, & Related Questionnaire Items",R5,"OFF-DAG: no path to outcome, not a confounder",drop,judgement,https://wwwn.cdc.gov/Nchs/Data/Nhanes/Public/2003/DataFiles/L04VOC_C.xpt
2003-2004,Questionnaire,ACQ_C,Acculturation,R5,"OFF-DAG: no path to outcome, not a confounder",drop,judgement,https://wwwn.cdc.gov/Nchs/Data/Nhanes/Public/2003/DataFiles/ACQ_C.xpt
2003-2004,Questionnaire,ALQ_C,Alcohol Use,KEEP,whitelist: alcohol,keep,judgement,https://wwwn.cdc.gov/Nchs/Data/Nhanes/Public/2003/DataFiles/ALQ_C.xpt
2003-2004,Questionnaire,RXQANA_C,Analgesic Pain Relievers,R5,"OFF-DAG: no path to outcome, not a confounder",drop,judgement,https://wwwn.cdc.gov/Nchs/Data/Nhanes/Public/2003/DataFiles/RXQANA_C.xpt
2003-2004,Questionnaire,AUQ_C,Audiometry,R5,"OFF-DAG: no path to outcome, not a confounder",drop,judgement,https://wwwn.cdc.gov/Nchs/Data/Nhanes/Public/2003/DataFiles/AUQ_C.xpt
2003-2004,Questionnaire,BAQ_C,Balance,R5,"OFF-DAG: no path to outcome, not a confounder",drop,judgement,https://wwwn.cdc.gov/Nchs/Data/Nhanes/Public/2003/DataFiles/BAQ_C.xpt
2003-2004,Questionnaire,BPQ_C,Blood Pressure & Cholesterol,KEEP,whitelist: blood_pressure_quex,keep,judgement,https://wwwn.cdc.gov/Nchs/Data/Nhanes/Public/2003/DataFiles/BPQ_C.xpt
2003-2004,Questionnaire,CDQ_C,Cardiovascular Health,KEEP,whitelist: cardiovascular_health,keep,judgement,https://wwwn.cdc.gov/Nchs/Data/Nhanes/Public/2003/DataFiles/CDQ_C.xpt
2003-2004,Questionnaire,HSQ_C,Current Health Status,R5,"OFF-DAG: no path to outcome, not a confounder",drop,judgement,https://wwwn.cdc.gov/Nchs/Data/Nhanes/Public/2003/DataFiles/HSQ_C.xpt
2003-2004,Questionnaire,DEQ_C,Dermatology,R5,"OFF-DAG: no path to outcome, not a confounder",drop,judgement,https://wwwn.cdc.gov/Nchs/Data/Nhanes/Public/2003/DataFiles/DEQ_C.xpt
2003-2004,Questionnaire,DIQ_C,Diabetes,KEEP,whitelist: diabetes_quex,keep,judgement,https://wwwn.cdc.gov/Nchs/Data/Nhanes/Public/2003/DataFiles/DIQ_C.xpt
2003-2004,Questionnaire,DBQ_C,Diet Behavior & Nutrition,R5,"OFF-DAG: no path to outcome, not a confounder",drop,judgement,https://wwwn.cdc.gov/Nchs/Data/Nhanes/Public/2003/DataFiles/DBQ_C.xpt
2003-2004,Questionnaire,DUQ_C,Drug Use,R5,"OFF-DAG: no path to outcome, not a confounder",drop,judgement,https://wwwn.cdc.gov/Nchs/Data/Nhanes/Public/2003/DataFiles/DUQ_C.xpt
2003-2004,Questionnaire,ECQ_C,Early Childhood,R5,"OFF-DAG: no path to outcome, not a confounder",drop,judgement,https://wwwn.cdc.gov/Nchs/Data/Nhanes/Public/2003/DataFiles/ECQ_C.xpt
2003-2004,Questionnaire,FSQ_C,Food Security,R5,"OFF-DAG: no path to outcome, not a confounder",drop,judgement,https://wwwn.cdc.gov/Nchs/Data/Nhanes/Public/2003/DataFiles/FSQ_C.xpt
2003-2004,Questionnaire,HIQ_C,Health Insurance,KEEP,whitelist: health_insurance,keep,judgement,https://wwwn.cdc.gov/Nchs/Data/Nhanes/Public/2003/DataFiles/HIQ_C.xpt
2003-2004,Questionnaire,HCQ_C,Hepatitis C Follow Up,R5,"OFF-DAG: no path to outcome, not a confounder",drop,judgement,https://wwwn.cdc.gov/Nchs/Data/Nhanes/Public/2003/DataFiles/HCQ_C.xpt
2003-2004,Questionnaire,HUQ_C,Hospital Utilization & Access to Care,R5,"OFF-DAG: no path to outcome, not a confounder",drop,judgement,https://wwwn.cdc.gov/Nchs/Data/Nhanes/Public/2003/DataFiles/HUQ_C.xpt
2003-2004,Questionnaire,HOQ_C,Housing Characteristics,R5,"OFF-DAG: no path to outcome, not a confounder",drop,judgement,https://wwwn.cdc.gov/Nchs/Data/Nhanes/Public/2003/DataFiles/HOQ_C.xpt
2003-2004,Questionnaire,IMQ_C,Immunization,R5,"OFF-DAG: no path to outcome, not a confounder",drop,judgement,https://wwwn.cdc.gov/Nchs/Data/Nhanes/Public/2003/DataFiles/IMQ_C.xpt
2003-2004,Questionnaire,KIQ_U_C,Kidney Conditions - Urology,KEEP,whitelist: kidney_quex,keep,judgement,https://wwwn.cdc.gov/Nchs/Data/Nhanes/Public/2003/DataFiles/KIQ_U_C.xpt
2003-2004,Questionnaire,MCQ_C,Medical Conditions,KEEP,whitelist: medical_conditions,keep,judgement,https://wwwn.cdc.gov/Nchs/Data/Nhanes/Public/2003/DataFiles/MCQ_C.xpt
2003-2004,Questionnaire,CIQDEP_C,Mental Health - Depression,R5,"OFF-DAG: no path to outcome, not a confounder",drop,judgement,https://wwwn.cdc.gov/Nchs/Data/Nhanes/Public/2003/DataFiles/CIQDEP_C.xpt
2003-2004,Questionnaire,CIQGAD_C,Mental Health - Generalized Anxiety Disorder,R5,"OFF-DAG: no path to outcome, not a confounder",drop,judgement,https://wwwn.cdc.gov/Nchs/Data/Nhanes/Public/2003/DataFiles/CIQGAD_C.xpt
2003-2004,Questionnaire,CIQPAN_C,Mental Health - Panic Disorder,R5,"OFF-DAG: no path to outcome, not a confounder",drop,judgement,https://wwwn.cdc.gov/Nchs/Data/Nhanes/Public/2003/DataFiles/CIQPAN_C.xpt
2003-2004,Questionnaire,MPQ_C,Miscellaneous Pain,R5,"OFF-DAG: no path to outcome, not a confounder",drop,judgement,https://wwwn.cdc.gov/Nchs/Data/Nhanes/Public/2003/DataFiles/MPQ_C.xpt
2003-2004,Questionnaire,OCQ_C,Occupation,R5,"OFF-DAG: no path to outcome, not a confounder",drop,judgement,https://wwwn.cdc.gov/Nchs/Data/Nhanes/Public/2003/DataFiles/OCQ_C.xpt
2003-2004,Questionnaire,OHQ_C,Oral Health,R5,"OFF-DAG: no path to outcome, not a confounder",drop,judgement,https://wwwn.cdc.gov/Nchs/Data/Nhanes/Public/2003/DataFiles/OHQ_C.xpt
2003-2004,Questionnaire,OSQ_C,Osteoporosis,R5,"OFF-DAG: no path to outcome, not a confounder",drop,judgement,https://wwwn.cdc.gov/Nchs/Data/Nhanes/Public/2003/DataFiles/OSQ_C.xpt
2003-2004,Questionnaire,PUQ_C,Pesticide Use,R5,"OFF-DAG: no path to outcome, not a confounder",drop,judgement,https://wwwn.cdc.gov/Nchs/Data/Nhanes/Public/2003/DataFiles/PUQ_C.xpt
2003-2004,Questionnaire,PAQ_C,Physical Activity,KEEP,whitelist: physical_activity,keep,judgement,https://wwwn.cdc.gov/Nchs/Data/Nhanes/Public/2003/DataFiles/PAQ_C.xpt
2003-2004,Questionnaire,PAQIAF_C,Physical Activity - Individual Activities,R1,UNIT: not person-level,drop,mechanical,https://wwwn.cdc.gov/Nchs/Data/Nhanes/Public/2003/DataFiles/PAQIAF_C.xpt
2003-2004,Questionnaire,PFQ_C,Physical Functioning,R5,"OFF-DAG: no path to outcome, not a confounder",drop,judgement,https://wwwn.cdc.gov/Nchs/Data/Nhanes/Public/2003/DataFiles/PFQ_C.xpt
2003-2004,Questionnaire,RXQ_RX_C,Prescription Medications,KEEP,whitelist: prescription_meds,keep,judgement,https://wwwn.cdc.gov/Nchs/Data/Nhanes/Public/2003/DataFiles/RXQ_RX_C.xpt
2003-2004,Questionnaire,RXQ_DRUG,Prescription Medications - Drug Information,R1,UNIT: not person-level,drop,mechanical,https://wwwn.cdc.gov/Nchs/Data/Nhanes/Public/1988/DataFiles/RXQ_DRUG.xpt
2003-2004,Questionnaire,KIQ_P_C,Prostate Conditions,R5,"OFF-DAG: no path to outcome, not a confounder",drop,judgement,https://wwwn.cdc.gov/Nchs/Data/Nhanes/Public/2003/DataFiles/KIQ_P_C.xpt
2003-2004,Questionnaire,PSQ_C,Prostate Specific Antigen Follow-up,R5,"OFF-DAG: no path to outcome, not a confounder",drop,judgement,https://wwwn.cdc.gov/Nchs/Data/Nhanes/Public/2003/DataFiles/PSQ_C.xpt
2003-2004,Questionnaire,RHQ_C,Reproductive Health,R5,"OFF-DAG: no path to outcome, not a confounder",drop,judgement,https://wwwn.cdc.gov/Nchs/Data/Nhanes/Public/2003/DataFiles/RHQ_C.xpt
2003-2004,Questionnaire,RDQ_C,Respiratory Health,R5,"OFF-DAG: no path to outcome, not a confounder",drop,judgement,https://wwwn.cdc.gov/Nchs/Data/Nhanes/Public/2003/DataFiles/RDQ_C.xpt
2003-2004,Questionnaire,SXQ_C,Sexual Behavior,R5,"OFF-DAG: no path to outcome, not a confounder",drop,judgement,https://wwwn.cdc.gov/Nchs/Data/Nhanes/Public/2003/DataFiles/SXQ_C.xpt
2003-2004,Questionnaire,SMQMEC_C,Smoking - Adult Recent Tobacco Use & Youth Cigarette/Tobacco Use,R2,POPULATION: youth/children only,drop,mechanical,https://wwwn.cdc.gov/Nchs/Data/Nhanes/Public/2003/DataFiles/SMQMEC_C.xpt
2003-2004,Questionnaire,SMQ_C,Smoking - Cigarette/Tobacco Use - Adult,KEEP,whitelist: smoking,keep,judgement,https://wwwn.cdc.gov/Nchs/Data/Nhanes/Public/2003/DataFiles/SMQ_C.xpt
2003-2004,Questionnaire,SMQFAM_C,Smoking - Household Smokers,R5,"OFF-DAG (considered): household smokers — secondhand exposure, not the participant's own smoking",drop,judgement,https://wwwn.cdc.gov/Nchs/Data/Nhanes/Public/2003/DataFiles/SMQFAM_C.xpt
2003-2004,Questionnaire,SSQ_C,Social Support,R3,"SURPLUS: subsample assay, no companion weight",drop,mechanical,https://wwwn.cdc.gov/Nchs/Data/Nhanes/Public/2003/DataFiles/SSQ_C.xpt
2003-2004,Questionnaire,VIQ_C,Vision,R5,"OFF-DAG: no path to outcome, not a confounder",drop,judgement,https://wwwn.cdc.gov/Nchs/Data/Nhanes/Public/2003/DataFiles/VIQ_C.xpt
2003-2004,Questionnaire,WHQ_C,Weight History,R5,"OFF-DAG: no path to outcome, not a confounder",drop,judgement,https://wwwn.cdc.gov/Nchs/Data/Nhanes/Public/2003/DataFiles/WHQ_C.xpt
2003-2004,LimitedAccess,,Bacterial vaginosis (BV) & Trichomonas vaginalis - Youth,R0,ACCESS: RDC application required,drop,mechanical,
2003-2004,LimitedAccess,,California - Demographic Variables & Sample Weights,R0,ACCESS: RDC application required,drop,mechanical,
2003-2004,LimitedAccess,,Chlamydia & Gonorrhea - Urine - Youth,R0,ACCESS: RDC application required,drop,mechanical,
2003-2004,LimitedAccess,,Electrolytes - Urine,R0,ACCESS: RDC application required,drop,mechanical,
2003-2004,LimitedAccess,,"Geocoded Data, NHANES 1999-2016, Census 2000",R0,ACCESS: RDC application required,drop,mechanical,
2003-2004,LimitedAccess,,"Geocoded Data, NHANES 1999-2018, Census 2010",R0,ACCESS: RDC application required,drop,mechanical,
2003-2004,LimitedAccess,,"Geocoded Data, NHANES 1999-March 2020, Census 2020",R0,ACCESS: RDC application required,drop,mechanical,
2003-2004,LimitedAccess,,Herpes Simplex Virus Type-2 - Youth,R0,ACCESS: RDC application required,drop,mechanical,
2003-2004,LimitedAccess,,Human Papillomavirus (HPV) DNA - Vaginal Swab: Digene Hybrid Capture & Prototype Line Blot Assay - Youth,R0,ACCESS: RDC application required,drop,mechanical,
2003-2004,LimitedAccess,,Human Papillomavirus (HPV) DNA - Vaginal Swab: Roche Linear Array - Youth,R0,ACCESS: RDC application required,drop,mechanical,
2003-2004,LimitedAccess,,"Los Angeles County, California - Demographic Variables & Sample Weights",R0,ACCESS: RDC application required,drop,mechanical,
2003-2004,LimitedAccess,,"Los Angeles County, California - Demographic Variables & Sample Weights",R0,ACCESS: RDC application required,drop,mechanical,
2003-2004,LimitedAccess,,Mental Health - Attention Deficit Disorder/Hyperactivity - Youth,R0,ACCESS: RDC application required,drop,mechanical,
2003-2004,LimitedAccess,,Mental Health - Conduct Disorder - Youth,R0,ACCESS: RDC application required,drop,mechanical,
2003-2004,LimitedAccess,,"Mental Health - Conduct Disorder - Youth, Parent Version",R0,ACCESS: RDC application required,drop,mechanical,
2003-2004,LimitedAccess,,Mental Health - Eating Disorders - Youth,R0,ACCESS: RDC application required,drop,mechanical,
2003-2004,LimitedAccess,,Mental Health - Elimination Disorders - Youth,R0,ACCESS: RDC application required,drop,mechanical,
2003-2004,LimitedAccess,,Mental Health - Generalized Anxiety Disorder - Youth,R0,ACCESS: RDC application required,drop,mechanical,
2003-2004,LimitedAccess,,Mental Health - Major Depression/Dysthymic Disorder - Youth,R0,ACCESS: RDC application required,drop,mechanical,
2003-2004,LimitedAccess,,Mental Health - Panic Disorder - Youth,R0,ACCESS: RDC application required,drop,mechanical,
2003-2004,LimitedAccess,,Mental Health Diagnostic Interview - Youth,R0,ACCESS: RDC application required,drop,mechanical,
2003-2004,LimitedAccess,,Sexual Behavior - Youth,R0,ACCESS: RDC application required,drop,mechanical,
2005-2006,Demographics,DEMO_D,Demographic Variables & Sample Weights,KEEP,whitelist: demographics,keep,judgement,https://wwwn.cdc.gov/Nchs/Data/Nhanes/Public/2005/DataFiles/DEMO_D.xpt
2005-2006,Dietary,DR1IFF_D,"Dietary Interview - Individual Foods, First Day",R1,UNIT: not person-level,drop,mechanical,https://wwwn.cdc.gov/Nchs/Data/Nhanes/Public/2005/DataFiles/DR1IFF_D.xpt
2005-2006,Dietary,DR2IFF_D,"Dietary Interview - Individual Foods, Second Day",R1,UNIT: not person-level,drop,mechanical,https://wwwn.cdc.gov/Nchs/Data/Nhanes/Public/2005/DataFiles/DR2IFF_D.xpt
2005-2006,Dietary,DR1TOT_D,"Dietary Interview - Total Nutrient Intakes, First Day",R4,DIET-FRAME: WTDRD1 frame + mediator in DAG,drop,mechanical,https://wwwn.cdc.gov/Nchs/Data/Nhanes/Public/2005/DataFiles/DR1TOT_D.xpt
2005-2006,Dietary,DR2TOT_D,"Dietary Interview - Total Nutrient Intakes, Second Day",R4,DIET-FRAME: WTDRD1 frame + mediator in DAG,drop,mechanical,https://wwwn.cdc.gov/Nchs/Data/Nhanes/Public/2005/DataFiles/DR2TOT_D.xpt
2005-2006,Dietary,DRXFCD_D,Dietary Interview Technical Support File - Food Codes,R1,UNIT: not person-level,drop,mechanical,https://wwwn.cdc.gov/Nchs/Data/Nhanes/Public/2005/DataFiles/DRXFCD_D.xpt
2005-2006,Dietary,DRXMCD_D,Dietary Interview Technical Support File - Modification Codes,R1,UNIT: not person-level,drop,mechanical,https://wwwn.cdc.gov/Nchs/Data/Nhanes/Public/2005/DataFiles/DRXMCD_D.xpt
2005-2006,Dietary,DSBI,Dietary Supplement Database - Blend Information,R1,UNIT: not person-level,drop,mechanical,https://wwwn.cdc.gov/Nchs/Data/Nhanes/Public/1999/DataFiles/DSBI.xpt
2005-2006,Dietary,DSII,Dietary Supplement Database - Ingredient Information,R1,UNIT: not person-level,drop,mechanical,https://wwwn.cdc.gov/Nchs/Data/Nhanes/Public/1999/DataFiles/DSII.xpt
2005-2006,Dietary,DSPI,Dietary Supplement Database - Product Information,R1,UNIT: not person-level,drop,mechanical,https://wwwn.cdc.gov/Nchs/Data/Nhanes/Public/1999/DataFiles/DSPI.xpt
2005-2006,Dietary,DSQ1_D,"Dietary Supplement Use 30-Day - File 1, Supplement Counts",R4,DIET-FRAME: WTDRD1 frame + mediator in DAG,drop,mechanical,https://wwwn.cdc.gov/Nchs/Data/Nhanes/Public/2005/DataFiles/DSQ1_D.xpt
2005-2006,Dietary,DSQ2_D,"Dietary Supplement Use 30-Day - File 2, Participant's Use of Supplements",R4,DIET-FRAME: WTDRD1 frame + mediator in DAG,drop,mechanical,https://wwwn.cdc.gov/Nchs/Data/Nhanes/Public/2005/DataFiles/DSQ2_D.xpt
2005-2006,Dietary,FOODLK_D,Food Frequency Questionnaire - Look-Up Table FOODLOOK,R4,DIET-FRAME: WTDRD1 frame + mediator in DAG,drop,mechanical,https://wwwn.cdc.gov/Nchs/Data/Nhanes/Public/2005/DataFiles/FOODLK_D.xpt
2005-2006,Dietary,VARLK_D,Food Frequency Questionnaire - Look-Up Table VARLOOK,R4,DIET-FRAME: WTDRD1 frame + mediator in DAG,drop,mechanical,https://wwwn.cdc.gov/Nchs/Data/Nhanes/Public/2005/DataFiles/VARLK_D.xpt
2005-2006,Dietary,FFQDC_D,Food Frequency Questionnaire - Output from DietCalc Software,R4,DIET-FRAME: WTDRD1 frame + mediator in DAG,drop,mechanical,https://wwwn.cdc.gov/Nchs/Data/Nhanes/Public/2005/DataFiles/FFQDC_D.xpt
2005-2006,Dietary,FFQRAW_D,Food Frequency Questionnaire - Raw Questionnaire Responses,R4,DIET-FRAME: WTDRD1 frame + mediator in DAG,drop,mechanical,https://wwwn.cdc.gov/Nchs/Data/Nhanes/Public/2005/DataFiles/FFQRAW_D.xpt
2005-2006,Examination,AUX_D,Audiometry,R5,"OFF-DAG: no path to outcome, not a confounder",drop,judgement,https://wwwn.cdc.gov/Nchs/Data/Nhanes/Public/2005/DataFiles/AUX_D.xpt
2005-2006,Examination,AUXAR_D,Audiometry - Acoustic Reflex,R5,"OFF-DAG: no path to outcome, not a confounder",drop,judgement,https://wwwn.cdc.gov/Nchs/Data/Nhanes/Public/2005/DataFiles/AUXAR_D.xpt
2005-2006,Examination,AUXTYM_D,Audiometry - Tympanometry,R5,"OFF-DAG: no path to outcome, not a confounder",drop,judgement,https://wwwn.cdc.gov/Nchs/Data/Nhanes/Public/2005/DataFiles/AUXTYM_D.xpt
2005-2006,Examination,BPX_D,Blood Pressure,KEEP,whitelist: blood_pressure_exam,keep,judgement,https://wwwn.cdc.gov/Nchs/Data/Nhanes/Public/2005/DataFiles/BPX_D.xpt
2005-2006,Examination,BMX_D,Body Measures,KEEP,whitelist: body_measures,keep,judgement,https://wwwn.cdc.gov/Nchs/Data/Nhanes/Public/2005/DataFiles/BMX_D.xpt
2005-2006,Examination,DXXAG_D,Dual Energy X-ray Absorptiometry - Android/Gynoid,R5,"OFF-DAG: no path to outcome, not a confounder",drop,judgement,https://wwwn.cdc.gov/Nchs/Data/Nhanes/Public/2005/DataFiles/DXXAG_D.xpt
2005-2006,Examination,DXXFEM_D,Dual Energy X-ray Absorptiometry - Femur,R5,"OFF-DAG: no path to outcome, not a confounder",drop,judgement,https://wwwn.cdc.gov/Nchs/Data/Nhanes/Public/2005/DataFiles/DXXFEM_D.xpt
2005-2006,Examination,DXXSPN_D,Dual Energy X-ray Absorptiometry - Spine,R5,"OFF-DAG: no path to outcome, not a confounder",drop,judgement,https://wwwn.cdc.gov/Nchs/Data/Nhanes/Public/2005/DataFiles/DXXSPN_D.xpt
2005-2006,Examination,DXA,Dual-Energy X-ray Absorptiometry - Whole Body,R5,"OFF-DAG: no path to outcome, not a confounder",drop,judgement,https://wwwn.cdc.gov/Nchs/Nhanes/Dxa/Dxa.aspx
2005-2006,Examination,OPXFDT_D,Ophthalmology - Frequency Doubling Technology,R5,"OFF-DAG: no path to outcome, not a confounder",drop,judgement,https://wwwn.cdc.gov/Nchs/Data/Nhanes/Public/2005/DataFiles/OPXFDT_D.xpt
2005-2006,Examination,OPXRET_D,Ophthalmology - Retinal Imaging,R5,"OFF-DAG: no path to outcome, not a confounder",drop,judgement,https://wwwn.cdc.gov/Nchs/Data/Nhanes/Public/2005/DataFiles/OPXRET_D.xpt
2005-2006,Examination,OHX_D,Oral Health,R5,"OFF-DAG: no path to outcome, not a confounder",drop,judgement,https://wwwn.cdc.gov/Nchs/Data/Nhanes/Public/2005/DataFiles/OHX_D.xpt
2005-2006,Examination,PAXRAW_D,Physical Activity Monitor,R1,UNIT: not person-level,drop,mechanical,https://wwwn.cdc.gov/Nchs/Data/Nhanes/Public/2005/DataFiles/PAXRAW_D.zip
2005-2006,Examination,VIX_D,Vision,R5,"OFF-DAG: no path to outcome, not a confounder",drop,judgement,https://wwwn.cdc.gov/Nchs/Data/Nhanes/Public/2005/DataFiles/VIX_D.xpt
2005-2006,Laboratory,AMDGYD_D,Acrylamide & Glycidamide,R5,"OFF-DAG: no path to outcome, not a confounder",drop,judgement,https://wwwn.cdc.gov/Nchs/Data/Nhanes/Public/2005/DataFiles/AMDGYD_D.xpt
2005-2006,Laboratory,ALB_CR_D,Albumin & Creatinine - Urine,KEEP,whitelist: urine_albumin_creat,keep,judgement,https://wwwn.cdc.gov/Nchs/Data/Nhanes/Public/2005/DataFiles/ALB_CR_D.xpt
2005-2006,Laboratory,AL_IGE_D,Allergen Specific IgE(s) & Total IgE - Serum,R5,"OFF-DAG: no path to outcome, not a confounder",drop,judgement,https://wwwn.cdc.gov/Nchs/Data/Nhanes/Public/2005/DataFiles/AL_IGE_D.xpt
2005-2006,Laboratory,ALDUST_D,Allergens - Household Dust,R5,"OFF-DAG: no path to outcome, not a confounder",drop,judgement,https://wwwn.cdc.gov/Nchs/Data/Nhanes/Public/2005/DataFiles/ALDUST_D.xpt
2005-2006,Laboratory,UAS_D,Arsenics - Total & Speciated - Urine,R5,"OFF-DAG: no path to outcome, not a confounder",drop,judgement,https://wwwn.cdc.gov/Nchs/Data/Nhanes/Public/2005/DataFiles/UAS_D.xpt
2005-2006,Laboratory,BFRPOL_D,Brominated Flame Retardants (BFRs) - Pooled Samples,R5,"OFF-DAG: no path to outcome, not a confounder",drop,judgement,https://wwwn.cdc.gov/Nchs/Data/Nhanes/Public/2005/DataFiles/BFRPOL_D.xpt
2005-2006,Laboratory,PBCD_D,"Cadmium, Lead, & Total Mercury - Blood",R5,"OFF-DAG: no path to outcome, not a confounder",drop,judgement,https://wwwn.cdc.gov/Nchs/Data/Nhanes/Public/2005/DataFiles/PBCD_D.xpt
2005-2006,Laboratory,CHLMDA_D,Chlamydia & Gonorrhea - Urine,R5,"OFF-DAG: no path to outcome, not a confounder",drop,judgement,https://wwwn.cdc.gov/Nchs/Data/Nhanes/Public/2005/DataFiles/CHLMDA_D.xpt
2005-2006,Laboratory,HDL_D,Cholesterol - HDL,KEEP,whitelist: cholesterol_total_hdl,keep,judgement,https://wwwn.cdc.gov/Nchs/Data/Nhanes/Public/2005/DataFiles/HDL_D.xpt
2005-2006,Laboratory,TRIGLY_D,"Cholesterol - LDL, Triglyceride & Apoliprotein (ApoB)",KEEP,whitelist: cholesterol_ldl_trig,keep,judgement,https://wwwn.cdc.gov/Nchs/Data/Nhanes/Public/2005/DataFiles/TRIGLY_D.xpt
2005-2006,Laboratory,TCHOL_D,Cholesterol - Total,KEEP,whitelist: cholesterol_total_hdl,keep,judgement,https://wwwn.cdc.gov/Nchs/Data/Nhanes/Public/2005/DataFiles/TCHOL_D.xpt
2005-2006,Laboratory,CBC_D,Complete Blood Count with 5-Part Differential - Whole Blood,R5,"OFF-DAG: no path to outcome, not a confounder",drop,judgement,https://wwwn.cdc.gov/Nchs/Data/Nhanes/Public/2005/DataFiles/CBC_D.xpt
2005-2006,Laboratory,COT_D,Cotinine - Serum,R5,"OFF-DAG: no path to outcome, not a confounder",drop,judgement,https://wwwn.cdc.gov/Nchs/Data/Nhanes/Public/2005/DataFiles/COT_D.xpt
2005-2006,Laboratory,CRP_D,C-Reactive Protein (CRP),R5,"OFF-DAG: no path to outcome, not a confounder",drop,judgement,https://wwwn.cdc.gov/Nchs/Data/Nhanes/Public/2005/DataFiles/CRP_D.xpt
2005-2006,Laboratory,EPH_D,Environmental Phenols & Parabens,R5,"OFF-DAG: no path to outcome, not a confounder",drop,judgement,https://wwwn.cdc.gov/Nchs/Data/Nhanes/Public/2005/DataFiles/EPH_D.xpt
2005-2006,Laboratory,SSEBV_D,Epstein-Barr Virus (VCA IgG) - Serum (Surplus),R3,"SURPLUS: subsample assay, no companion weight",drop,mechanical,https://wwwn.cdc.gov/Nchs/Data/Nhanes/Public/2005/DataFiles/SSEBV_D.xpt
2005-2006,Laboratory,EPP_D,Erythrocyte Protoporphyrin,R5,"OFF-DAG: no path to outcome, not a confounder",drop,judgement,https://wwwn.cdc.gov/Nchs/Data/Nhanes/Public/2005/DataFiles/EPP_D.xpt
2005-2006,Laboratory,FASTQX_D,Fasting Questionnaire,R5,"OFF-DAG: no path to outcome, not a confounder",drop,judgement,https://wwwn.cdc.gov/Nchs/Data/Nhanes/Public/2005/DataFiles/FASTQX_D.xpt
2005-2006,Laboratory,FERTIN_D,Ferritin,R5,"OFF-DAG: no path to outcome, not a confounder",drop,judgement,https://wwwn.cdc.gov/Nchs/Data/Nhanes/Public/2005/DataFiles/FERTIN_D.xpt
2005-2006,Laboratory,FOLATE_D,Folate - RBC & Serum,R5,"OFF-DAG: no path to outcome, not a confounder",drop,judgement,https://wwwn.cdc.gov/Nchs/Data/Nhanes/Public/2005/DataFiles/FOLATE_D.xpt
2005-2006,Laboratory,GHB_D,Glycohemoglobin,KEEP,whitelist: glycohemoglobin,keep,judgement,https://wwwn.cdc.gov/Nchs/Data/Nhanes/Public/2005/DataFiles/GHB_D.xpt
2005-2006,Laboratory,HEPA_D,Hepatitis A Antibody,R5,"OFF-DAG: no path to outcome, not a confounder",drop,judgement,https://wwwn.cdc.gov/Nchs/Data/Nhanes/Public/2005/DataFiles/HEPA_D.xpt
2005-2006,Laboratory,HEPB_S_D,Hepatitis B Surface Antibody,R5,"OFF-DAG: no path to outcome, not a confounder",drop,judgement,https://wwwn.cdc.gov/Nchs/Data/Nhanes/Public/2005/DataFiles/HEPB_S_D.xpt
2005-2006,Laboratory,HEPBD_D,"Hepatitis B: Core antibody, Surface antigen, and Hepatitis D: antibody",R5,"OFF-DAG: no path to outcome, not a confounder",drop,judgement,https://wwwn.cdc.gov/Nchs/Data/Nhanes/Public/2005/DataFiles/HEPBD_D.xpt
2005-2006,Laboratory,HEPC_D,"Hepatitis C: Confirmed Antibody, RNA (HCV-RNA), & Genotype",R5,"OFF-DAG: no path to outcome, not a confounder",drop,judgement,https://wwwn.cdc.gov/Nchs/Data/Nhanes/Public/2005/DataFiles/HEPC_D.xpt
2005-2006,Laboratory,HSV_D,Herpes Simplex Virus Type-1 & Type-2,R5,"OFF-DAG: no path to outcome, not a confounder",drop,judgement,https://wwwn.cdc.gov/Nchs/Data/Nhanes/Public/2005/DataFiles/HSV_D.xpt
2005-2006,Laboratory,HIV_D,"HIV Antibody Test, CD4+ T Lymphocytes & CD8+ T Cells",R5,"OFF-DAG: no path to outcome, not a confounder",drop,judgement,https://wwwn.cdc.gov/Nchs/Data/Nhanes/Public/2005/DataFiles/HIV_D.xpt
2005-2006,Laboratory,HCY_D,Homocysteine,R5,"OFF-DAG: no path to outcome, not a confounder",drop,judgement,https://wwwn.cdc.gov/Nchs/Data/Nhanes/Public/2005/DataFiles/HCY_D.xpt
2005-2006,Laboratory,HPVSER_D,"Human Papillomavirus (HPV) - 6, 11, 16 & 18 Antibody – Serum: 4-plex CLIA",R5,"OFF-DAG: no path to outcome, not a confounder",drop,judgement,https://wwwn.cdc.gov/Nchs/Data/Nhanes/Public/2005/DataFiles/HPVSER_D.xpt
2005-2006,Laboratory,HPVSRM_D,"Human Papillomavirus (HPV) - Multiplexed 6, 11, 16, 18, 31, 33, 45, 52 & 58 Antibody – Serum: 9-plex CLIA",R5,"OFF-DAG: no path to outcome, not a confounder",drop,judgement,https://wwwn.cdc.gov/Nchs/Data/Nhanes/Public/2005/DataFiles/HPVSRM_D.xpt
2005-2006,Laboratory,HPVSWR_D,Human Papillomavirus (HPV) DNA - Vaginal Swab: Digene Hybrid Capture & Roche Linear Array,R5,"OFF-DAG: no path to outcome, not a confounder",drop,judgement,https://wwwn.cdc.gov/Nchs/Data/Nhanes/Public/2005/DataFiles/HPVSWR_D.xpt
2005-2006,Laboratory,UIO_D,Iodine - Urine,R5,"OFF-DAG: no path to outcome, not a confounder",drop,judgement,https://wwwn.cdc.gov/Nchs/Data/Nhanes/Public/2005/DataFiles/UIO_D.xpt
2005-2006,Laboratory,FETIB_D,"Iron, Total Iron Binding Capacity (TIBC), & Transferrin Saturation",R5,"OFF-DAG: no path to outcome, not a confounder",drop,judgement,https://wwwn.cdc.gov/Nchs/Data/Nhanes/Public/2005/DataFiles/FETIB_D.xpt
2005-2006,Laboratory,IHG_D,Mercury: Inorganic - Blood,R5,"OFF-DAG: no path to outcome, not a confounder",drop,judgement,https://wwwn.cdc.gov/Nchs/Data/Nhanes/Public/2005/DataFiles/IHG_D.xpt
2005-2006,Laboratory,UHG_D,Mercury: Inorganic - Urine,R5,"OFF-DAG: no path to outcome, not a confounder",drop,judgement,https://wwwn.cdc.gov/Nchs/Data/Nhanes/Public/2005/DataFiles/UHG_D.xpt
2005-2006,Laboratory,UHM_D,Metals - Urine,R5,"OFF-DAG: no path to outcome, not a confounder",drop,judgement,https://wwwn.cdc.gov/Nchs/Data/Nhanes/Public/2005/DataFiles/UHM_D.xpt
2005-2006,Laboratory,PCBPOL_D,Non-dioxin-like Polychlorinated Biphenyls & Mono-ortho-substituted Polychlorinated Biphenyls - Pooled Samples,R5,"OFF-DAG: no path to outcome, not a confounder",drop,judgement,https://wwwn.cdc.gov/Nchs/Data/Nhanes/Public/2005/DataFiles/PCBPOL_D.xpt
2005-2006,Laboratory,OGTT_D,Oral Glucose Tolerance Test,R5,"OFF-DAG: no path to outcome, not a confounder",drop,judgement,https://wwwn.cdc.gov/Nchs/Data/Nhanes/Public/2005/DataFiles/OGTT_D.xpt
2005-2006,Laboratory,OPD_D,Organophosphate Insecticides - Diakyl Phosphate Metabolites - Urine,R5,"OFF-DAG: no path to outcome, not a confounder",drop,judgement,https://wwwn.cdc.gov/Nchs/Data/Nhanes/Public/2005/DataFiles/OPD_D.xpt
2005-2006,Laboratory,PTH_D,Parathyroid Hormone,R5,"OFF-DAG: no path to outcome, not a confounder",drop,judgement,https://wwwn.cdc.gov/Nchs/Data/Nhanes/Public/2005/DataFiles/PTH_D.xpt
2005-2006,Laboratory,WPIN_D,"Perchlorate, Nitrate & Iodide - Tap Water",R5,"OFF-DAG: no path to outcome, not a confounder",drop,judgement,https://wwwn.cdc.gov/Nchs/Data/Nhanes/Public/2005/DataFiles/WPIN_D.xpt
2005-2006,Laboratory,PERNT_D,"Perchlorate, Nitrate & Thiocyanate - Urine",R5,"OFF-DAG: no path to outcome, not a confounder",drop,judgement,https://wwwn.cdc.gov/Nchs/Data/Nhanes/Public/2005/DataFiles/PERNT_D.xpt
2005-2006,Laboratory,CARB_D,Pesticides - Carbamates & Organophosphorus Metabolites - Urine,R5,"OFF-DAG: no path to outcome, not a confounder",drop,judgement,https://wwwn.cdc.gov/Nchs/Data/Nhanes/Public/2005/DataFiles/CARB_D.xpt
2005-2006,Laboratory,UPP_D,"Pesticides - Current Use - Urine (Formerly Priority Pesticides, Non-persistent Pesticide Metabolites)",R5,"OFF-DAG: no path to outcome, not a confounder",drop,judgement,https://wwwn.cdc.gov/Nchs/Data/Nhanes/Public/2005/DataFiles/UPP_D.xpt
2005-2006,Laboratory,PP_D,Pesticides - Environmental - Urine,R5,"OFF-DAG: no path to outcome, not a confounder",drop,judgement,https://wwwn.cdc.gov/Nchs/Data/Nhanes/Public/2005/DataFiles/PP_D.xpt
2005-2006,Laboratory,PSTPOL_D,Pesticides - Organochlorine Pesticides - Pooled Samples,R5,"OFF-DAG: no path to outcome, not a confounder",drop,judgement,https://wwwn.cdc.gov/Nchs/Data/Nhanes/Public/2005/DataFiles/PSTPOL_D.xpt
2005-2006,Laboratory,PHTHTE_D,Phthalates - Urine,R5,"OFF-DAG: no path to outcome, not a confounder",drop,judgement,https://wwwn.cdc.gov/Nchs/Data/Nhanes/Public/2005/DataFiles/PHTHTE_D.xpt
2005-2006,Laboratory,PHYTO_D,Phytoestrogens - Urine,R5,"OFF-DAG: no path to outcome, not a confounder",drop,judgement,https://wwwn.cdc.gov/Nchs/Data/Nhanes/Public/2005/DataFiles/PHYTO_D.xpt
2005-2006,Laboratory,GLU_D,Plasma Fasting Glucose & Insulin,KEEP,whitelist: fasting_glucose,keep,judgement,https://wwwn.cdc.gov/Nchs/Data/Nhanes/Public/2005/DataFiles/GLU_D.xpt
2005-2006,Laboratory,PAH_D,Polyaromatic Hydrocarbons (PAHs) - Urine,R5,"OFF-DAG: no path to outcome, not a confounder",drop,judgement,https://wwwn.cdc.gov/Nchs/Data/Nhanes/Public/2005/DataFiles/PAH_D.xpt
2005-2006,Laboratory,DOXPOL_D,"Polychlorinated dibenzo-p-dioxins (PCDDs), Dibenzofurans (PCDFs) & Coplanar Polychlorinated Biphenyls (cPCBs) - Pooled Samples",R5,"OFF-DAG: no path to outcome, not a confounder",drop,judgement,https://wwwn.cdc.gov/Nchs/Data/Nhanes/Public/2005/DataFiles/DOXPOL_D.xpt
2005-2006,Laboratory,PFC_D,Polyfluoroalkyl Chemicals,R5,"OFF-DAG: no path to outcome, not a confounder",drop,judgement,https://wwwn.cdc.gov/Nchs/Data/Nhanes/Public/2005/DataFiles/PFC_D.xpt
2005-2006,Laboratory,POOLTF_D,Pooled-Sample Technical Support File,R1,UNIT: not person-level,drop,mechanical,https://wwwn.cdc.gov/Nchs/Data/Nhanes/Public/2005/DataFiles/POOLTF_D.xpt
2005-2006,Laboratory,UCPREG_D,Pregnancy Test - Urine,R5,"OFF-DAG: no path to outcome, not a confounder",drop,judgement,https://wwwn.cdc.gov/Nchs/Data/Nhanes/Public/2005/DataFiles/UCPREG_D.xpt
2005-2006,Laboratory,PSA_D,Prostate Specific Antigen (PSA),R5,"OFF-DAG: no path to outcome, not a confounder",drop,judgement,https://wwwn.cdc.gov/Nchs/Data/Nhanes/Public/2005/DataFiles/PSA_D.xpt
2005-2006,Laboratory,SSSAL_D,Salmonella & Campylobacter Antibodies (Surplus),R3,"SURPLUS: subsample assay, no companion weight",drop,mechanical,https://wwwn.cdc.gov/Nchs/Data/Nhanes/Public/2005/DataFiles/SSSAL_D.xpt
2005-2006,Laboratory,BIOPRO_D,Standard Biochemistry Profile,KEEP,whitelist: biochemistry,keep,judgement,https://wwwn.cdc.gov/Nchs/Data/Nhanes/Public/2005/DataFiles/BIOPRO_D.xpt
2005-2006,Laboratory,TFR_D,Transferrin Receptor,R5,"OFF-DAG: no path to outcome, not a confounder",drop,judgement,https://wwwn.cdc.gov/Nchs/Data/Nhanes/Public/2005/DataFiles/TFR_D.xpt
2005-2006,Laboratory,VITAEC_D,"Vitamin A, Vitamin E & Carotenoids",R5,"OFF-DAG: no path to outcome, not a confounder",drop,judgement,https://wwwn.cdc.gov/Nchs/Data/Nhanes/Public/2005/DataFiles/VITAEC_D.xpt
2005-2006,Laboratory,B12_D,Vitamin B12,R5,"OFF-DAG: no path to outcome, not a confounder",drop,judgement,https://wwwn.cdc.gov/Nchs/Data/Nhanes/Public/2005/DataFiles/B12_D.xpt
2005-2006,Laboratory,VIT_B6_D,Vitamin B6,R5,"OFF-DAG: no path to outcome, not a confounder",drop,judgement,https://wwwn.cdc.gov/Nchs/Data/Nhanes/Public/2005/DataFiles/VIT_B6_D.xpt
2005-2006,Laboratory,VIC_D,Vitamin C,R5,"OFF-DAG: no path to outcome, not a confounder",drop,judgement,https://wwwn.cdc.gov/Nchs/Data/Nhanes/Public/2005/DataFiles/VIC_D.xpt
2005-2006,Laboratory,,Vitamin D,R0,ACCESS: RDC application required,drop,mechanical,
2005-2006,Laboratory,SSUVOC_D,Volatile Organic Compound (VOC) Metabolites - Urine (Surplus),R3,"SURPLUS: subsample assay, no companion weight",drop,mechanical,https://wwwn.cdc.gov/Nchs/Data/Nhanes/Public/2005/DataFiles/SSUVOC_D.xpt
2005-2006,Laboratory,VOCWB_D,Volatile Organic Compounds - Blood & Related Questionnaire Items,R5,"OFF-DAG: no path to outcome, not a confounder",drop,judgement,https://wwwn.cdc.gov/Nchs/Data/Nhanes/Public/2005/DataFiles/VOCWB_D.xpt
2005-2006,Laboratory,VOC_D,Volatile Organic Compounds - Water & Related Questionnaire Items,R5,"OFF-DAG: no path to outcome, not a confounder",drop,judgement,https://wwwn.cdc.gov/Nchs/Data/Nhanes/Public/2005/DataFiles/VOC_D.xpt
2005-2006,Questionnaire,ACQ_D,Acculturation,R5,"OFF-DAG: no path to outcome, not a confounder",drop,judgement,https://wwwn.cdc.gov/Nchs/Data/Nhanes/Public/2005/DataFiles/ACQ_D.xpt
2005-2006,Questionnaire,ALQ_D,Alcohol Use,KEEP,whitelist: alcohol,keep,judgement,https://wwwn.cdc.gov/Nchs/Data/Nhanes/Public/2005/DataFiles/ALQ_D.xpt
2005-2006,Questionnaire,AGQ_D,Allergy,R5,"OFF-DAG: no path to outcome, not a confounder",drop,judgement,https://wwwn.cdc.gov/Nchs/Data/Nhanes/Public/2005/DataFiles/AGQ_D.xpt
2005-2006,Questionnaire,AUQ_D,Audiometry,R5,"OFF-DAG: no path to outcome, not a confounder",drop,judgement,https://wwwn.cdc.gov/Nchs/Data/Nhanes/Public/2005/DataFiles/AUQ_D.xpt
2005-2006,Questionnaire,BPQ_D,Blood Pressure & Cholesterol,KEEP,whitelist: blood_pressure_quex,keep,judgement,https://wwwn.cdc.gov/Nchs/Data/Nhanes/Public/2005/DataFiles/BPQ_D.xpt
2005-2006,Questionnaire,BHQ_D,Bowel Health,R5,"OFF-DAG: no path to outcome, not a confounder",drop,judgement,https://wwwn.cdc.gov/Nchs/Data/Nhanes/Public/2005/DataFiles/BHQ_D.xpt
2005-2006,Questionnaire,CDQ_D,Cardiovascular Health,KEEP,whitelist: cardiovascular_health,keep,judgement,https://wwwn.cdc.gov/Nchs/Data/Nhanes/Public/2005/DataFiles/CDQ_D.xpt
2005-2006,Questionnaire,HSQ_D,Current Health Status,R5,"OFF-DAG: no path to outcome, not a confounder",drop,judgement,https://wwwn.cdc.gov/Nchs/Data/Nhanes/Public/2005/DataFiles/HSQ_D.xpt
2005-2006,Questionnaire,DEQ_D,Dermatology,R5,"OFF-DAG: no path to outcome, not a confounder",drop,judgement,https://wwwn.cdc.gov/Nchs/Data/Nhanes/Public/2005/DataFiles/DEQ_D.xpt
2005-2006,Questionnaire,DIQ_D,Diabetes,KEEP,whitelist: diabetes_quex,keep,judgement,https://wwwn.cdc.gov/Nchs/Data/Nhanes/Public/2005/DataFiles/DIQ_D.xpt
2005-2006,Questionnaire,DBQ_D,Diet Behavior & Nutrition,R5,"OFF-DAG: no path to outcome, not a confounder",drop,judgement,https://wwwn.cdc.gov/Nchs/Data/Nhanes/Public/2005/DataFiles/DBQ_D.xpt
2005-2006,Questionnaire,DUQ_D,Drug Use,R5,"OFF-DAG: no path to outcome, not a confounder",drop,judgement,https://wwwn.cdc.gov/Nchs/Data/Nhanes/Public/2005/DataFiles/DUQ_D.xpt
2005-2006,Questionnaire,ECQ_D,Early Childhood,R5,"OFF-DAG: no path to outcome, not a confounder",drop,judgement,https://wwwn.cdc.gov/Nchs/Data/Nhanes/Public/2005/DataFiles/ECQ_D.xpt
2005-2006,Questionnaire,FSQ_D,Food Security,R5,"OFF-DAG: no path to outcome, not a confounder",drop,judgement,https://wwwn.cdc.gov/Nchs/Data/Nhanes/Public/2005/DataFiles/FSQ_D.xpt
2005-2006,Questionnaire,HIQ_D,Health Insurance,KEEP,whitelist: health_insurance,keep,judgement,https://wwwn.cdc.gov/Nchs/Data/Nhanes/Public/2005/DataFiles/HIQ_D.xpt
2005-2006,Questionnaire,HCQ_D,Hepatitis C Follow Up,R5,"OFF-DAG: no path to outcome, not a confounder",drop,judgement,https://wwwn.cdc.gov/Nchs/Data/Nhanes/Public/2005/DataFiles/HCQ_D.xpt
2005-2006,Questionnaire,HUQ_D,Hospital Utilization & Access to Care,R5,"OFF-DAG: no path to outcome, not a confounder",drop,judgement,https://wwwn.cdc.gov/Nchs/Data/Nhanes/Public/2005/DataFiles/HUQ_D.xpt
2005-2006,Questionnaire,HOQ_D,Housing Characteristics,R5,"OFF-DAG: no path to outcome, not a confounder",drop,judgement,https://wwwn.cdc.gov/Nchs/Data/Nhanes/Public/2005/DataFiles/HOQ_D.xpt
2005-2006,Questionnaire,IMQ_D,Immunization,R5,"OFF-DAG: no path to outcome, not a confounder",drop,judgement,https://wwwn.cdc.gov/Nchs/Data/Nhanes/Public/2005/DataFiles/IMQ_D.xpt
2005-2006,Questionnaire,KIQ_U_D,Kidney Conditions - Urology,KEEP,whitelist: kidney_quex,keep,judgement,https://wwwn.cdc.gov/Nchs/Data/Nhanes/Public/2005/DataFiles/KIQ_U_D.xpt
2005-2006,Questionnaire,MCQ_D,Medical Conditions,KEEP,whitelist: medical_conditions,keep,judgement,https://wwwn.cdc.gov/Nchs/Data/Nhanes/Public/2005/DataFiles/MCQ_D.xpt
2005-2006,Questionnaire,DPQ_D,Mental Health - Depression Screener,R5,"OFF-DAG: no path to outcome, not a confounder",drop,judgement,https://wwwn.cdc.gov/Nchs/Data/Nhanes/Public/2005/DataFiles/DPQ_D.xpt
2005-2006,Questionnaire,OCQ_D,Occupation,R5,"OFF-DAG: no path to outcome, not a confounder",drop,judgement,https://wwwn.cdc.gov/Nchs/Data/Nhanes/Public/2005/DataFiles/OCQ_D.xpt
2005-2006,Questionnaire,OHQ_D,Oral Health,R5,"OFF-DAG: no path to outcome, not a confounder",drop,judgement,https://wwwn.cdc.gov/Nchs/Data/Nhanes/Public/2005/DataFiles/OHQ_D.xpt
2005-2006,Questionnaire,OSQ_D,Osteoporosis,R5,"OFF-DAG: no path to outcome, not a confounder",drop,judgement,https://wwwn.cdc.gov/Nchs/Data/Nhanes/Public/2005/DataFiles/OSQ_D.xpt
2005-2006,Questionnaire,PUQMEC_D,Pesticide Use,R5,"OFF-DAG: no path to outcome, not a confounder",drop,judgement,https://wwwn.cdc.gov/Nchs/Data/Nhanes/Public/2005/DataFiles/PUQMEC_D.xpt
2005-2006,Questionnaire,PAQ_D,Physical Activity,KEEP,whitelist: physical_activity,keep,judgement,https://wwwn.cdc.gov/Nchs/Data/Nhanes/Public/2005/DataFiles/PAQ_D.xpt
2005-2006,Questionnaire,PAQIAF_D,Physical Activity - Individual Activities,R1,UNIT: not person-level,drop,mechanical,https://wwwn.cdc.gov/Nchs/Data/Nhanes/Public/2005/DataFiles/PAQIAF_D.xpt
2005-2006,Questionnaire,PFQ_D,Physical Functioning,R5,"OFF-DAG: no path to outcome, not a confounder",drop,judgement,https://wwwn.cdc.gov/Nchs/Data/Nhanes/Public/2005/DataFiles/PFQ_D.xpt
2005-2006,Questionnaire,RXQ_RX_D,Prescription Medications,KEEP,whitelist: prescription_meds,keep,judgement,https://wwwn.cdc.gov/Nchs/Data/Nhanes/Public/2005/DataFiles/RXQ_RX_D.xpt
2005-2006,Questionnaire,RXQ_DRUG,Prescription Medications - Drug Information,R1,UNIT: not person-level,drop,mechanical,https://wwwn.cdc.gov/Nchs/Data/Nhanes/Public/1988/DataFiles/RXQ_DRUG.xpt
2005-2006,Questionnaire,KIQ_P_D,Prostate Conditions,R5,"OFF-DAG: no path to outcome, not a confounder",drop,judgement,https://wwwn.cdc.gov/Nchs/Data/Nhanes/Public/2005/DataFiles/KIQ_P_D.xpt
2005-2006,Questionnaire,PSQ_D,Prostate Specific Antigen Follow-up,R5,"OFF-DAG: no path to outcome, not a confounder",drop,judgement,https://wwwn.cdc.gov/Nchs/Data/Nhanes/Public/2005/DataFiles/PSQ_D.xpt
2005-2006,Questionnaire,RHQ_D,Reproductive Health,R5,"OFF-DAG: no path to outcome, not a confounder",drop,judgement,https://wwwn.cdc.gov/Nchs/Data/Nhanes/Public/2005/DataFiles/RHQ_D.xpt
2005-2006,Questionnaire,RDQ_D,Respiratory Health,R5,"OFF-DAG: no path to outcome, not a confounder",drop,judgement,https://wwwn.cdc.gov/Nchs/Data/Nhanes/Public/2005/DataFiles/RDQ_D.xpt
2005-2006,Questionnaire,SXQ_D,Sexual Behavior,R5,"OFF-DAG: no path to outcome, not a confounder",drop,judgement,https://wwwn.cdc.gov/Nchs/Data/Nhanes/Public/2005/DataFiles/SXQ_D.xpt
2005-2006,Questionnaire,SLQ_D,Sleep Disorders,KEEP,whitelist: sleep,keep,judgement,https://wwwn.cdc.gov/Nchs/Data/Nhanes/Public/2005/DataFiles/SLQ_D.xpt
2005-2006,Questionnaire,SMQ_D,Smoking - Cigarette Use,KEEP,whitelist: smoking,keep,judgement,https://wwwn.cdc.gov/Nchs/Data/Nhanes/Public/2005/DataFiles/SMQ_D.xpt
2005-2006,Questionnaire,SMQFAM_D,Smoking - Household Smokers,R5,"OFF-DAG (considered): household smokers — secondhand exposure, not the participant's own smoking",drop,judgement,https://wwwn.cdc.gov/Nchs/Data/Nhanes/Public/2005/DataFiles/SMQFAM_D.xpt
2005-2006,Questionnaire,SMQRTU_D,Smoking - Recent Tobacco Use,R5,"OFF-DAG (considered): recent tobacco use (5-day recall) — supplements SMQ, not a substitute",drop,judgement,https://wwwn.cdc.gov/Nchs/Data/Nhanes/Public/2005/DataFiles/SMQRTU_D.xpt
2005-2006,Questionnaire,SSQ_D,Social Support,R3,"SURPLUS: subsample assay, no companion weight",drop,mechanical,https://wwwn.cdc.gov/Nchs/Data/Nhanes/Public/2005/DataFiles/SSQ_D.xpt
2005-2006,Questionnaire,VIQ_D,Vision,R5,"OFF-DAG: no path to outcome, not a confounder",drop,judgement,https://wwwn.cdc.gov/Nchs/Data/Nhanes/Public/2005/DataFiles/VIQ_D.xpt
2005-2006,Questionnaire,WHQ_D,Weight History,R5,"OFF-DAG: no path to outcome, not a confounder",drop,judgement,https://wwwn.cdc.gov/Nchs/Data/Nhanes/Public/2005/DataFiles/WHQ_D.xpt
2005-2006,Questionnaire,WHQMEC_D,Weight History - Youth,R2,POPULATION: youth/children only,drop,mechanical,https://wwwn.cdc.gov/Nchs/Data/Nhanes/Public/2005/DataFiles/WHQMEC_D.xpt
2005-2006,LimitedAccess,,Alcohol Use - Youth,R0,ACCESS: RDC application required,drop,mechanical,
2005-2006,LimitedAccess,,California - Demographic Variables & Sample Weights,R0,ACCESS: RDC application required,drop,mechanical,
2005-2006,LimitedAccess,,Chlamydia & Gonorrhea - Urine - Youth,R0,ACCESS: RDC application required,drop,mechanical,
2005-2006,LimitedAccess,,Electrolytes - Urine,R0,ACCESS: RDC application required,drop,mechanical,
2005-2006,LimitedAccess,,"Geocoded Data, NHANES 1999-2016, Census 2000",R0,ACCESS: RDC application required,drop,mechanical,
2005-2006,LimitedAccess,,"Geocoded Data, NHANES 1999-2018, Census 2010",R0,ACCESS: RDC application required,drop,mechanical,
2005-2006,LimitedAccess,,"Geocoded Data, NHANES 1999-March 2020, Census 2020",R0,ACCESS: RDC application required,drop,mechanical,
2005-2006,LimitedAccess,,Herpes Simplex Virus Type-2 - Youth,R0,ACCESS: RDC application required,drop,mechanical,
2005-2006,LimitedAccess,,"Human Papillomavirus (HPV) - 6, 11, 16 & 18 Antibody - Serum - Youth",R0,ACCESS: RDC application required,drop,mechanical,
2005-2006,LimitedAccess,,"Human Papillomavirus (HPV) - 6, 11, 16, 18, 31, 33, 45, 52, & 58 Antibody - Serum: M9ELISA",R0,ACCESS: RDC application required,drop,mechanical,
2005-2006,LimitedAccess,,"Human Papillomavirus (HPV) - Multiplexed 6, 11, 16, 18, 31, 33, 45, 52 & 58 Antibody - Serum - Youth",R0,ACCESS: RDC application required,drop,mechanical,
2005-2006,LimitedAccess,,Human Papillomavirus (HPV) DNA - Vaginal Swab: Digene Hybrid Capture & Roche Linear Array - Youth,R0,ACCESS: RDC application required,drop,mechanical,
2005-2006,LimitedAccess,,"Los Angeles County, California - Demographic Variables & Sample Weights",R0,ACCESS: RDC application required,drop,mechanical,
2005-2006,LimitedAccess,,Mental Health - Depression Screener - Youth,R0,ACCESS: RDC application required,drop,mechanical,
2005-2006,LimitedAccess,,Occupation - Industry & Occupation Codes,R0,ACCESS: RDC application required,drop,mechanical,
2005-2006,LimitedAccess,,Sexual Behavior - Youth,R0,ACCESS: RDC application required,drop,mechanical,
2007-2008,Demographics,DEMO_E,Demographic Variables & Sample Weights,KEEP,whitelist: demographics,keep,judgement,https://wwwn.cdc.gov/Nchs/Data/Nhanes/Public/2007/DataFiles/DEMO_E.xpt
2007-2008,Dietary,DR1IFF_E,"Dietary Interview - Individual Foods, First Day",R1,UNIT: not person-level,drop,mechanical,https://wwwn.cdc.gov/Nchs/Data/Nhanes/Public/2007/DataFiles/DR1IFF_E.xpt
2007-2008,Dietary,DR2IFF_E,"Dietary Interview - Individual Foods, Second Day",R1,UNIT: not person-level,drop,mechanical,https://wwwn.cdc.gov/Nchs/Data/Nhanes/Public/2007/DataFiles/DR2IFF_E.xpt
2007-2008,Dietary,DR1TOT_E,"Dietary Interview - Total Nutrient Intakes, First Day",R4,DIET-FRAME: WTDRD1 frame + mediator in DAG,drop,mechanical,https://wwwn.cdc.gov/Nchs/Data/Nhanes/Public/2007/DataFiles/DR1TOT_E.xpt
2007-2008,Dietary,DR2TOT_E,"Dietary Interview - Total Nutrient Intakes, Second Day",R4,DIET-FRAME: WTDRD1 frame + mediator in DAG,drop,mechanical,https://wwwn.cdc.gov/Nchs/Data/Nhanes/Public/2007/DataFiles/DR2TOT_E.xpt
2007-2008,Dietary,DRXFCD_E,Dietary Interview Technical Support File - Food Codes,R1,UNIT: not person-level,drop,mechanical,https://wwwn.cdc.gov/Nchs/Data/Nhanes/Public/2007/DataFiles/DRXFCD_E.xpt
2007-2008,Dietary,DRXMCD_E,Dietary Interview Technical Support File - Modification Codes,R1,UNIT: not person-level,drop,mechanical,https://wwwn.cdc.gov/Nchs/Data/Nhanes/Public/2007/DataFiles/DRXMCD_E.xpt
2007-2008,Dietary,DSBI,Dietary Supplement Database - Blend Information,R1,UNIT: not person-level,drop,mechanical,https://wwwn.cdc.gov/Nchs/Data/Nhanes/Public/1999/DataFiles/DSBI.xpt
2007-2008,Dietary,DSII,Dietary Supplement Database - Ingredient Information,R1,UNIT: not person-level,drop,mechanical,https://wwwn.cdc.gov/Nchs/Data/Nhanes/Public/1999/DataFiles/DSII.xpt
2007-2008,Dietary,DSPI,Dietary Supplement Database - Product Information,R1,UNIT: not person-level,drop,mechanical,https://wwwn.cdc.gov/Nchs/Data/Nhanes/Public/1999/DataFiles/DSPI.xpt
2007-2008,Dietary,DS1IDS_E,"Dietary Supplement Use 24-Hour - Individual Dietary Supplements, First Day",R1,UNIT: not person-level,drop,mechanical,https://wwwn.cdc.gov/Nchs/Data/Nhanes/Public/2007/DataFiles/DS1IDS_E.xpt
2007-2008,Dietary,DS2IDS_E,"Dietary Supplement Use 24-Hour - Individual Dietary Supplements, Second Day",R1,UNIT: not person-level,drop,mechanical,https://wwwn.cdc.gov/Nchs/Data/Nhanes/Public/2007/DataFiles/DS2IDS_E.xpt
2007-2008,Dietary,DS1TOT_E,"Dietary Supplement Use 24-Hour - Total Dietary Supplements, First Day",R4,DIET-FRAME: WTDRD1 frame + mediator in DAG,drop,mechanical,https://wwwn.cdc.gov/Nchs/Data/Nhanes/Public/2007/DataFiles/DS1TOT_E.xpt
2007-2008,Dietary,DS2TOT_E,"Dietary Supplement Use 24-Hour - Total Dietary Supplements, Second Day",R4,DIET-FRAME: WTDRD1 frame + mediator in DAG,drop,mechanical,https://wwwn.cdc.gov/Nchs/Data/Nhanes/Public/2007/DataFiles/DS2TOT_E.xpt
2007-2008,Dietary,DSQIDS_E,Dietary Supplement Use 30 Day - Individual Dietary Supplements,R1,UNIT: not person-level,drop,mechanical,https://wwwn.cdc.gov/Nchs/Data/Nhanes/Public/2007/DataFiles/DSQIDS_E.xpt
2007-2008,Dietary,DSQTOT_E,Dietary Supplement Use 30-Day - Total Dietary Supplements,R4,DIET-FRAME: WTDRD1 frame + mediator in DAG,drop,mechanical,https://wwwn.cdc.gov/Nchs/Data/Nhanes/Public/2007/DataFiles/DSQTOT_E.xpt
2007-2008,Examination,AUX_E,Audiometry,R5,"OFF-DAG: no path to outcome, not a confounder",drop,judgement,https://wwwn.cdc.gov/Nchs/Data/Nhanes/Public/2007/DataFiles/AUX_E.xpt
2007-2008,Examination,AUXAR_E,Audiometry - Acoustic Reflex,R5,"OFF-DAG: no path to outcome, not a confounder",drop,judgement,https://wwwn.cdc.gov/Nchs/Data/Nhanes/Public/2007/DataFiles/AUXAR_E.xpt
2007-2008,Examination,AUXTYM_E,Audiometry - Tympanometry,R5,"OFF-DAG: no path to outcome, not a confounder",drop,judgement,https://wwwn.cdc.gov/Nchs/Data/Nhanes/Public/2007/DataFiles/AUXTYM_E.xpt
2007-2008,Examination,BPX_E,Blood Pressure,KEEP,whitelist: blood_pressure_exam,keep,judgement,https://wwwn.cdc.gov/Nchs/Data/Nhanes/Public/2007/DataFiles/BPX_E.xpt
2007-2008,Examination,BMX_E,Body Measures,KEEP,whitelist: body_measures,keep,judgement,https://wwwn.cdc.gov/Nchs/Data/Nhanes/Public/2007/DataFiles/BMX_E.xpt
2007-2008,Examination,DXXFEM_E,Dual Energy X-ray Absorptiometry - Femur,R5,"OFF-DAG: no path to outcome, not a confounder",drop,judgement,https://wwwn.cdc.gov/Nchs/Data/Nhanes/Public/2007/DataFiles/DXXFEM_E.xpt
2007-2008,Examination,DXXSPN_E,Dual Energy X-ray Absorptiometry - Spine,R5,"OFF-DAG: no path to outcome, not a confounder",drop,judgement,https://wwwn.cdc.gov/Nchs/Data/Nhanes/Public/2007/DataFiles/DXXSPN_E.xpt
2007-2008,Examination,ENX_E,Exhaled Nitric Oxide,R5,"OFF-DAG: no path to outcome, not a confounder",drop,judgement,https://wwwn.cdc.gov/Nchs/Data/Nhanes/Public/2007/DataFiles/ENX_E.xpt
2007-2008,Examination,OPXFDT_E,Ophthalmology - Frequency Doubling Technology,R5,"OFF-DAG: no path to outcome, not a confounder",drop,judgement,https://wwwn.cdc.gov/Nchs/Data/Nhanes/Public/2007/DataFiles/OPXFDT_E.xpt
2007-2008,Examination,OPXRET_E,Ophthalmology - Retinal Imaging,R5,"OFF-DAG: no path to outcome, not a confounder",drop,judgement,https://wwwn.cdc.gov/Nchs/Data/Nhanes/Public/2007/DataFiles/OPXRET_E.xpt
2007-2008,Examination,OHX_E,Oral Health,R5,"OFF-DAG: no path to outcome, not a confounder",drop,judgement,https://wwwn.cdc.gov/Nchs/Data/Nhanes/Public/2007/DataFiles/OHX_E.xpt
2007-2008,Examination,SPX_E,Spirometry - Pre and Post-Bronchodilator,R5,"OFF-DAG: no path to outcome, not a confounder",drop,judgement,https://wwwn.cdc.gov/Nchs/Data/Nhanes/Public/2007/DataFiles/SPX_E.xpt
2007-2008,Examination,SPXRAW_E,Spirometry - Raw Curve Data,R5,"OFF-DAG: no path to outcome, not a confounder",drop,judgement,https://wwwn.cdc.gov/Nchs/Data/Nhanes/Public/2007/DataFiles/SPXRAW_E.zip
2007-2008,Examination,VIX_E,Vision,R5,"OFF-DAG: no path to outcome, not a confounder",drop,judgement,https://wwwn.cdc.gov/Nchs/Data/Nhanes/Public/2007/DataFiles/VIX_E.xpt
2007-2008,Laboratory,ALB_CR_E,Albumin & Creatinine - Urine,KEEP,whitelist: urine_albumin_creat,keep,judgement,https://wwwn.cdc.gov/Nchs/Data/Nhanes/Public/2007/DataFiles/ALB_CR_E.xpt
2007-2008,Laboratory,APOB_E,Apolipoprotein B,R5,"OFF-DAG: no path to outcome, not a confounder",drop,judgement,https://wwwn.cdc.gov/Nchs/Data/Nhanes/Public/2007/DataFiles/APOB_E.xpt
2007-2008,Laboratory,UAS_E,Arsenics - Total & Speciated - Urine,R5,"OFF-DAG: no path to outcome, not a confounder",drop,judgement,https://wwwn.cdc.gov/Nchs/Data/Nhanes/Public/2007/DataFiles/UAS_E.xpt
2007-2008,Laboratory,UAM_E,Atrazine and Metabolites,R5,"OFF-DAG: no path to outcome, not a confounder",drop,judgement,https://wwwn.cdc.gov/Nchs/Data/Nhanes/Public/2007/DataFiles/UAM_E.xpt
2007-2008,Laboratory,BFRPOL_E,Brominated Flame Retardants (BFRs) - Pooled Samples,R5,"OFF-DAG: no path to outcome, not a confounder",drop,judgement,https://wwwn.cdc.gov/Nchs/Data/Nhanes/Public/2007/DataFiles/BFRPOL_E.xpt
2007-2008,Laboratory,PBCD_E,"Cadmium, Lead, & Total Mercury - Blood",R5,"OFF-DAG: no path to outcome, not a confounder",drop,judgement,https://wwwn.cdc.gov/Nchs/Data/Nhanes/Public/2007/DataFiles/PBCD_E.xpt
2007-2008,Laboratory,CHLMDA_E,Chlamydia & Gonorrhea - Urine,R5,"OFF-DAG: no path to outcome, not a confounder",drop,judgement,https://wwwn.cdc.gov/Nchs/Data/Nhanes/Public/2007/DataFiles/CHLMDA_E.xpt
2007-2008,Laboratory,HDL_E,Cholesterol - HDL,KEEP,whitelist: cholesterol_total_hdl,keep,judgement,https://wwwn.cdc.gov/Nchs/Data/Nhanes/Public/2007/DataFiles/HDL_E.xpt
2007-2008,Laboratory,TRIGLY_E,Cholesterol - LDL & Triglycerides,KEEP,whitelist: cholesterol_ldl_trig,keep,judgement,https://wwwn.cdc.gov/Nchs/Data/Nhanes/Public/2007/DataFiles/TRIGLY_E.xpt
2007-2008,Laboratory,TCHOL_E,Cholesterol - Total,KEEP,whitelist: cholesterol_total_hdl,keep,judgement,https://wwwn.cdc.gov/Nchs/Data/Nhanes/Public/2007/DataFiles/TCHOL_E.xpt
2007-2008,Laboratory,CBC_E,Complete Blood Count with 5-part Differential - Whole Blood,R5,"OFF-DAG: no path to outcome, not a confounder",drop,judgement,https://wwwn.cdc.gov/Nchs/Data/Nhanes/Public/2007/DataFiles/CBC_E.xpt
2007-2008,Laboratory,COTNAL_E,Cotinine - Serum & Total NNAL - Urine,R5,"OFF-DAG: no path to outcome, not a confounder",drop,judgement,https://wwwn.cdc.gov/Nchs/Data/Nhanes/Public/2007/DataFiles/COTNAL_E.xpt
2007-2008,Laboratory,CRP_E,C-Reactive Protein (CRP),R5,"OFF-DAG: no path to outcome, not a confounder",drop,judgement,https://wwwn.cdc.gov/Nchs/Data/Nhanes/Public/2007/DataFiles/CRP_E.xpt
2007-2008,Laboratory,DEET_E,DEET and Metabolites,R5,"OFF-DAG: no path to outcome, not a confounder",drop,judgement,https://wwwn.cdc.gov/Nchs/Data/Nhanes/Public/2007/DataFiles/DEET_E.xpt
2007-2008,Laboratory,EPH_E,Environmental Phenols,R5,"OFF-DAG: no path to outcome, not a confounder",drop,judgement,https://wwwn.cdc.gov/Nchs/Data/Nhanes/Public/2007/DataFiles/EPH_E.xpt
2007-2008,Laboratory,SSEBV_E,Epstein-Barr Virus (VCA IgG) - Serum (Surplus),R3,"SURPLUS: subsample assay, no companion weight",drop,mechanical,https://wwwn.cdc.gov/Nchs/Data/Nhanes/Public/2007/DataFiles/SSEBV_E.xpt
2007-2008,Laboratory,FASTQX_E,Fasting Questionnaire,R5,"OFF-DAG: no path to outcome, not a confounder",drop,judgement,https://wwwn.cdc.gov/Nchs/Data/Nhanes/Public/2007/DataFiles/FASTQX_E.xpt
2007-2008,Laboratory,FERTIN_E,Ferritin,R5,"OFF-DAG: no path to outcome, not a confounder",drop,judgement,https://wwwn.cdc.gov/Nchs/Data/Nhanes/Public/2007/DataFiles/FERTIN_E.xpt
2007-2008,Laboratory,FOLATE_E,Folate - RBC & Serum,R5,"OFF-DAG: no path to outcome, not a confounder",drop,judgement,https://wwwn.cdc.gov/Nchs/Data/Nhanes/Public/2007/DataFiles/FOLATE_E.xpt
2007-2008,Laboratory,FOLFMS_E,Folate Forms - Individual - Serum,R5,"OFF-DAG: no path to outcome, not a confounder",drop,judgement,https://wwwn.cdc.gov/Nchs/Data/Nhanes/Public/2007/DataFiles/FOLFMS_E.xpt
2007-2008,Laboratory,GHB_E,Glycohemoglobin,KEEP,whitelist: glycohemoglobin,keep,judgement,https://wwwn.cdc.gov/Nchs/Data/Nhanes/Public/2007/DataFiles/GHB_E.xpt
2007-2008,Laboratory,HEPA_E,Hepatitis A Antibody,R5,"OFF-DAG: no path to outcome, not a confounder",drop,judgement,https://wwwn.cdc.gov/Nchs/Data/Nhanes/Public/2007/DataFiles/HEPA_E.xpt
2007-2008,Laboratory,HEPB_S_E,Hepatitis B Surface Antibody,R5,"OFF-DAG: no path to outcome, not a confounder",drop,judgement,https://wwwn.cdc.gov/Nchs/Data/Nhanes/Public/2007/DataFiles/HEPB_S_E.xpt
2007-2008,Laboratory,HEPBD_E,"Hepatitis B: Core antibody, Surface atigen, and Hepatitis D: antibody",R5,"OFF-DAG: no path to outcome, not a confounder",drop,judgement,https://wwwn.cdc.gov/Nchs/Data/Nhanes/Public/2007/DataFiles/HEPBD_E.xpt
2007-2008,Laboratory,SSHCV_E,Hepatitis C Antibody Reflex Testing - Serum (Surplus),R3,"SURPLUS: subsample assay, no companion weight",drop,mechanical,https://wwwn.cdc.gov/Nchs/Data/Nhanes/Public/2007/DataFiles/SSHCV_E.xpt
2007-2008,Laboratory,HEPC_E,"Hepatitis C: Confirmed Antibody, RNA (HCV-RNA), & Genotype",R5,"OFF-DAG: no path to outcome, not a confounder",drop,judgement,https://wwwn.cdc.gov/Nchs/Data/Nhanes/Public/2007/DataFiles/HEPC_E.xpt
2007-2008,Laboratory,HSV_E,Herpes Simplex Virus Type-1 & Type-2,R5,"OFF-DAG: no path to outcome, not a confounder",drop,judgement,https://wwwn.cdc.gov/Nchs/Data/Nhanes/Public/2007/DataFiles/HSV_E.xpt
2007-2008,Laboratory,HIV_E,HIV Antibody Test,R5,"OFF-DAG: no path to outcome, not a confounder",drop,judgement,https://wwwn.cdc.gov/Nchs/Data/Nhanes/Public/2007/DataFiles/HIV_E.xpt
2007-2008,Laboratory,HPVSER_E,"Human Papillomavirus (HPV) - 6, 11, 16 & 18 Antibody – Serum: 4-plex CLIA",R5,"OFF-DAG: no path to outcome, not a confounder",drop,judgement,https://wwwn.cdc.gov/Nchs/Data/Nhanes/Public/2007/DataFiles/HPVSER_E.xpt
2007-2008,Laboratory,HPVSWR_E,Human Papillomavirus (HPV) DNA - Vaginal Swab: Digene Hybrid Capture & Roche Linear Array,R5,"OFF-DAG: no path to outcome, not a confounder",drop,judgement,https://wwwn.cdc.gov/Nchs/Data/Nhanes/Public/2007/DataFiles/HPVSWR_E.xpt
2007-2008,Laboratory,UIO_E,Iodine - Urine,R5,"OFF-DAG: no path to outcome, not a confounder",drop,judgement,https://wwwn.cdc.gov/Nchs/Data/Nhanes/Public/2007/DataFiles/UIO_E.xpt
2007-2008,Laboratory,SSKL_E,Klotho - Serum (Surplus),R3,"SURPLUS: subsample assay, no companion weight",drop,mechanical,https://wwwn.cdc.gov/Nchs/Data/Nhanes/Public/2007/DataFiles/SSKL_E.xpt
2007-2008,Laboratory,IHG_E,Mercury: Inorganic - Blood,R5,"OFF-DAG: no path to outcome, not a confounder",drop,judgement,https://wwwn.cdc.gov/Nchs/Data/Nhanes/Public/2007/DataFiles/IHG_E.xpt
2007-2008,Laboratory,UHG_E,Mercury: Inorganic - Urine,R5,"OFF-DAG: no path to outcome, not a confounder",drop,judgement,https://wwwn.cdc.gov/Nchs/Data/Nhanes/Public/2007/DataFiles/UHG_E.xpt
2007-2008,Laboratory,UHM_E,Metals - Urine,R5,"OFF-DAG: no path to outcome, not a confounder",drop,judgement,https://wwwn.cdc.gov/Nchs/Data/Nhanes/Public/2007/DataFiles/UHM_E.xpt
2007-2008,Laboratory,PCBPOL_E,Non-dioxin-like Polychlorinated Biphenyls & Mono-ortho-substituted Polychlorinated Biphenyls - Pooled Samples,R5,"OFF-DAG: no path to outcome, not a confounder",drop,judgement,https://wwwn.cdc.gov/Nchs/Data/Nhanes/Public/2007/DataFiles/PCBPOL_E.xpt
2007-2008,Laboratory,OGTT_E,Oral Glucose Tolerance Test,R5,"OFF-DAG: no path to outcome, not a confounder",drop,judgement,https://wwwn.cdc.gov/Nchs/Data/Nhanes/Public/2007/DataFiles/OGTT_E.xpt
2007-2008,Laboratory,OPD_E,Organophosphate Insecticides - Diakyl Phosphate Metabolites - Urine,R5,"OFF-DAG: no path to outcome, not a confounder",drop,judgement,https://wwwn.cdc.gov/Nchs/Data/Nhanes/Public/2007/DataFiles/OPD_E.xpt
2007-2008,Laboratory,PERNT_E,"Perchlorate, Nitrate & Thiocyanate - Urine",R5,"OFF-DAG: no path to outcome, not a confounder",drop,judgement,https://wwwn.cdc.gov/Nchs/Data/Nhanes/Public/2007/DataFiles/PERNT_E.xpt
2007-2008,Laboratory,CARB_E,Pesticides - Carbamates & Organophosphorus Metabolites - Urine,R5,"OFF-DAG: no path to outcome, not a confounder",drop,judgement,https://wwwn.cdc.gov/Nchs/Data/Nhanes/Public/2007/DataFiles/CARB_E.xpt
2007-2008,Laboratory,UPP_E,"Pesticides - Current Use - Urine (Formerly Priority Pesticides, Non-persistent Pesticide Metabolites)",R5,"OFF-DAG: no path to outcome, not a confounder",drop,judgement,https://wwwn.cdc.gov/Nchs/Data/Nhanes/Public/2007/DataFiles/UPP_E.xpt
2007-2008,Laboratory,PP_E,Pesticides - Environmental - Urine,R5,"OFF-DAG: no path to outcome, not a confounder",drop,judgement,https://wwwn.cdc.gov/Nchs/Data/Nhanes/Public/2007/DataFiles/PP_E.xpt
2007-2008,Laboratory,PSTPOL_E,Pesticides - Organochlorine Pesticides - Pooled Samples,R5,"OFF-DAG: no path to outcome, not a confounder",drop,judgement,https://wwwn.cdc.gov/Nchs/Data/Nhanes/Public/2007/DataFiles/PSTPOL_E.xpt
2007-2008,Laboratory,PHTHTE_E,Phthalates - Urine,R5,"OFF-DAG: no path to outcome, not a confounder",drop,judgement,https://wwwn.cdc.gov/Nchs/Data/Nhanes/Public/2007/DataFiles/PHTHTE_E.xpt
2007-2008,Laboratory,PHYTO_E,Phytoestrogens - Urine,R5,"OFF-DAG: no path to outcome, not a confounder",drop,judgement,https://wwwn.cdc.gov/Nchs/Data/Nhanes/Public/2007/DataFiles/PHYTO_E.xpt
2007-2008,Laboratory,GLU_E,Plasma Fasting Glucose & Insulin,KEEP,whitelist: fasting_glucose,keep,judgement,https://wwwn.cdc.gov/Nchs/Data/Nhanes/Public/2007/DataFiles/GLU_E.xpt
2007-2008,Laboratory,PAH_E,Polyaromatic Hydrocarbons (PAHs) - Urine,R5,"OFF-DAG: no path to outcome, not a confounder",drop,judgement,https://wwwn.cdc.gov/Nchs/Data/Nhanes/Public/2007/DataFiles/PAH_E.xpt
2007-2008,Laboratory,DOXPOL_E,"Polychlorinated dibenzo-p-dioxins (PCDDs), Dibenzofurans (PCDFs) & Coplanar Polychlorinated Biphenyls (cPCBs) - Pooled Samples",R5,"OFF-DAG: no path to outcome, not a confounder",drop,judgement,https://wwwn.cdc.gov/Nchs/Data/Nhanes/Public/2007/DataFiles/DOXPOL_E.xpt
2007-2008,Laboratory,PFC_E,Polyfluoroalkyl Chemicals,R5,"OFF-DAG: no path to outcome, not a confounder",drop,judgement,https://wwwn.cdc.gov/Nchs/Data/Nhanes/Public/2007/DataFiles/PFC_E.xpt
2007-2008,Laboratory,POOLTF_E,Pooled-Sample Technical Support File,R1,UNIT: not person-level,drop,mechanical,https://wwwn.cdc.gov/Nchs/Data/Nhanes/Public/2007/DataFiles/POOLTF_E.xpt
2007-2008,Laboratory,UCPREG_E,Pregnancy Test - Urine,R5,"OFF-DAG: no path to outcome, not a confounder",drop,judgement,https://wwwn.cdc.gov/Nchs/Data/Nhanes/Public/2007/DataFiles/UCPREG_E.xpt
2007-2008,Laboratory,PSA_E,Prostate Specific Antigen (PSA),R5,"OFF-DAG: no path to outcome, not a confounder",drop,judgement,https://wwwn.cdc.gov/Nchs/Data/Nhanes/Public/2007/DataFiles/PSA_E.xpt
2007-2008,Laboratory,UPHOPM_E,"Pyrethroids, Herbicides, & OP Metabolites - Urine",R5,"OFF-DAG: no path to outcome, not a confounder",drop,judgement,https://wwwn.cdc.gov/Nchs/Data/Nhanes/Public/2007/DataFiles/UPHOPM_E.xpt
2007-2008,Laboratory,BIOPRO_E,Standard Biochemistry Profile,KEEP,whitelist: biochemistry,keep,judgement,https://wwwn.cdc.gov/Nchs/Data/Nhanes/Public/2007/DataFiles/BIOPRO_E.xpt
2007-2008,Laboratory,THYROD_E,Thyroid Profile,R5,"OFF-DAG: no path to outcome, not a confounder",drop,judgement,https://wwwn.cdc.gov/Nchs/Data/Nhanes/Public/2007/DataFiles/THYROD_E.xpt
2007-2008,Laboratory,TFR_E,Transferrin Receptor,R5,"OFF-DAG: no path to outcome, not a confounder",drop,judgement,https://wwwn.cdc.gov/Nchs/Data/Nhanes/Public/2007/DataFiles/TFR_E.xpt
2007-2008,Laboratory,SSUSG_E,Urine Specific Gravity Measurement (Surplus),R3,"SURPLUS: subsample assay, no companion weight",drop,mechanical,https://wwwn.cdc.gov/Nchs/Data/Nhanes/Public/2007/DataFiles/SSUSG_E.xpt
2007-2008,Laboratory,VIT_B6_E,Vitamin B6,R5,"OFF-DAG: no path to outcome, not a confounder",drop,judgement,https://wwwn.cdc.gov/Nchs/Data/Nhanes/Public/2007/DataFiles/VIT_B6_E.xpt
2007-2008,Laboratory,,Vitamin D,R0,ACCESS: RDC application required,drop,mechanical,
2007-2008,Laboratory,VOCWB_E,Volatile Organic Compounds - Blood & Related Questionnaire Items,R5,"OFF-DAG: no path to outcome, not a confounder",drop,judgement,https://wwwn.cdc.gov/Nchs/Data/Nhanes/Public/2007/DataFiles/VOCWB_E.xpt
2007-2008,Laboratory,VOCMWB_E,Volatile Organic Compounds - Trihalomethanes/MTBE/Nitromethane - Blood,R5,"OFF-DAG: no path to outcome, not a confounder",drop,judgement,https://wwwn.cdc.gov/Nchs/Data/Nhanes/Public/2007/DataFiles/VOCMWB_E.xpt
2007-2008,Laboratory,VOC_E,Volatile Organic Compounds - Water & Related Questionnaire Items,R5,"OFF-DAG: no path to outcome, not a confounder",drop,judgement,https://wwwn.cdc.gov/Nchs/Data/Nhanes/Public/2007/DataFiles/VOC_E.xpt
2007-2008,Questionnaire,ACQ_E,Acculturation,R5,"OFF-DAG: no path to outcome, not a confounder",drop,judgement,https://wwwn.cdc.gov/Nchs/Data/Nhanes/Public/2007/DataFiles/ACQ_E.xpt
2007-2008,Questionnaire,AQQ_E,Air Quality,R5,"OFF-DAG: no path to outcome, not a confounder",drop,judgement,https://wwwn.cdc.gov/Nchs/Data/Nhanes/Public/2007/DataFiles/AQQ_E.xpt
2007-2008,Questionnaire,ALQ_E,Alcohol Use,KEEP,whitelist: alcohol,keep,judgement,https://wwwn.cdc.gov/Nchs/Data/Nhanes/Public/2007/DataFiles/ALQ_E.xpt
2007-2008,Questionnaire,AUQ_E,Audiometry,R5,"OFF-DAG: no path to outcome, not a confounder",drop,judgement,https://wwwn.cdc.gov/Nchs/Data/Nhanes/Public/2007/DataFiles/AUQ_E.xpt
2007-2008,Questionnaire,BPQ_E,Blood Pressure & Cholesterol,KEEP,whitelist: blood_pressure_quex,keep,judgement,https://wwwn.cdc.gov/Nchs/Data/Nhanes/Public/2007/DataFiles/BPQ_E.xpt
2007-2008,Questionnaire,BHQ_E,Bowel Health,R5,"OFF-DAG: no path to outcome, not a confounder",drop,judgement,https://wwwn.cdc.gov/Nchs/Data/Nhanes/Public/2007/DataFiles/BHQ_E.xpt
2007-2008,Questionnaire,CDQ_E,Cardiovascular Health,KEEP,whitelist: cardiovascular_health,keep,judgement,https://wwwn.cdc.gov/Nchs/Data/Nhanes/Public/2007/DataFiles/CDQ_E.xpt
2007-2008,Questionnaire,CBQ_E,Consumer Behavior,R5,"OFF-DAG: no path to outcome, not a confounder",drop,judgement,https://wwwn.cdc.gov/Nchs/Data/Nhanes/Public/2007/DataFiles/CBQ_E.xpt
2007-2008,Questionnaire,CBQPFA_E,Consumer Behavior Phone Follow-up Module - Adult,R5,"OFF-DAG: no path to outcome, not a confounder",drop,judgement,https://wwwn.cdc.gov/Nchs/Data/Nhanes/Public/2007/DataFiles/CBQPFA_E.xpt
2007-2008,Questionnaire,CBQPFC_E,Consumer Behavior Phone Follow-up Module - Child,R2,POPULATION: youth/children only,drop,mechanical,https://wwwn.cdc.gov/Nchs/Data/Nhanes/Public/2007/DataFiles/CBQPFC_E.xpt
2007-2008,Questionnaire,HSQ_E,Current Health Status,R5,"OFF-DAG: no path to outcome, not a confounder",drop,judgement,https://wwwn.cdc.gov/Nchs/Data/Nhanes/Public/2007/DataFiles/HSQ_E.xpt
2007-2008,Questionnaire,DIQ_E,Diabetes,KEEP,whitelist: diabetes_quex,keep,judgement,https://wwwn.cdc.gov/Nchs/Data/Nhanes/Public/2007/DataFiles/DIQ_E.xpt
2007-2008,Questionnaire,DBQ_E,Diet Behavior & Nutrition,R5,"OFF-DAG: no path to outcome, not a confounder",drop,judgement,https://wwwn.cdc.gov/Nchs/Data/Nhanes/Public/2007/DataFiles/DBQ_E.xpt
2007-2008,Questionnaire,DUQ_E,Drug Use,R5,"OFF-DAG: no path to outcome, not a confounder",drop,judgement,https://wwwn.cdc.gov/Nchs/Data/Nhanes/Public/2007/DataFiles/DUQ_E.xpt
2007-2008,Questionnaire,ECQ_E,Early Childhood,R5,"OFF-DAG: no path to outcome, not a confounder",drop,judgement,https://wwwn.cdc.gov/Nchs/Data/Nhanes/Public/2007/DataFiles/ECQ_E.xpt
2007-2008,Questionnaire,FSQ_E,Food Security,R5,"OFF-DAG: no path to outcome, not a confounder",drop,judgement,https://wwwn.cdc.gov/Nchs/Data/Nhanes/Public/2007/DataFiles/FSQ_E.xpt
2007-2008,Questionnaire,HIQ_E,Health Insurance,KEEP,whitelist: health_insurance,keep,judgement,https://wwwn.cdc.gov/Nchs/Data/Nhanes/Public/2007/DataFiles/HIQ_E.xpt
2007-2008,Questionnaire,HCQ_E,Hepatitis C Follow Up,R5,"OFF-DAG: no path to outcome, not a confounder",drop,judgement,https://wwwn.cdc.gov/Nchs/Data/Nhanes/Public/2007/DataFiles/HCQ_E.xpt
2007-2008,Questionnaire,HUQ_E,Hospital Utilization & Access to Care,R5,"OFF-DAG: no path to outcome, not a confounder",drop,judgement,https://wwwn.cdc.gov/Nchs/Data/Nhanes/Public/2007/DataFiles/HUQ_E.xpt
2007-2008,Questionnaire,HOQ_E,Housing Characteristics,R5,"OFF-DAG: no path to outcome, not a confounder",drop,judgement,https://wwwn.cdc.gov/Nchs/Data/Nhanes/Public/2007/DataFiles/HOQ_E.xpt
2007-2008,Questionnaire,IMQ_E,Immunization,R5,"OFF-DAG: no path to outcome, not a confounder",drop,judgement,https://wwwn.cdc.gov/Nchs/Data/Nhanes/Public/2007/DataFiles/IMQ_E.xpt
2007-2008,Questionnaire,INQ_E,Income,R5,"OFF-DAG: no path to outcome, not a confounder",drop,judgement,https://wwwn.cdc.gov/Nchs/Data/Nhanes/Public/2007/DataFiles/INQ_E.xpt
2007-2008,Questionnaire,KIQ_U_E,Kidney Conditions - Urology,KEEP,whitelist: kidney_quex,keep,judgement,https://wwwn.cdc.gov/Nchs/Data/Nhanes/Public/2007/DataFiles/KIQ_U_E.xpt
2007-2008,Questionnaire,MCQ_E,Medical Conditions,KEEP,whitelist: medical_conditions,keep,judgement,https://wwwn.cdc.gov/Nchs/Data/Nhanes/Public/2007/DataFiles/MCQ_E.xpt
2007-2008,Questionnaire,DPQ_E,Mental Health - Depression Screener,R5,"OFF-DAG: no path to outcome, not a confounder",drop,judgement,https://wwwn.cdc.gov/Nchs/Data/Nhanes/Public/2007/DataFiles/DPQ_E.xpt
2007-2008,Questionnaire,OCQ_E,Occupation,R5,"OFF-DAG: no path to outcome, not a confounder",drop,judgement,https://wwwn.cdc.gov/Nchs/Data/Nhanes/Public/2007/DataFiles/OCQ_E.xpt
2007-2008,Questionnaire,OHQ_E,Oral Health,R5,"OFF-DAG: no path to outcome, not a confounder",drop,judgement,https://wwwn.cdc.gov/Nchs/Data/Nhanes/Public/2007/DataFiles/OHQ_E.xpt
2007-2008,Questionnaire,OSQ_E,Osteoporosis,R5,"OFF-DAG: no path to outcome, not a confounder",drop,judgement,https://wwwn.cdc.gov/Nchs/Data/Nhanes/Public/2007/DataFiles/OSQ_E.xpt
2007-2008,Questionnaire,PUQMEC_E,Pesticide Use,R5,"OFF-DAG: no path to outcome, not a confounder",drop,judgement,https://wwwn.cdc.gov/Nchs/Data/Nhanes/Public/2007/DataFiles/PUQMEC_E.xpt
2007-2008,Questionnaire,PAQ_E,Physical Activity,KEEP,whitelist: physical_activity,keep,judgement,https://wwwn.cdc.gov/Nchs/Data/Nhanes/Public/2007/DataFiles/PAQ_E.xpt
2007-2008,Questionnaire,PFQ_E,Physical Functioning,R5,"OFF-DAG: no path to outcome, not a confounder",drop,judgement,https://wwwn.cdc.gov/Nchs/Data/Nhanes/Public/2007/DataFiles/PFQ_E.xpt
2007-2008,Questionnaire,RXQ_RX_E,Prescription Medications,KEEP,whitelist: prescription_meds,keep,judgement,https://wwwn.cdc.gov/Nchs/Data/Nhanes/Public/2007/DataFiles/RXQ_RX_E.xpt
2007-2008,Questionnaire,RXQ_DRUG,Prescription Medications - Drug Information,R1,UNIT: not person-level,drop,mechanical,https://wwwn.cdc.gov/Nchs/Data/Nhanes/Public/1988/DataFiles/RXQ_DRUG.xpt
2007-2008,Questionnaire,KIQ_P_E,Prostate Conditions,R5,"OFF-DAG: no path to outcome, not a confounder",drop,judgement,https://wwwn.cdc.gov/Nchs/Data/Nhanes/Public/2007/DataFiles/KIQ_P_E.xpt
2007-2008,Questionnaire,RHQ_E,Reproductive Health,R5,"OFF-DAG: no path to outcome, not a confounder",drop,judgement,https://wwwn.cdc.gov/Nchs/Data/Nhanes/Public/2007/DataFiles/RHQ_E.xpt
2007-2008,Questionnaire,RDQ_E,Respiratory Health,R5,"OFF-DAG: no path to outcome, not a confounder",drop,judgement,https://wwwn.cdc.gov/Nchs/Data/Nhanes/Public/2007/DataFiles/RDQ_E.xpt
2007-2008,Questionnaire,SXQ_E,Sexual Behavior,R5,"OFF-DAG: no path to outcome, not a confounder",drop,judgement,https://wwwn.cdc.gov/Nchs/Data/Nhanes/Public/2007/DataFiles/SXQ_E.xpt
2007-2008,Questionnaire,SLQ_E,Sleep Disorders,KEEP,whitelist: sleep,keep,judgement,https://wwwn.cdc.gov/Nchs/Data/Nhanes/Public/2007/DataFiles/SLQ_E.xpt
2007-2008,Questionnaire,SMQ_E,Smoking - Cigarette Use,KEEP,whitelist: smoking,keep,judgement,https://wwwn.cdc.gov/Nchs/Data/Nhanes/Public/2007/DataFiles/SMQ_E.xpt
2007-2008,Questionnaire,SMQFAM_E,Smoking - Household Smokers,R5,"OFF-DAG (considered): household smokers — secondhand exposure, not the participant's own smoking",drop,judgement,https://wwwn.cdc.gov/Nchs/Data/Nhanes/Public/2007/DataFiles/SMQFAM_E.xpt
2007-2008,Questionnaire,SMQRTU_E,Smoking - Recent Tobacco Use,R5,"OFF-DAG (considered): recent tobacco use (5-day recall) — supplements SMQ, not a substitute",drop,judgement,https://wwwn.cdc.gov/Nchs/Data/Nhanes/Public/2007/DataFiles/SMQRTU_E.xpt
2007-2008,Questionnaire,SSQ_E,Social Support,R3,"SURPLUS: subsample assay, no companion weight",drop,mechanical,https://wwwn.cdc.gov/Nchs/Data/Nhanes/Public/2007/DataFiles/SSQ_E.xpt
2007-2008,Questionnaire,VIQ_E,Vision,R5,"OFF-DAG: no path to outcome, not a confounder",drop,judgement,https://wwwn.cdc.gov/Nchs/Data/Nhanes/Public/2007/DataFiles/VIQ_E.xpt
2007-2008,Questionnaire,WHQ_E,Weight History,R5,"OFF-DAG: no path to outcome, not a confounder",drop,judgement,https://wwwn.cdc.gov/Nchs/Data/Nhanes/Public/2007/DataFiles/WHQ_E.xpt
2007-2008,Questionnaire,WHQMEC_E,Weight History - Youth,R2,POPULATION: youth/children only,drop,mechanical,https://wwwn.cdc.gov/Nchs/Data/Nhanes/Public/2007/DataFiles/WHQMEC_E.xpt
2007-2008,LimitedAccess,,Alcohol Use - Youth,R0,ACCESS: RDC application required,drop,mechanical,
2007-2008,LimitedAccess,,California - Demographic Variables & Sample Weights,R0,ACCESS: RDC application required,drop,mechanical,
2007-2008,LimitedAccess,,Chlamydia & Gonorrhea - Urine - Youth,R0,ACCESS: RDC application required,drop,mechanical,
2007-2008,LimitedAccess,,Dermatology,R0,ACCESS: RDC application required,drop,mechanical,
2007-2008,LimitedAccess,,Drug Use - Youth,R0,ACCESS: RDC application required,drop,mechanical,
2007-2008,LimitedAccess,,Food Security - Pregnant Women,R0,ACCESS: RDC application required,drop,mechanical,
2007-2008,LimitedAccess,,"Geocoded Data, NHANES 1999-2016, Census 2000",R0,ACCESS: RDC application required,drop,mechanical,
2007-2008,LimitedAccess,,"Geocoded Data, NHANES 1999-2018, Census 2010",R0,ACCESS: RDC application required,drop,mechanical,
2007-2008,LimitedAccess,,"Geocoded Data, NHANES 1999-March 2020, Census 2020",R0,ACCESS: RDC application required,drop,mechanical,
2007-2008,LimitedAccess,,Hemagglutination inhibition antibody titers to influenza A/ H1N1 viruses (Surplus),R0,ACCESS: RDC application required,drop,mechanical,
2007-2008,LimitedAccess,,Herpes Simplex Virus Type-2 - Youth,R0,ACCESS: RDC application required,drop,mechanical,
2007-2008,LimitedAccess,,"Human Papillomavirus (HPV) - 6, 11, 16 & 18 Antibody - Serum - Youth",R0,ACCESS: RDC application required,drop,mechanical,
2007-2008,LimitedAccess,,Human Papillomavirus (HPV) DNA - Vaginal Swab: Digene Hybrid Capture & Roche Linear Array - Youth,R0,ACCESS: RDC application required,drop,mechanical,
2007-2008,LimitedAccess,,"Los Angeles County, California - Demographic Variables & Sample Weights",R0,ACCESS: RDC application required,drop,mechanical,
2007-2008,LimitedAccess,,Mental Health - Depression Screener - Youth,R0,ACCESS: RDC application required,drop,mechanical,
2007-2008,LimitedAccess,,Occupation - Industry & Occupation Codes,R0,ACCESS: RDC application required,drop,mechanical,
2007-2008,LimitedAccess,,Reproductive Health - Pregnant Women,R0,ACCESS: RDC application required,drop,mechanical,
2007-2008,LimitedAccess,,Sexual Behavior - Youth,R0,ACCESS: RDC application required,drop,mechanical,
2009-2010,Demographics,DEMO_F,Demographic Variables & Sample Weights,KEEP,whitelist: demographics,keep,judgement,https://wwwn.cdc.gov/Nchs/Data/Nhanes/Public/2009/DataFiles/DEMO_F.xpt
2009-2010,Dietary,DR1IFF_F,"Dietary Interview - Individual Foods, First Day",R1,UNIT: not person-level,drop,mechanical,https://wwwn.cdc.gov/Nchs/Data/Nhanes/Public/2009/DataFiles/DR1IFF_F.xpt
2009-2010,Dietary,DR2IFF_F,"Dietary Interview - Individual Foods, Second Day",R1,UNIT: not person-level,drop,mechanical,https://wwwn.cdc.gov/Nchs/Data/Nhanes/Public/2009/DataFiles/DR2IFF_F.xpt
2009-2010,Dietary,DR1TOT_F,"Dietary Interview - Total Nutrient Intakes, First Day",R4,DIET-FRAME: WTDRD1 frame + mediator in DAG,drop,mechanical,https://wwwn.cdc.gov/Nchs/Data/Nhanes/Public/2009/DataFiles/DR1TOT_F.xpt
2009-2010,Dietary,DR2TOT_F,"Dietary Interview - Total Nutrient Intakes, Second Day",R4,DIET-FRAME: WTDRD1 frame + mediator in DAG,drop,mechanical,https://wwwn.cdc.gov/Nchs/Data/Nhanes/Public/2009/DataFiles/DR2TOT_F.xpt
2009-2010,Dietary,DRXFCD_F,Dietary Interview Technical Support File - Food Codes,R1,UNIT: not person-level,drop,mechanical,https://wwwn.cdc.gov/Nchs/Data/Nhanes/Public/2009/DataFiles/DRXFCD_F.xpt
2009-2010,Dietary,DRXMCD_F,Dietary Interview Technical Support File - Modification Codes,R1,UNIT: not person-level,drop,mechanical,https://wwwn.cdc.gov/Nchs/Data/Nhanes/Public/2009/DataFiles/DRXMCD_F.xpt
2009-2010,Dietary,DTQ_F,Dietary Screener Questionnaire,R4,DIET-FRAME: WTDRD1 frame + mediator in DAG,drop,mechanical,https://wwwn.cdc.gov/Nchs/Data/Nhanes/Public/2009/DataFiles/DTQ_F.xpt
2009-2010,Dietary,DSBI,Dietary Supplement Database - Blend Information,R1,UNIT: not person-level,drop,mechanical,https://wwwn.cdc.gov/Nchs/Data/Nhanes/Public/1999/DataFiles/DSBI.xpt
2009-2010,Dietary,DSII,Dietary Supplement Database - Ingredient Information,R1,UNIT: not person-level,drop,mechanical,https://wwwn.cdc.gov/Nchs/Data/Nhanes/Public/1999/DataFiles/DSII.xpt
2009-2010,Dietary,DSPI,Dietary Supplement Database - Product Information,R1,UNIT: not person-level,drop,mechanical,https://wwwn.cdc.gov/Nchs/Data/Nhanes/Public/1999/DataFiles/DSPI.xpt
2009-2010,Dietary,DS1IDS_F,"Dietary Supplement Use 24-Hour - Individual Dietary Supplements, First Day",R1,UNIT: not person-level,drop,mechanical,https://wwwn.cdc.gov/Nchs/Data/Nhanes/Public/2009/DataFiles/DS1IDS_F.xpt
2009-2010,Dietary,DS2IDS_F,"Dietary Supplement Use 24-Hour - Individual Dietary Supplements, Second Day",R1,UNIT: not person-level,drop,mechanical,https://wwwn.cdc.gov/Nchs/Data/Nhanes/Public/2009/DataFiles/DS2IDS_F.xpt
2009-2010,Dietary,DS1TOT_F,"Dietary Supplement Use 24-Hour - Total Dietary Supplements, First Day",R4,DIET-FRAME: WTDRD1 frame + mediator in DAG,drop,mechanical,https://wwwn.cdc.gov/Nchs/Data/Nhanes/Public/2009/DataFiles/DS1TOT_F.xpt
2009-2010,Dietary,DS2TOT_F,"Dietary Supplement Use 24-Hour - Total Dietary Supplements, Second Day",R4,DIET-FRAME: WTDRD1 frame + mediator in DAG,drop,mechanical,https://wwwn.cdc.gov/Nchs/Data/Nhanes/Public/2009/DataFiles/DS2TOT_F.xpt
2009-2010,Dietary,DSQIDS_F,Dietary Supplement Use 30 Day - Individual Dietary Supplements,R1,UNIT: not person-level,drop,mechanical,https://wwwn.cdc.gov/Nchs/Data/Nhanes/Public/2009/DataFiles/DSQIDS_F.xpt
2009-2010,Dietary,DSQTOT_F,Dietary Supplement Use 30-Day - Total Dietary Supplements,R4,DIET-FRAME: WTDRD1 frame + mediator in DAG,drop,mechanical,https://wwwn.cdc.gov/Nchs/Data/Nhanes/Public/2009/DataFiles/DSQTOT_F.xpt
2009-2010,Examination,ARX_F,Arthritis Body Measures,R5,"OFF-DAG: no path to outcome, not a confounder",drop,judgement,https://wwwn.cdc.gov/Nchs/Data/Nhanes/Public/2009/DataFiles/ARX_F.xpt
2009-2010,Examination,AUX_F,Audiometry,R5,"OFF-DAG: no path to outcome, not a confounder",drop,judgement,https://wwwn.cdc.gov/Nchs/Data/Nhanes/Public/2009/DataFiles/AUX_F.xpt
2009-2010,Examination,AUXAR_F,Audiometry - Acoustic Reflex,R5,"OFF-DAG: no path to outcome, not a confounder",drop,judgement,https://wwwn.cdc.gov/Nchs/Data/Nhanes/Public/2009/DataFiles/AUXAR_F.xpt
2009-2010,Examination,AUXTYM_F,Audiometry - Tympanometry,R5,"OFF-DAG: no path to outcome, not a confounder",drop,judgement,https://wwwn.cdc.gov/Nchs/Data/Nhanes/Public/2009/DataFiles/AUXTYM_F.xpt
2009-2010,Examination,BPX_F,Blood Pressure,KEEP,whitelist: blood_pressure_exam,keep,judgement,https://wwwn.cdc.gov/Nchs/Data/Nhanes/Public/2009/DataFiles/BPX_F.xpt
2009-2010,Examination,BMX_F,Body Measures,KEEP,whitelist: body_measures,keep,judgement,https://wwwn.cdc.gov/Nchs/Data/Nhanes/Public/2009/DataFiles/BMX_F.xpt
2009-2010,Examination,DXXFEM_F,Dual Energy X-ray Absorptiometry - Femur,R5,"OFF-DAG: no path to outcome, not a confounder",drop,judgement,https://wwwn.cdc.gov/Nchs/Data/Nhanes/Public/2009/DataFiles/DXXFEM_F.xpt
2009-2010,Examination,DXXSPN_F,Dual Energy X-ray Absorptiometry - Spine,R5,"OFF-DAG: no path to outcome, not a confounder",drop,judgement,https://wwwn.cdc.gov/Nchs/Data/Nhanes/Public/2009/DataFiles/DXXSPN_F.xpt
2009-2010,Examination,ENX_F,Exhaled Nitric Oxide,R5,"OFF-DAG: no path to outcome, not a confounder",drop,judgement,https://wwwn.cdc.gov/Nchs/Data/Nhanes/Public/2009/DataFiles/ENX_F.xpt
2009-2010,Examination,FLXCLN_F,Fluorosis - Clinical,R5,"OFF-DAG: no path to outcome, not a confounder",drop,judgement,https://wwwn.cdc.gov/Nchs/Data/Nhanes/Public/2009/DataFiles/FLXCLN_F.xpt
2009-2010,Examination,OHXDEN_F,Oral Health - Dentition,R5,"OFF-DAG: no path to outcome, not a confounder",drop,judgement,https://wwwn.cdc.gov/Nchs/Data/Nhanes/Public/2009/DataFiles/OHXDEN_F.xpt
2009-2010,Examination,OHXPER_F,Oral Health - Periodontal,R5,"OFF-DAG: no path to outcome, not a confounder",drop,judgement,https://wwwn.cdc.gov/Nchs/Data/Nhanes/Public/2009/DataFiles/OHXPER_F.xpt
2009-2010,Examination,OHXREF_F,Oral Health - Recommendation of Care,R5,"OFF-DAG: no path to outcome, not a confounder",drop,judgement,https://wwwn.cdc.gov/Nchs/Data/Nhanes/Public/2009/DataFiles/OHXREF_F.xpt
2009-2010,Examination,SPX_F,Spirometry - Pre and Post-Bronchodilator,R5,"OFF-DAG: no path to outcome, not a confounder",drop,judgement,https://wwwn.cdc.gov/Nchs/Data/Nhanes/Public/2009/DataFiles/SPX_F.xpt
2009-2010,Examination,SPXRAW_F,Spirometry - Raw Curve Data,R5,"OFF-DAG: no path to outcome, not a confounder",drop,judgement,https://wwwn.cdc.gov/Nchs/Data/Nhanes/Public/2009/DataFiles/SPXRAW_F.zip
2009-2010,Laboratory,ALB_CR_F,Albumin & Creatinine - Urine,KEEP,whitelist: urine_albumin_creat,keep,judgement,https://wwwn.cdc.gov/Nchs/Data/Nhanes/Public/2009/DataFiles/ALB_CR_F.xpt
2009-2010,Laboratory,APOB_F,Apolipoprotein B,R5,"OFF-DAG: no path to outcome, not a confounder",drop,judgement,https://wwwn.cdc.gov/Nchs/Data/Nhanes/Public/2009/DataFiles/APOB_F.xpt
2009-2010,Laboratory,UAS_F,Arsenics - Total & Speciated - Urine,R5,"OFF-DAG: no path to outcome, not a confounder",drop,judgement,https://wwwn.cdc.gov/Nchs/Data/Nhanes/Public/2009/DataFiles/UAS_F.xpt
2009-2010,Laboratory,BFRPOL_F,Brominated Flame Retardants (BFRs) - Pooled Samples,R5,"OFF-DAG: no path to outcome, not a confounder",drop,judgement,https://wwwn.cdc.gov/Nchs/Data/Nhanes/Public/2009/DataFiles/BFRPOL_F.xpt
2009-2010,Laboratory,PBCD_F,"Cadmium, Lead, & Total Mercury - Blood",R5,"OFF-DAG: no path to outcome, not a confounder",drop,judgement,https://wwwn.cdc.gov/Nchs/Data/Nhanes/Public/2009/DataFiles/PBCD_F.xpt
2009-2010,Laboratory,CAFE_F,Caffeine & Caffeine Metabolites - Urine,R5,"OFF-DAG: no path to outcome, not a confounder",drop,judgement,https://wwwn.cdc.gov/Nchs/Data/Nhanes/Public/2009/DataFiles/CAFE_F.xpt
2009-2010,Laboratory,CHLMDA_F,Chlamydia - Urine,R5,"OFF-DAG: no path to outcome, not a confounder",drop,judgement,https://wwwn.cdc.gov/Nchs/Data/Nhanes/Public/2009/DataFiles/CHLMDA_F.xpt
2009-2010,Laboratory,HDL_F,Cholesterol - HDL,KEEP,whitelist: cholesterol_total_hdl,keep,judgement,https://wwwn.cdc.gov/Nchs/Data/Nhanes/Public/2009/DataFiles/HDL_F.xpt
2009-2010,Laboratory,TRIGLY_F,Cholesterol - LDL & Triglycerides,KEEP,whitelist: cholesterol_ldl_trig,keep,judgement,https://wwwn.cdc.gov/Nchs/Data/Nhanes/Public/2009/DataFiles/TRIGLY_F.xpt
2009-2010,Laboratory,TCHOL_F,Cholesterol - Total,KEEP,whitelist: cholesterol_total_hdl,keep,judgement,https://wwwn.cdc.gov/Nchs/Data/Nhanes/Public/2009/DataFiles/TCHOL_F.xpt
2009-2010,Laboratory,CBC_F,Complete Blood Count with 5-part Differential - Whole Blood,R5,"OFF-DAG: no path to outcome, not a confounder",drop,judgement,https://wwwn.cdc.gov/Nchs/Data/Nhanes/Public/2009/DataFiles/CBC_F.xpt
2009-2010,Laboratory,COTNAL_F,Cotinine - Serum & Total NNAL - Urine,R5,"OFF-DAG: no path to outcome, not a confounder",drop,judgement,https://wwwn.cdc.gov/Nchs/Data/Nhanes/Public/2009/DataFiles/COTNAL_F.xpt
2009-2010,Laboratory,CRP_F,C-Reactive Protein (CRP),R5,"OFF-DAG: no path to outcome, not a confounder",drop,judgement,https://wwwn.cdc.gov/Nchs/Data/Nhanes/Public/2009/DataFiles/CRP_F.xpt
2009-2010,Laboratory,DEET_F,DEET and Metabolites,R5,"OFF-DAG: no path to outcome, not a confounder",drop,judgement,https://wwwn.cdc.gov/Nchs/Data/Nhanes/Public/2009/DataFiles/DEET_F.xpt
2009-2010,Laboratory,EPH_F,Environmental Phenols,R5,"OFF-DAG: no path to outcome, not a confounder",drop,judgement,https://wwwn.cdc.gov/Nchs/Data/Nhanes/Public/2009/DataFiles/EPH_F.xpt
2009-2010,Laboratory,SSEBV_F,Epstein-Barr Virus (VCA IgG) - Serum (Surplus),R3,"SURPLUS: subsample assay, no companion weight",drop,mechanical,https://wwwn.cdc.gov/Nchs/Data/Nhanes/Public/2009/DataFiles/SSEBV_F.xpt
2009-2010,Laboratory,FASTQX_F,Fasting Questionnaire,R5,"OFF-DAG: no path to outcome, not a confounder",drop,judgement,https://wwwn.cdc.gov/Nchs/Data/Nhanes/Public/2009/DataFiles/FASTQX_F.xpt
2009-2010,Laboratory,FERTIN_F,Ferritin,R5,"OFF-DAG: no path to outcome, not a confounder",drop,judgement,https://wwwn.cdc.gov/Nchs/Data/Nhanes/Public/2009/DataFiles/FERTIN_F.xpt
2009-2010,Laboratory,FOLATE_F,Folate - RBC & Serum,R5,"OFF-DAG: no path to outcome, not a confounder",drop,judgement,https://wwwn.cdc.gov/Nchs/Data/Nhanes/Public/2009/DataFiles/FOLATE_F.xpt
2009-2010,Laboratory,GHB_F,Glycohemoglobin,KEEP,whitelist: glycohemoglobin,keep,judgement,https://wwwn.cdc.gov/Nchs/Data/Nhanes/Public/2009/DataFiles/GHB_F.xpt
2009-2010,Laboratory,HEPA_F,Hepatitis A Antibody,R5,"OFF-DAG: no path to outcome, not a confounder",drop,judgement,https://wwwn.cdc.gov/Nchs/Data/Nhanes/Public/2009/DataFiles/HEPA_F.xpt
2009-2010,Laboratory,HEPB_S_F,Hepatitis B Surface Antibody,R5,"OFF-DAG: no path to outcome, not a confounder",drop,judgement,https://wwwn.cdc.gov/Nchs/Data/Nhanes/Public/2009/DataFiles/HEPB_S_F.xpt
2009-2010,Laboratory,HEPBD_F,"Hepatitis B: Core antibody, Surface antigen, and Hepatitis D: antibody",R5,"OFF-DAG: no path to outcome, not a confounder",drop,judgement,https://wwwn.cdc.gov/Nchs/Data/Nhanes/Public/2009/DataFiles/HEPBD_F.xpt
2009-2010,Laboratory,SSHCV_E,Hepatitis C Antibody Reflex Testing - Serum (Surplus),R3,"SURPLUS: subsample assay, no companion weight",drop,mechanical,https://wwwn.cdc.gov/Nchs/Data/Nhanes/Public/2007/DataFiles/SSHCV_E.xpt
2009-2010,Laboratory,HEPC_F,"Hepatitis C: Confirmed Antibody, RNA (HCV-RNA), & Genotype",R5,"OFF-DAG: no path to outcome, not a confounder",drop,judgement,https://wwwn.cdc.gov/Nchs/Data/Nhanes/Public/2009/DataFiles/HEPC_F.xpt
2009-2010,Laboratory,HEPE_F,Hepatitis E : IgG & IgM Antibodies,R5,"OFF-DAG: no path to outcome, not a confounder",drop,judgement,https://wwwn.cdc.gov/Nchs/Data/Nhanes/Public/2009/DataFiles/HEPE_F.xpt
2009-2010,Laboratory,HSV_F,Herpes Simplex Virus Type-1 & Type-2,R5,"OFF-DAG: no path to outcome, not a confounder",drop,judgement,https://wwwn.cdc.gov/Nchs/Data/Nhanes/Public/2009/DataFiles/HSV_F.xpt
2009-2010,Laboratory,HIV_F,HIV Antibody Test,R5,"OFF-DAG: no path to outcome, not a confounder",drop,judgement,https://wwwn.cdc.gov/Nchs/Data/Nhanes/Public/2009/DataFiles/HIV_F.xpt
2009-2010,Laboratory,HPVSER_F,"Human Papillomavirus (HPV) - 6, 11, 16 & 18 Antibody - Serum",R5,"OFF-DAG: no path to outcome, not a confounder",drop,judgement,https://wwwn.cdc.gov/Nchs/Data/Nhanes/Public/2009/DataFiles/HPVSER_F.xpt
2009-2010,Laboratory,ORHPV_F,Human Papillomavirus (HPV) - Oral Rinse,R5,"OFF-DAG: no path to outcome, not a confounder",drop,judgement,https://wwwn.cdc.gov/Nchs/Data/Nhanes/Public/2009/DataFiles/ORHPV_F.xpt
2009-2010,Laboratory,HPVSWR_F,Human Papillomavirus (HPV) DNA - Vaginal Swab: Digene Hybrid Capture & Roche Linear Array,R5,"OFF-DAG: no path to outcome, not a confounder",drop,judgement,https://wwwn.cdc.gov/Nchs/Data/Nhanes/Public/2009/DataFiles/HPVSWR_F.xpt
2009-2010,Laboratory,SSHPV_F,Human Papillomavirus (HPV) Viral Load - Oral Rinse - Oral High-Risk HPV Infections (Surplus),R3,"SURPLUS: subsample assay, no companion weight",drop,mechanical,https://wwwn.cdc.gov/Nchs/Data/Nhanes/Public/2009/DataFiles/SSHPV_F.xpt
2009-2010,Laboratory,UIO_F,Iodine - Urine,R5,"OFF-DAG: no path to outcome, not a confounder",drop,judgement,https://wwwn.cdc.gov/Nchs/Data/Nhanes/Public/2009/DataFiles/UIO_F.xpt
2009-2010,Laboratory,SSKL_F,Klotho - Serum (Surplus),R3,"SURPLUS: subsample assay, no companion weight",drop,mechanical,https://wwwn.cdc.gov/Nchs/Data/Nhanes/Public/2009/DataFiles/SSKL_F.xpt
2009-2010,Laboratory,MMRV_F,"Measles, Mumps, Rubella & Varicella",R5,"OFF-DAG: no path to outcome, not a confounder",drop,judgement,https://wwwn.cdc.gov/Nchs/Data/Nhanes/Public/2009/DataFiles/MMRV_F.xpt
2009-2010,Laboratory,IHG_F,Mercury: Inorganic - Blood,R5,"OFF-DAG: no path to outcome, not a confounder",drop,judgement,https://wwwn.cdc.gov/Nchs/Data/Nhanes/Public/2009/DataFiles/IHG_F.xpt
2009-2010,Laboratory,UHG_F,Mercury: Inorganic - Urine,R5,"OFF-DAG: no path to outcome, not a confounder",drop,judgement,https://wwwn.cdc.gov/Nchs/Data/Nhanes/Public/2009/DataFiles/UHG_F.xpt
2009-2010,Laboratory,UHM_F,Metals - Urine,R5,"OFF-DAG: no path to outcome, not a confounder",drop,judgement,https://wwwn.cdc.gov/Nchs/Data/Nhanes/Public/2009/DataFiles/UHM_F.xpt
2009-2010,Laboratory,PCBPOL_F,Non-dioxin-like Polychlorinated Biphenyls & Mono-ortho-substituted Polychlorinated Biphenyls - Pooled Samples,R5,"OFF-DAG: no path to outcome, not a confounder",drop,judgement,https://wwwn.cdc.gov/Nchs/Data/Nhanes/Public/2009/DataFiles/PCBPOL_F.xpt
2009-2010,Laboratory,OGTT_F,Oral Glucose Tolerance Test,R5,"OFF-DAG: no path to outcome, not a confounder",drop,judgement,https://wwwn.cdc.gov/Nchs/Data/Nhanes/Public/2009/DataFiles/OGTT_F.xpt
2009-2010,Laboratory,DEFAULT,Oral Microbiome Project,R5,"OFF-DAG: no path to outcome, not a confounder",drop,judgement,https://wwwn.cdc.gov/Nchs/Nhanes/Omp/Default.aspx
2009-2010,Laboratory,UCOSMO_F,Osmolality - Urine,R5,"OFF-DAG: no path to outcome, not a confounder",drop,judgement,https://wwwn.cdc.gov/Nchs/Data/Nhanes/Public/2009/DataFiles/UCOSMO_F.xpt
2009-2010,Laboratory,PERNT_F,"Perchlorate, Nitrate & Thiocyanate - Urine",R5,"OFF-DAG: no path to outcome, not a confounder",drop,judgement,https://wwwn.cdc.gov/Nchs/Data/Nhanes/Public/2009/DataFiles/PERNT_F.xpt
2009-2010,Laboratory,PP_F,Pesticides - Environmental - Urine,R5,"OFF-DAG: no path to outcome, not a confounder",drop,judgement,https://wwwn.cdc.gov/Nchs/Data/Nhanes/Public/2009/DataFiles/PP_F.xpt
2009-2010,Laboratory,PSTPOL_F,Pesticides - Organochlorine Pesticides - Pooled Samples,R5,"OFF-DAG: no path to outcome, not a confounder",drop,judgement,https://wwwn.cdc.gov/Nchs/Data/Nhanes/Public/2009/DataFiles/PSTPOL_F.xpt
2009-2010,Laboratory,PHTHTE_F,Phthalates - Urine,R5,"OFF-DAG: no path to outcome, not a confounder",drop,judgement,https://wwwn.cdc.gov/Nchs/Data/Nhanes/Public/2009/DataFiles/PHTHTE_F.xpt
2009-2010,Laboratory,PHYTO_F,Phytoestrogens - Urine,R5,"OFF-DAG: no path to outcome, not a confounder",drop,judgement,https://wwwn.cdc.gov/Nchs/Data/Nhanes/Public/2009/DataFiles/PHYTO_F.xpt
2009-2010,Laboratory,GLU_F,Plasma Fasting Glucose & Insulin,KEEP,whitelist: fasting_glucose,keep,judgement,https://wwwn.cdc.gov/Nchs/Data/Nhanes/Public/2009/DataFiles/GLU_F.xpt
2009-2010,Laboratory,SSPOLI_F,"Poliovirus Serotypes 1, 2, & 3 Antibodies - Serum (Surplus)",R3,"SURPLUS: subsample assay, no companion weight",drop,mechanical,https://wwwn.cdc.gov/Nchs/Data/Nhanes/Public/2009/DataFiles/SSPOLI_F.xpt
2009-2010,Laboratory,PAH_F,Polyaromatic Hydrocarbons -Urine,R5,"OFF-DAG: no path to outcome, not a confounder",drop,judgement,https://wwwn.cdc.gov/Nchs/Data/Nhanes/Public/2009/DataFiles/PAH_F.xpt
2009-2010,Laboratory,DOXPOL_F,"Polychlorinated dibenzo-p-dioxins (PCDDs), Dibenzofurans (PCDFs) & Coplanar Polychlorinated Biphenyls (cPCBs) - Pooled Samples",R5,"OFF-DAG: no path to outcome, not a confounder",drop,judgement,https://wwwn.cdc.gov/Nchs/Data/Nhanes/Public/2009/DataFiles/DOXPOL_F.xpt
2009-2010,Laboratory,PFC_F,Polyfluoroalkyl Chemicals,R5,"OFF-DAG: no path to outcome, not a confounder",drop,judgement,https://wwwn.cdc.gov/Nchs/Data/Nhanes/Public/2009/DataFiles/PFC_F.xpt
2009-2010,Laboratory,POOLTF_F,Pooled-Sample Technical Support File,R1,UNIT: not person-level,drop,mechanical,https://wwwn.cdc.gov/Nchs/Data/Nhanes/Public/2009/DataFiles/POOLTF_F.xpt
2009-2010,Laboratory,UCPREG_F,Pregnancy Test - Urine,R5,"OFF-DAG: no path to outcome, not a confounder",drop,judgement,https://wwwn.cdc.gov/Nchs/Data/Nhanes/Public/2009/DataFiles/UCPREG_F.xpt
2009-2010,Laboratory,PSA_F,Prostate Specific Antigen (PSA),R5,"OFF-DAG: no path to outcome, not a confounder",drop,judgement,https://wwwn.cdc.gov/Nchs/Data/Nhanes/Public/2009/DataFiles/PSA_F.xpt
2009-2010,Laboratory,UPHOPM_F,"Pyrethroids, Herbicides, & OP Metabolites - Urine",R5,"OFF-DAG: no path to outcome, not a confounder",drop,judgement,https://wwwn.cdc.gov/Nchs/Data/Nhanes/Public/2009/DataFiles/UPHOPM_F.xpt
2009-2010,Laboratory,BIOPRO_F,Standard Biochemistry Profile,KEEP,whitelist: biochemistry,keep,judgement,https://wwwn.cdc.gov/Nchs/Data/Nhanes/Public/2009/DataFiles/BIOPRO_F.xpt
2009-2010,Laboratory,THYROD_F,Thyroid Profile,R5,"OFF-DAG: no path to outcome, not a confounder",drop,judgement,https://wwwn.cdc.gov/Nchs/Data/Nhanes/Public/2009/DataFiles/THYROD_F.xpt
2009-2010,Laboratory,TGEMA_F,Tissue Transglutaminase Assay (IgA-TTG) & IgA Endomyseal Antibody Assay (IgA EMA),R5,"OFF-DAG: no path to outcome, not a confounder",drop,judgement,https://wwwn.cdc.gov/Nchs/Data/Nhanes/Public/2009/DataFiles/TGEMA_F.xpt
2009-2010,Laboratory,SSTOXO_F,Toxoplasma Gondii Antibody - Serum (Surplus),R3,"SURPLUS: subsample assay, no companion weight",drop,mechanical,https://wwwn.cdc.gov/Nchs/Data/Nhanes/Public/2009/DataFiles/SSTOXO_F.xpt
2009-2010,Laboratory,TFA_F,Trans Fatty Acids,R5,"OFF-DAG: no path to outcome, not a confounder",drop,judgement,https://wwwn.cdc.gov/Nchs/Data/Nhanes/Public/2009/DataFiles/TFA_F.xpt
2009-2010,Laboratory,TFR_F,Transferrin Receptor,R5,"OFF-DAG: no path to outcome, not a confounder",drop,judgement,https://wwwn.cdc.gov/Nchs/Data/Nhanes/Public/2009/DataFiles/TFR_F.xpt
2009-2010,Laboratory,UCFLOW_F,Urine Flow Rate,R5,"OFF-DAG: no path to outcome, not a confounder",drop,judgement,https://wwwn.cdc.gov/Nchs/Data/Nhanes/Public/2009/DataFiles/UCFLOW_F.xpt
2009-2010,Laboratory,VIT_B6_F,Vitamin B6,R5,"OFF-DAG: no path to outcome, not a confounder",drop,judgement,https://wwwn.cdc.gov/Nchs/Data/Nhanes/Public/2009/DataFiles/VIT_B6_F.xpt
2009-2010,Laboratory,,Vitamin D,R0,ACCESS: RDC application required,drop,mechanical,
2009-2010,Laboratory,VOCWB_F,Volatile Organic Compounds (VOCs) - Blood,R5,"OFF-DAG: no path to outcome, not a confounder",drop,judgement,https://wwwn.cdc.gov/Nchs/Data/Nhanes/Public/2009/DataFiles/VOCWB_F.xpt
2009-2010,Laboratory,VOCMWB_F,Volatile Organic Compounds (VOCs) - Trihalomethanes/MTBE/Nitromethane - Blood,R5,"OFF-DAG: no path to outcome, not a confounder",drop,judgement,https://wwwn.cdc.gov/Nchs/Data/Nhanes/Public/2009/DataFiles/VOCMWB_F.xpt
2009-2010,Laboratory,VOC_F,Volatile Organic Compounds (VOCs) - Water,R5,"OFF-DAG: no path to outcome, not a confounder",drop,judgement,https://wwwn.cdc.gov/Nchs/Data/Nhanes/Public/2009/DataFiles/VOC_F.xpt
2009-2010,Questionnaire,ACQ_F,Acculturation,R5,"OFF-DAG: no path to outcome, not a confounder",drop,judgement,https://wwwn.cdc.gov/Nchs/Data/Nhanes/Public/2009/DataFiles/ACQ_F.xpt
2009-2010,Questionnaire,AQQ_F,Air Quality,R5,"OFF-DAG: no path to outcome, not a confounder",drop,judgement,https://wwwn.cdc.gov/Nchs/Data/Nhanes/Public/2009/DataFiles/AQQ_F.xpt
2009-2010,Questionnaire,ALQ_F,Alcohol Use,KEEP,whitelist: alcohol,keep,judgement,https://wwwn.cdc.gov/Nchs/Data/Nhanes/Public/2009/DataFiles/ALQ_F.xpt
2009-2010,Questionnaire,ALQY_F,Alcohol Use (Ages 18-19),R2,POPULATION: youth/children only,drop,mechanical,https://wwwn.cdc.gov/Nchs/Data/Nhanes/Public/2009/DataFiles/ALQY_F.xpt
2009-2010,Questionnaire,ARQ_F,Arthritis,R5,"OFF-DAG: no path to outcome, not a confounder",drop,judgement,https://wwwn.cdc.gov/Nchs/Data/Nhanes/Public/2009/DataFiles/ARQ_F.xpt
2009-2010,Questionnaire,AUQ_F,Audiometry,R5,"OFF-DAG: no path to outcome, not a confounder",drop,judgement,https://wwwn.cdc.gov/Nchs/Data/Nhanes/Public/2009/DataFiles/AUQ_F.xpt
2009-2010,Questionnaire,BPQ_F,Blood Pressure & Cholesterol,KEEP,whitelist: blood_pressure_quex,keep,judgement,https://wwwn.cdc.gov/Nchs/Data/Nhanes/Public/2009/DataFiles/BPQ_F.xpt
2009-2010,Questionnaire,BHQ_F,Bowel Health,R5,"OFF-DAG: no path to outcome, not a confounder",drop,judgement,https://wwwn.cdc.gov/Nchs/Data/Nhanes/Public/2009/DataFiles/BHQ_F.xpt
2009-2010,Questionnaire,CDQ_F,Cardiovascular Health,KEEP,whitelist: cardiovascular_health,keep,judgement,https://wwwn.cdc.gov/Nchs/Data/Nhanes/Public/2009/DataFiles/CDQ_F.xpt
2009-2010,Questionnaire,CBQ_F,Consumer Behavior,R5,"OFF-DAG: no path to outcome, not a confounder",drop,judgement,https://wwwn.cdc.gov/Nchs/Data/Nhanes/Public/2009/DataFiles/CBQ_F.xpt
2009-2010,Questionnaire,CBQPFA_F,Consumer Behavior Phone Follow-up Module - Adult,R5,"OFF-DAG: no path to outcome, not a confounder",drop,judgement,https://wwwn.cdc.gov/Nchs/Data/Nhanes/Public/2009/DataFiles/CBQPFA_F.xpt
2009-2010,Questionnaire,CBQPFC_F,Consumer Behavior Phone Follow-up Module - Child,R2,POPULATION: youth/children only,drop,mechanical,https://wwwn.cdc.gov/Nchs/Data/Nhanes/Public/2009/DataFiles/CBQPFC_F.xpt
2009-2010,Questionnaire,HSQ_F,Current Health Status,R5,"OFF-DAG: no path to outcome, not a confounder",drop,judgement,https://wwwn.cdc.gov/Nchs/Data/Nhanes/Public/2009/DataFiles/HSQ_F.xpt
2009-2010,Questionnaire,DEQ_F,Dermatology,R5,"OFF-DAG: no path to outcome, not a confounder",drop,judgement,https://wwwn.cdc.gov/Nchs/Data/Nhanes/Public/2009/DataFiles/DEQ_F.xpt
2009-2010,Questionnaire,DIQ_F,Diabetes,KEEP,whitelist: diabetes_quex,keep,judgement,https://wwwn.cdc.gov/Nchs/Data/Nhanes/Public/2009/DataFiles/DIQ_F.xpt
2009-2010,Questionnaire,DBQ_F,Diet Behavior & Nutrition,R5,"OFF-DAG: no path to outcome, not a confounder",drop,judgement,https://wwwn.cdc.gov/Nchs/Data/Nhanes/Public/2009/DataFiles/DBQ_F.xpt
2009-2010,Questionnaire,DUQ_F,Drug Use,R5,"OFF-DAG: no path to outcome, not a confounder",drop,judgement,https://wwwn.cdc.gov/Nchs/Data/Nhanes/Public/2009/DataFiles/DUQ_F.xpt
2009-2010,Questionnaire,ECQ_F,Early Childhood,R5,"OFF-DAG: no path to outcome, not a confounder",drop,judgement,https://wwwn.cdc.gov/Nchs/Data/Nhanes/Public/2009/DataFiles/ECQ_F.xpt
2009-2010,Questionnaire,FSQ_F,Food Security,R5,"OFF-DAG: no path to outcome, not a confounder",drop,judgement,https://wwwn.cdc.gov/Nchs/Data/Nhanes/Public/2009/DataFiles/FSQ_F.xpt
2009-2010,Questionnaire,HIQ_F,Health Insurance,KEEP,whitelist: health_insurance,keep,judgement,https://wwwn.cdc.gov/Nchs/Data/Nhanes/Public/2009/DataFiles/HIQ_F.xpt
2009-2010,Questionnaire,HCQ_F,Hepatitis C Follow Up,R5,"OFF-DAG: no path to outcome, not a confounder",drop,judgement,https://wwwn.cdc.gov/Nchs/Data/Nhanes/Public/2009/DataFiles/HCQ_F.xpt
2009-2010,Questionnaire,HUQ_F,Hospital Utilization & Access to Care,R5,"OFF-DAG: no path to outcome, not a confounder",drop,judgement,https://wwwn.cdc.gov/Nchs/Data/Nhanes/Public/2009/DataFiles/HUQ_F.xpt
2009-2010,Questionnaire,HOQ_F,Housing Characteristics,R5,"OFF-DAG: no path to outcome, not a confounder",drop,judgement,https://wwwn.cdc.gov/Nchs/Data/Nhanes/Public/2009/DataFiles/HOQ_F.xpt
2009-2010,Questionnaire,IMQ_F,Immunization,R5,"OFF-DAG: no path to outcome, not a confounder",drop,judgement,https://wwwn.cdc.gov/Nchs/Data/Nhanes/Public/2009/DataFiles/IMQ_F.xpt
2009-2010,Questionnaire,INQ_F,Income,R5,"OFF-DAG: no path to outcome, not a confounder",drop,judgement,https://wwwn.cdc.gov/Nchs/Data/Nhanes/Public/2009/DataFiles/INQ_F.xpt
2009-2010,Questionnaire,KIQ_U_F,Kidney Conditions - Urology,KEEP,whitelist: kidney_quex,keep,judgement,https://wwwn.cdc.gov/Nchs/Data/Nhanes/Public/2009/DataFiles/KIQ_U_F.xpt
2009-2010,Questionnaire,MCQ_F,Medical Conditions,KEEP,whitelist: medical_conditions,keep,judgement,https://wwwn.cdc.gov/Nchs/Data/Nhanes/Public/2009/DataFiles/MCQ_F.xpt
2009-2010,Questionnaire,DPQ_F,Mental Health - Depression Screener,R5,"OFF-DAG: no path to outcome, not a confounder",drop,judgement,https://wwwn.cdc.gov/Nchs/Data/Nhanes/Public/2009/DataFiles/DPQ_F.xpt
2009-2010,Questionnaire,OCQ_F,Occupation,R5,"OFF-DAG: no path to outcome, not a confounder",drop,judgement,https://wwwn.cdc.gov/Nchs/Data/Nhanes/Public/2009/DataFiles/OCQ_F.xpt
2009-2010,Questionnaire,OHQ_F,Oral Health,R5,"OFF-DAG: no path to outcome, not a confounder",drop,judgement,https://wwwn.cdc.gov/Nchs/Data/Nhanes/Public/2009/DataFiles/OHQ_F.xpt
2009-2010,Questionnaire,OSQ_F,Osteoporosis,R5,"OFF-DAG: no path to outcome, not a confounder",drop,judgement,https://wwwn.cdc.gov/Nchs/Data/Nhanes/Public/2009/DataFiles/OSQ_F.xpt
2009-2010,Questionnaire,PUQMEC_F,Pesticide Use,R5,"OFF-DAG: no path to outcome, not a confounder",drop,judgement,https://wwwn.cdc.gov/Nchs/Data/Nhanes/Public/2009/DataFiles/PUQMEC_F.xpt
2009-2010,Questionnaire,PAQ_F,Physical Activity,KEEP,whitelist: physical_activity,keep,judgement,https://wwwn.cdc.gov/Nchs/Data/Nhanes/Public/2009/DataFiles/PAQ_F.xpt
2009-2010,Questionnaire,PFQ_F,Physical Functioning,R5,"OFF-DAG: no path to outcome, not a confounder",drop,judgement,https://wwwn.cdc.gov/Nchs/Data/Nhanes/Public/2009/DataFiles/PFQ_F.xpt
2009-2010,Questionnaire,RXQ_RX_F,Prescription Medications,KEEP,whitelist: prescription_meds,keep,judgement,https://wwwn.cdc.gov/Nchs/Data/Nhanes/Public/2009/DataFiles/RXQ_RX_F.xpt
2009-2010,Questionnaire,RXQ_DRUG,Prescription Medications - Drug Information,R1,UNIT: not person-level,drop,mechanical,https://wwwn.cdc.gov/Nchs/Data/Nhanes/Public/1988/DataFiles/RXQ_DRUG.xpt
2009-2010,Questionnaire,RHQ_F,Reproductive Health,R5,"OFF-DAG: no path to outcome, not a confounder",drop,judgement,https://wwwn.cdc.gov/Nchs/Data/Nhanes/Public/2009/DataFiles/RHQ_F.xpt
2009-2010,Questionnaire,RDQ_F,Respiratory Health,R5,"OFF-DAG: no path to outcome, not a confounder",drop,judgement,https://wwwn.cdc.gov/Nchs/Data/Nhanes/Public/2009/DataFiles/RDQ_F.xpt
2009-2010,Questionnaire,SXQ_F,Sexual Behavior,R5,"OFF-DAG: no path to outcome, not a confounder",drop,judgement,https://wwwn.cdc.gov/Nchs/Data/Nhanes/Public/2009/DataFiles/SXQ_F.xpt
2009-2010,Questionnaire,SLQ_F,Sleep Disorders,KEEP,whitelist: sleep,keep,judgement,https://wwwn.cdc.gov/Nchs/Data/Nhanes/Public/2009/DataFiles/SLQ_F.xpt
2009-2010,Questionnaire,SMQ_F,Smoking - Cigarette Use,KEEP,whitelist: smoking,keep,judgement,https://wwwn.cdc.gov/Nchs/Data/Nhanes/Public/2009/DataFiles/SMQ_F.xpt
2009-2010,Questionnaire,SMQFAM_F,Smoking - Household Smokers,R5,"OFF-DAG (considered): household smokers — secondhand exposure, not the participant's own smoking",drop,judgement,https://wwwn.cdc.gov/Nchs/Data/Nhanes/Public/2009/DataFiles/SMQFAM_F.xpt
2009-2010,Questionnaire,SMQRTU_F,Smoking - Recent Tobacco Use,R5,"OFF-DAG (considered): recent tobacco use (5-day recall) — supplements SMQ, not a substitute",drop,judgement,https://wwwn.cdc.gov/Nchs/Data/Nhanes/Public/2009/DataFiles/SMQRTU_F.xpt
2009-2010,Questionnaire,VTQ_F,Volatile Toxicant,R5,"OFF-DAG: no path to outcome, not a confounder",drop,judgement,https://wwwn.cdc.gov/Nchs/Data/Nhanes/Public/2009/DataFiles/VTQ_F.xpt
2009-2010,Questionnaire,WHQ_F,Weight History,R5,"OFF-DAG: no path to outcome, not a confounder",drop,judgement,https://wwwn.cdc.gov/Nchs/Data/Nhanes/Public/2009/DataFiles/WHQ_F.xpt
2009-2010,Questionnaire,WHQMEC_F,Weight History - Youth,R2,POPULATION: youth/children only,drop,mechanical,https://wwwn.cdc.gov/Nchs/Data/Nhanes/Public/2009/DataFiles/WHQMEC_F.xpt
2009-2010,LimitedAccess,,Alcohol Use - Youth,R0,ACCESS: RDC application required,drop,mechanical,
2009-2010,LimitedAccess,,Avian Influenza A (H7N9) & Seasonal Influenza Viruses Antibodies (Surplus),R0,ACCESS: RDC application required,drop,mechanical,
2009-2010,LimitedAccess,,California - Demographic Variables & Sample Weights,R0,ACCESS: RDC application required,drop,mechanical,
2009-2010,LimitedAccess,,Chlamydia & Gonorrhea - Urine - Youth,R0,ACCESS: RDC application required,drop,mechanical,
2009-2010,LimitedAccess,,Drug Use - Youth,R0,ACCESS: RDC application required,drop,mechanical,
2009-2010,LimitedAccess,,Food Security - Pregnant Women,R0,ACCESS: RDC application required,drop,mechanical,
2009-2010,LimitedAccess,,"Geocoded Data, NHANES 1999-2016, Census 2000",R0,ACCESS: RDC application required,drop,mechanical,
2009-2010,LimitedAccess,,"Geocoded Data, NHANES 1999-2018, Census 2010",R0,ACCESS: RDC application required,drop,mechanical,
2009-2010,LimitedAccess,,"Geocoded Data, NHANES 1999-March 2020, Census 2020",R0,ACCESS: RDC application required,drop,mechanical,
2009-2010,LimitedAccess,,Hemagglutination inhibition antibody titers to influenza A/ H1N1 viruses (Surplus),R0,ACCESS: RDC application required,drop,mechanical,
2009-2010,LimitedAccess,,Herpes Simplex Virus Type-2 - Youth,R0,ACCESS: RDC application required,drop,mechanical,
2009-2010,LimitedAccess,,Human Leukocyte Antigen B-27,R0,ACCESS: RDC application required,drop,mechanical,
2009-2010,LimitedAccess,,"Human Papillomavirus (HPV) - 6, 11, 16 & 18 Antibody - Serum - Youth",R0,ACCESS: RDC application required,drop,mechanical,
2009-2010,LimitedAccess,,Human Papillomavirus (HPV) - Oral Rinse - Youth,R0,ACCESS: RDC application required,drop,mechanical,
2009-2010,LimitedAccess,,Human Papillomavirus (HPV) DNA - Vaginal Swab: Digene Hybrid Capture & Roche Linear Array - Youth,R0,ACCESS: RDC application required,drop,mechanical,
2009-2010,LimitedAccess,,Human Papillomavirus (HPV) Viral Load - Oral Rinse - Oral High-Risk HPV Infections - Youth (Surplus),R0,ACCESS: RDC application required,drop,mechanical,
2009-2010,LimitedAccess,,Influenza A (H3N2) Variant Virus & Historical Seasonal H3N2 Influenza Viruses Antibodies (Surplus),R0,ACCESS: RDC application required,drop,mechanical,
2009-2010,LimitedAccess,,Iodine - Urine - Pregnant Women (Surplus),R0,ACCESS: RDC application required,drop,mechanical,
2009-2010,LimitedAccess,,"Los Angeles County, California - Demographic Variables & Sample Weights",R0,ACCESS: RDC application required,drop,mechanical,
2009-2010,LimitedAccess,,Mental Health - Depression Screener - Youth,R0,ACCESS: RDC application required,drop,mechanical,
2009-2010,LimitedAccess,,Occupation - Industry & Occupation Codes,R0,ACCESS: RDC application required,drop,mechanical,
2009-2010,LimitedAccess,,Oral Microbiome Project,R0,ACCESS: RDC application required,drop,mechanical,
2009-2010,LimitedAccess,,Reproductive Health - Pregnant Women,R0,ACCESS: RDC application required,drop,mechanical,
2009-2010,LimitedAccess,,Sexual Behavior - Youth,R0,ACCESS: RDC application required,drop,mechanical,
2009-2010,LimitedAccess,,"Sodium, Potassium & Chloride - Casual Urine",R0,ACCESS: RDC application required,drop,mechanical,
2011-2012,Demographics,DEMO_G,Demographic Variables & Sample Weights,KEEP,whitelist: demographics,keep,judgement,https://wwwn.cdc.gov/Nchs/Data/Nhanes/Public/2011/DataFiles/DEMO_G.xpt
2011-2012,Dietary,DR1IFF_G,"Dietary Interview - Individual Foods, First Day",R1,UNIT: not person-level,drop,mechanical,https://wwwn.cdc.gov/Nchs/Data/Nhanes/Public/2011/DataFiles/DR1IFF_G.xpt
2011-2012,Dietary,DR2IFF_G,"Dietary Interview - Individual Foods, Second Day",R1,UNIT: not person-level,drop,mechanical,https://wwwn.cdc.gov/Nchs/Data/Nhanes/Public/2011/DataFiles/DR2IFF_G.xpt
2011-2012,Dietary,DR1TOT_G,"Dietary Interview - Total Nutrient Intakes, First Day",R4,DIET-FRAME: WTDRD1 frame + mediator in DAG,drop,mechanical,https://wwwn.cdc.gov/Nchs/Data/Nhanes/Public/2011/DataFiles/DR1TOT_G.xpt
2011-2012,Dietary,DR2TOT_G,"Dietary Interview - Total Nutrient Intakes, Second Day",R4,DIET-FRAME: WTDRD1 frame + mediator in DAG,drop,mechanical,https://wwwn.cdc.gov/Nchs/Data/Nhanes/Public/2011/DataFiles/DR2TOT_G.xpt
2011-2012,Dietary,DRXFCD_G,Dietary Interview Technical Support File - Food Codes,R1,UNIT: not person-level,drop,mechanical,https://wwwn.cdc.gov/Nchs/Data/Nhanes/Public/2011/DataFiles/DRXFCD_G.xpt
2011-2012,Dietary,DRXMCD_G,Dietary Interview Technical Support File - Modification Codes,R1,UNIT: not person-level,drop,mechanical,https://wwwn.cdc.gov/Nchs/Data/Nhanes/Public/2011/DataFiles/DRXMCD_G.xpt
2011-2012,Dietary,DSBI,Dietary Supplement Database - Blend Information,R1,UNIT: not person-level,drop,mechanical,https://wwwn.cdc.gov/Nchs/Data/Nhanes/Public/1999/DataFiles/DSBI.xpt
2011-2012,Dietary,DSII,Dietary Supplement Database - Ingredient Information,R1,UNIT: not person-level,drop,mechanical,https://wwwn.cdc.gov/Nchs/Data/Nhanes/Public/1999/DataFiles/DSII.xpt
2011-2012,Dietary,DSPI,Dietary Supplement Database - Product Information,R1,UNIT: not person-level,drop,mechanical,https://wwwn.cdc.gov/Nchs/Data/Nhanes/Public/1999/DataFiles/DSPI.xpt
2011-2012,Dietary,DS1IDS_G,"Dietary Supplement Use 24-Hour - Individual Dietary Supplements, First Day",R1,UNIT: not person-level,drop,mechanical,https://wwwn.cdc.gov/Nchs/Data/Nhanes/Public/2011/DataFiles/DS1IDS_G.xpt
2011-2012,Dietary,DS2IDS_G,"Dietary Supplement Use 24-Hour - Individual Dietary Supplements, Second Day",R1,UNIT: not person-level,drop,mechanical,https://wwwn.cdc.gov/Nchs/Data/Nhanes/Public/2011/DataFiles/DS2IDS_G.xpt
2011-2012,Dietary,DS1TOT_G,"Dietary Supplement Use 24-Hour - Total Dietary Supplements, First Day",R4,DIET-FRAME: WTDRD1 frame + mediator in DAG,drop,mechanical,https://wwwn.cdc.gov/Nchs/Data/Nhanes/Public/2011/DataFiles/DS1TOT_G.xpt
2011-2012,Dietary,DS2TOT_G,"Dietary Supplement Use 24-Hour - Total Dietary Supplements, Second Day",R4,DIET-FRAME: WTDRD1 frame + mediator in DAG,drop,mechanical,https://wwwn.cdc.gov/Nchs/Data/Nhanes/Public/2011/DataFiles/DS2TOT_G.xpt
2011-2012,Dietary,DSQIDS_G,Dietary Supplement Use 30 Day - Individual Dietary Supplements,R1,UNIT: not person-level,drop,mechanical,https://wwwn.cdc.gov/Nchs/Data/Nhanes/Public/2011/DataFiles/DSQIDS_G.xpt
2011-2012,Dietary,DSQTOT_G,Dietary Supplement Use 30-Day - Total Dietary Supplements,R4,DIET-FRAME: WTDRD1 frame + mediator in DAG,drop,mechanical,https://wwwn.cdc.gov/Nchs/Data/Nhanes/Public/2011/DataFiles/DSQTOT_G.xpt
2011-2012,Examination,AUX_G,Audiometry,R5,"OFF-DAG: no path to outcome, not a confounder",drop,judgement,https://wwwn.cdc.gov/Nchs/Data/Nhanes/Public/2011/DataFiles/AUX_G.xpt
2011-2012,Examination,AUXAR_G,Audiometry - Acoustic Reflex,R5,"OFF-DAG: no path to outcome, not a confounder",drop,judgement,https://wwwn.cdc.gov/Nchs/Data/Nhanes/Public/2011/DataFiles/AUXAR_G.xpt
2011-2012,Examination,AUXTYM_G,Audiometry - Tympanometry,R5,"OFF-DAG: no path to outcome, not a confounder",drop,judgement,https://wwwn.cdc.gov/Nchs/Data/Nhanes/Public/2011/DataFiles/AUXTYM_G.xpt
2011-2012,Examination,BPX_G,Blood Pressure,KEEP,whitelist: blood_pressure_exam,keep,judgement,https://wwwn.cdc.gov/Nchs/Data/Nhanes/Public/2011/DataFiles/BPX_G.xpt
2011-2012,Examination,BMX_G,Body Measures,KEEP,whitelist: body_measures,keep,judgement,https://wwwn.cdc.gov/Nchs/Data/Nhanes/Public/2011/DataFiles/BMX_G.xpt
2011-2012,Examination,DXXAG_G,Dual-Energy X-ray Absorptiometry - Android/Gynoid Measurements,R5,"OFF-DAG: no path to outcome, not a confounder",drop,judgement,https://wwwn.cdc.gov/Nchs/Data/Nhanes/Public/2011/DataFiles/DXXAG_G.xpt
2011-2012,Examination,DXX_G,Dual-Energy X-ray Absorptiometry - Whole Body,R5,"OFF-DAG: no path to outcome, not a confounder",drop,judgement,https://wwwn.cdc.gov/Nchs/Data/Nhanes/Public/2011/DataFiles/DXX_G.xpt
2011-2012,Examination,ENX_G,Exhaled Nitric Oxide,R5,"OFF-DAG: no path to outcome, not a confounder",drop,judgement,https://wwwn.cdc.gov/Nchs/Data/Nhanes/Public/2011/DataFiles/ENX_G.xpt
2011-2012,Examination,FLXCLN_G,Fluorosis - Clinical,R5,"OFF-DAG: no path to outcome, not a confounder",drop,judgement,https://wwwn.cdc.gov/Nchs/Data/Nhanes/Public/2011/DataFiles/FLXCLN_G.xpt
2011-2012,Examination,MGX_G,Muscle Strength - Grip Test,R5,"OFF-DAG: no path to outcome, not a confounder",drop,judgement,https://wwwn.cdc.gov/Nchs/Data/Nhanes/Public/2011/DataFiles/MGX_G.xpt
2011-2012,Examination,OHXDEN_G,Oral Health - Dentition,R5,"OFF-DAG: no path to outcome, not a confounder",drop,judgement,https://wwwn.cdc.gov/Nchs/Data/Nhanes/Public/2011/DataFiles/OHXDEN_G.xpt
2011-2012,Examination,OHXPER_G,Oral Health - Periodontal,R5,"OFF-DAG: no path to outcome, not a confounder",drop,judgement,https://wwwn.cdc.gov/Nchs/Data/Nhanes/Public/2011/DataFiles/OHXPER_G.xpt
2011-2012,Examination,OHXREF_G,Oral Health - Recommendation of Care,R5,"OFF-DAG: no path to outcome, not a confounder",drop,judgement,https://wwwn.cdc.gov/Nchs/Data/Nhanes/Public/2011/DataFiles/OHXREF_G.xpt
2011-2012,Examination,PAXLUX_G,Physical Activity Monitor - Ambient Light Raw Data,R1,UNIT: not person-level,drop,mechanical,https://wwwn.cdc.govhttps://ftp.cdc.gov/pub/paxlux_g
2011-2012,Examination,PAXDAY_G,Physical Activity Monitor - Day,R1,UNIT: not person-level,drop,mechanical,https://wwwn.cdc.gov/Nchs/Data/Nhanes/Public/2011/DataFiles/PAXDAY_G.xpt
2011-2012,Examination,PAXHD_G,Physical Activity Monitor - Header,R1,UNIT: not person-level,drop,mechanical,https://wwwn.cdc.gov/Nchs/Data/Nhanes/Public/2011/DataFiles/PAXHD_G.xpt
2011-2012,Examination,PAXHR_G,Physical Activity Monitor - Hour,R1,UNIT: not person-level,drop,mechanical,https://wwwn.cdc.gov/Nchs/Data/Nhanes/Public/2011/DataFiles/PAXHR_G.xpt
2011-2012,Examination,PAXMIN_G,Physical Activity Monitor - Minute,R1,UNIT: not person-level,drop,mechanical,https://wwwn.cdc.govhttps://ftp.cdc.gov/pub/NHANES/LargeDataFiles/PAXMIN_G.xpt
2011-2012,Examination,PAX_G,Physical Activity Monitor - Raw Data 80hz,R1,UNIT: not person-level,drop,mechanical,https://wwwn.cdc.govhttps://ftp.cdc.gov/pub/pax_g
2011-2012,Examination,SPX_G,Spirometry - Pre and Post-Bronchodilator,R5,"OFF-DAG: no path to outcome, not a confounder",drop,judgement,https://wwwn.cdc.gov/Nchs/Data/Nhanes/Public/2011/DataFiles/SPX_G.xpt
2011-2012,Examination,SPXRAW_G,Spirometry - Raw Curve Data,R5,"OFF-DAG: no path to outcome, not a confounder",drop,judgement,https://wwwn.cdc.gov/Nchs/Data/Nhanes/Public/2011/DataFiles/SPXRAW_G.zip
2011-2012,Examination,TBX_G,Tuberculosis,R5,"OFF-DAG: no path to outcome, not a confounder",drop,judgement,https://wwwn.cdc.gov/Nchs/Data/Nhanes/Public/2011/DataFiles/TBX_G.xpt
2011-2012,Laboratory,ALB_CR_G,Albumin & Creatinine - Urine,KEEP,whitelist: urine_albumin_creat,keep,judgement,https://wwwn.cdc.gov/Nchs/Data/Nhanes/Public/2011/DataFiles/ALB_CR_G.xpt
2011-2012,Laboratory,SSTOCA_G,Antibody to Toxocara spp. (Surplus),R3,"SURPLUS: subsample assay, no companion weight",drop,mechanical,https://wwwn.cdc.gov/Nchs/Data/Nhanes/Public/2011/DataFiles/SSTOCA_G.xpt
2011-2012,Laboratory,APOB_G,Apolipoprotein B,R5,"OFF-DAG: no path to outcome, not a confounder",drop,judgement,https://wwwn.cdc.gov/Nchs/Data/Nhanes/Public/2011/DataFiles/APOB_G.xpt
2011-2012,Laboratory,UAS_G,Arsenics - Total & Speciated - Urine,R5,"OFF-DAG: no path to outcome, not a confounder",drop,judgement,https://wwwn.cdc.gov/Nchs/Data/Nhanes/Public/2011/DataFiles/UAS_G.xpt
2011-2012,Laboratory,UASS_G,Arsenics - Total & Speciated - Urine - Special Sample,R5,"OFF-DAG: no path to outcome, not a confounder",drop,judgement,https://wwwn.cdc.gov/Nchs/Data/Nhanes/Public/2011/DataFiles/UASS_G.xpt
2011-2012,Laboratory,SSDFS_G,Autoantibodies - Anti-DFS70 Autoantibody Analyses (Surplus),R3,"SURPLUS: subsample assay, no companion weight",drop,mechanical,https://wwwn.cdc.gov/Nchs/Data/Nhanes/Public/2011/DataFiles/SSDFS_G.xpt
2011-2012,Laboratory,SSANA2_G,Autoantibodies - Immunofluorescence Analyses (Surplus),R3,"SURPLUS: subsample assay, no companion weight",drop,mechanical,https://wwwn.cdc.gov/Nchs/Data/Nhanes/Public/2011/DataFiles/SSANA2_G.xpt
2011-2012,Laboratory,BFRPOL_G,Brominated Flame Retardants (BFRs) - Pooled Samples,R5,"OFF-DAG: no path to outcome, not a confounder",drop,judgement,https://wwwn.cdc.gov/Nchs/Data/Nhanes/Public/2011/DataFiles/BFRPOL_G.xpt
2011-2012,Laboratory,PBCD_G,"Cadmium, Lead, Total Mercury, Selenium, & Manganese - Blood",R5,"OFF-DAG: no path to outcome, not a confounder",drop,judgement,https://wwwn.cdc.gov/Nchs/Data/Nhanes/Public/2011/DataFiles/PBCD_G.xpt
2011-2012,Laboratory,CAFE_G,Caffeine & Caffeine Metabolites - Urine,R5,"OFF-DAG: no path to outcome, not a confounder",drop,judgement,https://wwwn.cdc.gov/Nchs/Data/Nhanes/Public/2011/DataFiles/CAFE_G.xpt
2011-2012,Laboratory,CHLMDA_G,Chlamydia - Urine,R5,"OFF-DAG: no path to outcome, not a confounder",drop,judgement,https://wwwn.cdc.gov/Nchs/Data/Nhanes/Public/2011/DataFiles/CHLMDA_G.xpt
2011-2012,Laboratory,HDL_G,Cholesterol - HDL,KEEP,whitelist: cholesterol_total_hdl,keep,judgement,https://wwwn.cdc.gov/Nchs/Data/Nhanes/Public/2011/DataFiles/HDL_G.xpt
2011-2012,Laboratory,TRIGLY_G,Cholesterol - LDL & Triglycerides,KEEP,whitelist: cholesterol_ldl_trig,keep,judgement,https://wwwn.cdc.gov/Nchs/Data/Nhanes/Public/2011/DataFiles/TRIGLY_G.xpt
2011-2012,Laboratory,TCHOL_G,Cholesterol - Total,KEEP,whitelist: cholesterol_total_hdl,keep,judgement,https://wwwn.cdc.gov/Nchs/Data/Nhanes/Public/2011/DataFiles/TCHOL_G.xpt
2011-2012,Laboratory,CBC_G,Complete Blood Count with 5-part Differential - Whole Blood,R5,"OFF-DAG: no path to outcome, not a confounder",drop,judgement,https://wwwn.cdc.gov/Nchs/Data/Nhanes/Public/2011/DataFiles/CBC_G.xpt
2011-2012,Laboratory,CUSEZN_G,"Copper, Selenium & Zinc - Serum",R5,"OFF-DAG: no path to outcome, not a confounder",drop,judgement,https://wwwn.cdc.gov/Nchs/Data/Nhanes/Public/2011/DataFiles/CUSEZN_G.xpt
2011-2012,Laboratory,COTNAL_G,Cotinine - Serum & Total NNAL - Urine,R5,"OFF-DAG: no path to outcome, not a confounder",drop,judgement,https://wwwn.cdc.gov/Nchs/Data/Nhanes/Public/2011/DataFiles/COTNAL_G.xpt
2011-2012,Laboratory,CMV_G,Cytomegalovirus IgG & IgM Antibodies - Serum,R5,"OFF-DAG: no path to outcome, not a confounder",drop,judgement,https://wwwn.cdc.gov/Nchs/Data/Nhanes/Public/2011/DataFiles/CMV_G.xpt
2011-2012,Laboratory,DEET_G,DEET and Metabolites,R5,"OFF-DAG: no path to outcome, not a confounder",drop,judgement,https://wwwn.cdc.gov/Nchs/Data/Nhanes/Public/2011/DataFiles/DEET_G.xpt
2011-2012,Laboratory,EPH_G,Environmental Phenols & Parabens,R5,"OFF-DAG: no path to outcome, not a confounder",drop,judgement,https://wwwn.cdc.gov/Nchs/Data/Nhanes/Public/2011/DataFiles/EPH_G.xpt
2011-2012,Laboratory,FASTQX_G,Fasting Questionnaire,R5,"OFF-DAG: no path to outcome, not a confounder",drop,judgement,https://wwwn.cdc.gov/Nchs/Data/Nhanes/Public/2011/DataFiles/FASTQX_G.xpt
2011-2012,Laboratory,FAS_G,Fatty Acids - Serum,R5,"OFF-DAG: no path to outcome, not a confounder",drop,judgement,https://wwwn.cdc.gov/Nchs/Data/Nhanes/Public/2011/DataFiles/FAS_G.xpt
2011-2012,Laboratory,SSFR_G,Flame Retardants - Urine (Surplus),R3,"SURPLUS: subsample assay, no companion weight",drop,mechanical,https://wwwn.cdc.gov/Nchs/Data/Nhanes/Public/2011/DataFiles/SSFR_G.xpt
2011-2012,Laboratory,FOLATE_G,Folate - RBC,R5,"OFF-DAG: no path to outcome, not a confounder",drop,judgement,https://wwwn.cdc.gov/Nchs/Data/Nhanes/Public/2011/DataFiles/FOLATE_G.xpt
2011-2012,Laboratory,FOLFMS_G,Folate Forms - Total & Individual - Serum,R5,"OFF-DAG: no path to outcome, not a confounder",drop,judgement,https://wwwn.cdc.gov/Nchs/Data/Nhanes/Public/2011/DataFiles/FOLFMS_G.xpt
2011-2012,Laboratory,GHB_G,Glycohemoglobin,KEEP,whitelist: glycohemoglobin,keep,judgement,https://wwwn.cdc.gov/Nchs/Data/Nhanes/Public/2011/DataFiles/GHB_G.xpt
2011-2012,Laboratory,HEPA_G,Hepatitis A Antibody,R5,"OFF-DAG: no path to outcome, not a confounder",drop,judgement,https://wwwn.cdc.gov/Nchs/Data/Nhanes/Public/2011/DataFiles/HEPA_G.xpt
2011-2012,Laboratory,HEPB_S_G,Hepatitis B Surface Antibody,R5,"OFF-DAG: no path to outcome, not a confounder",drop,judgement,https://wwwn.cdc.gov/Nchs/Data/Nhanes/Public/2011/DataFiles/HEPB_S_G.xpt
2011-2012,Laboratory,HEPBD_G,"Hepatitis B: Core antibody, Surface antigen, and Hepatitis D: antibody",R5,"OFF-DAG: no path to outcome, not a confounder",drop,judgement,https://wwwn.cdc.gov/Nchs/Data/Nhanes/Public/2011/DataFiles/HEPBD_G.xpt
2011-2012,Laboratory,SSHCV_E,Hepatitis C Antibody Reflex Testing - Serum (Surplus),R3,"SURPLUS: subsample assay, no companion weight",drop,mechanical,https://wwwn.cdc.gov/Nchs/Data/Nhanes/Public/2007/DataFiles/SSHCV_E.xpt
2011-2012,Laboratory,HEPC_G,"Hepatitis C: Confirmed Antibody, RNA (HCV-RNA), & Genotype",R5,"OFF-DAG: no path to outcome, not a confounder",drop,judgement,https://wwwn.cdc.gov/Nchs/Data/Nhanes/Public/2011/DataFiles/HEPC_G.xpt
2011-2012,Laboratory,HEPE_G,Hepatitis E : IgG & IgM Antibodies,R5,"OFF-DAG: no path to outcome, not a confounder",drop,judgement,https://wwwn.cdc.gov/Nchs/Data/Nhanes/Public/2011/DataFiles/HEPE_G.xpt
2011-2012,Laboratory,HSV_G,Herpes Simplex Virus Type-1 & Type-2,R5,"OFF-DAG: no path to outcome, not a confounder",drop,judgement,https://wwwn.cdc.gov/Nchs/Data/Nhanes/Public/2011/DataFiles/HSV_G.xpt
2011-2012,Laboratory,HIV_G,HIV Antibody Test,R5,"OFF-DAG: no path to outcome, not a confounder",drop,judgement,https://wwwn.cdc.gov/Nchs/Data/Nhanes/Public/2011/DataFiles/HIV_G.xpt
2011-2012,Laboratory,SSHOLO_G,Holotranscobalamin – Serum (Surplus),R3,"SURPLUS: subsample assay, no companion weight",drop,mechanical,https://wwwn.cdc.gov/Nchs/Data/Nhanes/Public/2011/DataFiles/SSHOLO_G.xpt
2011-2012,Laboratory,ORHPV_G,Human Papillomavirus (HPV) - Oral Rinse,R5,"OFF-DAG: no path to outcome, not a confounder",drop,judgement,https://wwwn.cdc.gov/Nchs/Data/Nhanes/Public/2011/DataFiles/ORHPV_G.xpt
2011-2012,Laboratory,HPVSWR_G,Human Papillomavirus (HPV) DNA - Vaginal Swab: Digene Hybrid Capture & Roche Linear Array,R5,"OFF-DAG: no path to outcome, not a confounder",drop,judgement,https://wwwn.cdc.gov/Nchs/Data/Nhanes/Public/2011/DataFiles/HPVSWR_G.xpt
2011-2012,Laboratory,UIO_G,Iodine - Urine,R5,"OFF-DAG: no path to outcome, not a confounder",drop,judgement,https://wwwn.cdc.gov/Nchs/Data/Nhanes/Public/2011/DataFiles/UIO_G.xpt
2011-2012,Laboratory,SSKL_G,Klotho - Serum (Surplus),R3,"SURPLUS: subsample assay, no companion weight",drop,mechanical,https://wwwn.cdc.gov/Nchs/Data/Nhanes/Public/2011/DataFiles/SSKL_G.xpt
2011-2012,Laboratory,UHG_G,Mercury: Inorganic - Urine,R5,"OFF-DAG: no path to outcome, not a confounder",drop,judgement,https://wwwn.cdc.gov/Nchs/Data/Nhanes/Public/2011/DataFiles/UHG_G.xpt
2011-2012,Laboratory,IHGEM_G,"Mercury: Inorganic, Ethyl and Methyl - Blood",R5,"OFF-DAG: no path to outcome, not a confounder",drop,judgement,https://wwwn.cdc.gov/Nchs/Data/Nhanes/Public/2011/DataFiles/IHGEM_G.xpt
2011-2012,Laboratory,UHM_G,Metals - Urine,R5,"OFF-DAG: no path to outcome, not a confounder",drop,judgement,https://wwwn.cdc.gov/Nchs/Data/Nhanes/Public/2011/DataFiles/UHM_G.xpt
2011-2012,Laboratory,UHMS_G,Metals - Urine - Special Sample,R5,"OFF-DAG: no path to outcome, not a confounder",drop,judgement,https://wwwn.cdc.gov/Nchs/Data/Nhanes/Public/2011/DataFiles/UHMS_G.xpt
2011-2012,Laboratory,MMA_G,Methylmalonic Acid,R5,"OFF-DAG: no path to outcome, not a confounder",drop,judgement,https://wwwn.cdc.gov/Nchs/Data/Nhanes/Public/2011/DataFiles/MMA_G.xpt
2011-2012,Laboratory,PCBPOL_G,Non-dioxin-like Polychlorinated Biphenyls & Mono-ortho-substituted Polychlorinated Biphenyls - Pooled Samples,R5,"OFF-DAG: no path to outcome, not a confounder",drop,judgement,https://wwwn.cdc.gov/Nchs/Data/Nhanes/Public/2011/DataFiles/PCBPOL_G.xpt
2011-2012,Laboratory,OGTT_G,Oral Glucose Tolerance Test,R5,"OFF-DAG: no path to outcome, not a confounder",drop,judgement,https://wwwn.cdc.gov/Nchs/Data/Nhanes/Public/2011/DataFiles/OGTT_G.xpt
2011-2012,Laboratory,DEFAULT,Oral Microbiome Project,R5,"OFF-DAG: no path to outcome, not a confounder",drop,judgement,https://wwwn.cdc.gov/Nchs/Nhanes/Omp/Default.aspx
2011-2012,Laboratory,OPD_G,Organophosphate Insecticides - Dialkyl Phosphate Metabolites - Urine,R5,"OFF-DAG: no path to outcome, not a confounder",drop,judgement,https://wwwn.cdc.gov/Nchs/Data/Nhanes/Public/2011/DataFiles/OPD_G.xpt
2011-2012,Laboratory,UCOSMO_G,Osmolality - Urine,R5,"OFF-DAG: no path to outcome, not a confounder",drop,judgement,https://wwwn.cdc.gov/Nchs/Data/Nhanes/Public/2011/DataFiles/UCOSMO_G.xpt
2011-2012,Laboratory,PERNT_G,"Perchlorate, Nitrate & Thiocyanate - Urine",R5,"OFF-DAG: no path to outcome, not a confounder",drop,judgement,https://wwwn.cdc.gov/Nchs/Data/Nhanes/Public/2011/DataFiles/PERNT_G.xpt
2011-2012,Laboratory,PERNTS_G,"Perchlorate, Nitrate & Thiocyanate - Urine - Special Sample",R5,"OFF-DAG: no path to outcome, not a confounder",drop,judgement,https://wwwn.cdc.gov/Nchs/Data/Nhanes/Public/2011/DataFiles/PERNTS_G.xpt
2011-2012,Laboratory,PP_G,Pesticides - Environmental - Urine,R5,"OFF-DAG: no path to outcome, not a confounder",drop,judgement,https://wwwn.cdc.gov/Nchs/Data/Nhanes/Public/2011/DataFiles/PP_G.xpt
2011-2012,Laboratory,PSTPOL_G,Pesticides - Organochlorine Pesticides - Pooled Samples,R5,"OFF-DAG: no path to outcome, not a confounder",drop,judgement,https://wwwn.cdc.gov/Nchs/Data/Nhanes/Public/2011/DataFiles/PSTPOL_G.xpt
2011-2012,Laboratory,PHTHTE_G,Phthalates & Plasticizers Metabolites - Urine,R5,"OFF-DAG: no path to outcome, not a confounder",drop,judgement,https://wwwn.cdc.gov/Nchs/Data/Nhanes/Public/2011/DataFiles/PHTHTE_G.xpt
2011-2012,Laboratory,GLU_G,Plasma Fasting Glucose & Insulin,KEEP,whitelist: fasting_glucose,keep,judgement,https://wwwn.cdc.gov/Nchs/Data/Nhanes/Public/2011/DataFiles/GLU_G.xpt
2011-2012,Laboratory,PAH_G,Polyaromatic Hydrocarbons (PAHs) - Urine,R5,"OFF-DAG: no path to outcome, not a confounder",drop,judgement,https://wwwn.cdc.gov/Nchs/Data/Nhanes/Public/2011/DataFiles/PAH_G.xpt
2011-2012,Laboratory,PAHS_G,Polyaromatic Hydrocarbons (PAHs)- Urine - Special Sample,R5,"OFF-DAG: no path to outcome, not a confounder",drop,judgement,https://wwwn.cdc.gov/Nchs/Data/Nhanes/Public/2011/DataFiles/PAHS_G.xpt
2011-2012,Laboratory,DOXPOL_G,"Polychlorinated dibenzo-p-dioxins (PCDDs), Dibenzofurans (PCDFs) & Coplanar Polychlorinated Biphenyls (cPCBs) - Pooled Samples",R5,"OFF-DAG: no path to outcome, not a confounder",drop,judgement,https://wwwn.cdc.gov/Nchs/Data/Nhanes/Public/2011/DataFiles/DOXPOL_G.xpt
2011-2012,Laboratory,PFC_G,Polyfluoroalkyl Chemicals,R5,"OFF-DAG: no path to outcome, not a confounder",drop,judgement,https://wwwn.cdc.gov/Nchs/Data/Nhanes/Public/2011/DataFiles/PFC_G.xpt
2011-2012,Laboratory,POOLTF_G,Pooled-Sample Technical Support File,R1,UNIT: not person-level,drop,mechanical,https://wwwn.cdc.gov/Nchs/Data/Nhanes/Public/2011/DataFiles/POOLTF_G.xpt
2011-2012,Laboratory,UCPREG_G,Pregnancy Test - Urine,R5,"OFF-DAG: no path to outcome, not a confounder",drop,judgement,https://wwwn.cdc.gov/Nchs/Data/Nhanes/Public/2011/DataFiles/UCPREG_G.xpt
2011-2012,Laboratory,UPHOPM_G,"Pyrethroids, Herbicides, & Organophosphorus Metabolites - Urine",R5,"OFF-DAG: no path to outcome, not a confounder",drop,judgement,https://wwwn.cdc.gov/Nchs/Data/Nhanes/Public/2011/DataFiles/UPHOPM_G.xpt
2011-2012,Laboratory,BIOPRO_G,Standard Biochemistry Profile,KEEP,whitelist: biochemistry,keep,judgement,https://wwwn.cdc.gov/Nchs/Data/Nhanes/Public/2011/DataFiles/BIOPRO_G.xpt
2011-2012,Laboratory,THYROD_G,Thyroid Profile,R5,"OFF-DAG: no path to outcome, not a confounder",drop,judgement,https://wwwn.cdc.gov/Nchs/Data/Nhanes/Public/2011/DataFiles/THYROD_G.xpt
2011-2012,Laboratory,TGEMA_G,Tissue Transglutaminase Assay (IgA-TTG) & IgA Endomyseal Antibody Assay (IgA EMA),R5,"OFF-DAG: no path to outcome, not a confounder",drop,judgement,https://wwwn.cdc.gov/Nchs/Data/Nhanes/Public/2011/DataFiles/TGEMA_G.xpt
2011-2012,Laboratory,TST_G,Total Testosterone,R5,"OFF-DAG: no path to outcome, not a confounder",drop,judgement,https://wwwn.cdc.gov/Nchs/Data/Nhanes/Public/2011/DataFiles/TST_G.xpt
2011-2012,Laboratory,SSTOXO_G,Toxoplasma gondii Antibody - Serum (Surplus),R3,"SURPLUS: subsample assay, no companion weight",drop,mechanical,https://wwwn.cdc.gov/Nchs/Data/Nhanes/Public/2011/DataFiles/SSTOXO_G.xpt
2011-2012,Laboratory,TB_G,Tuberculosis - Quantiferon_In_Gold,R5,"OFF-DAG: no path to outcome, not a confounder",drop,judgement,https://wwwn.cdc.gov/Nchs/Data/Nhanes/Public/2011/DataFiles/TB_G.xpt
2011-2012,Laboratory,UCFLOW_G,Urine Flow Rate,R5,"OFF-DAG: no path to outcome, not a confounder",drop,judgement,https://wwwn.cdc.gov/Nchs/Data/Nhanes/Public/2011/DataFiles/UCFLOW_G.xpt
2011-2012,Laboratory,VITB12_G,Vitamin B12,R5,"OFF-DAG: no path to outcome, not a confounder",drop,judgement,https://wwwn.cdc.gov/Nchs/Data/Nhanes/Public/2011/DataFiles/VITB12_G.xpt
2011-2012,Laboratory,VID_G,Vitamin D,R5,"OFF-DAG: no path to outcome, not a confounder",drop,judgement,https://wwwn.cdc.gov/Nchs/Data/Nhanes/Public/2011/DataFiles/VID_G.xpt
2011-2012,Laboratory,UVOC_G,Volatile Organic Compound (VOC) Metabolites - Urine,R5,"OFF-DAG: no path to outcome, not a confounder",drop,judgement,https://wwwn.cdc.gov/Nchs/Data/Nhanes/Public/2011/DataFiles/UVOC_G.xpt
2011-2012,Laboratory,UVOCS_G,Volatile Organic Compound (VOC) Metabolites - Urine - Special Sample,R5,"OFF-DAG: no path to outcome, not a confounder",drop,judgement,https://wwwn.cdc.gov/Nchs/Data/Nhanes/Public/2011/DataFiles/UVOCS_G.xpt
2011-2012,Laboratory,VOCWB_G,Volatile Organic Compounds (VOCs) - Blood,R5,"OFF-DAG: no path to outcome, not a confounder",drop,judgement,https://wwwn.cdc.gov/Nchs/Data/Nhanes/Public/2011/DataFiles/VOCWB_G.xpt
2011-2012,Laboratory,VOCMWB_G,Volatile Organic Compounds (VOCs) - Trihalomethanes/MTBE/Nitromethane - Blood,R5,"OFF-DAG: no path to outcome, not a confounder",drop,judgement,https://wwwn.cdc.gov/Nchs/Data/Nhanes/Public/2011/DataFiles/VOCMWB_G.xpt
2011-2012,Questionnaire,ACQ_G,Acculturation,R5,"OFF-DAG: no path to outcome, not a confounder",drop,judgement,https://wwwn.cdc.gov/Nchs/Data/Nhanes/Public/2011/DataFiles/ACQ_G.xpt
2011-2012,Questionnaire,ALQ_G,Alcohol Use,KEEP,whitelist: alcohol,keep,judgement,https://wwwn.cdc.gov/Nchs/Data/Nhanes/Public/2011/DataFiles/ALQ_G.xpt
2011-2012,Questionnaire,AUQ_G,Audiometry,R5,"OFF-DAG: no path to outcome, not a confounder",drop,judgement,https://wwwn.cdc.gov/Nchs/Data/Nhanes/Public/2011/DataFiles/AUQ_G.xpt
2011-2012,Questionnaire,BPQ_G,Blood Pressure & Cholesterol,KEEP,whitelist: blood_pressure_quex,keep,judgement,https://wwwn.cdc.gov/Nchs/Data/Nhanes/Public/2011/DataFiles/BPQ_G.xpt
2011-2012,Questionnaire,CDQ_G,Cardiovascular Health,KEEP,whitelist: cardiovascular_health,keep,judgement,https://wwwn.cdc.gov/Nchs/Data/Nhanes/Public/2011/DataFiles/CDQ_G.xpt
2011-2012,Questionnaire,CFQ_G,Cognitive Functioning,R5,"OFF-DAG: no path to outcome, not a confounder",drop,judgement,https://wwwn.cdc.gov/Nchs/Data/Nhanes/Public/2011/DataFiles/CFQ_G.xpt
2011-2012,Questionnaire,CBQ_G,Consumer Behavior,R5,"OFF-DAG: no path to outcome, not a confounder",drop,judgement,https://wwwn.cdc.gov/Nchs/Data/Nhanes/Public/2011/DataFiles/CBQ_G.xpt
2011-2012,Questionnaire,CKQ_G,Creatine Kinase,R5,"OFF-DAG: no path to outcome, not a confounder",drop,judgement,https://wwwn.cdc.gov/Nchs/Data/Nhanes/Public/2011/DataFiles/CKQ_G.xpt
2011-2012,Questionnaire,HSQ_G,Current Health Status,R5,"OFF-DAG: no path to outcome, not a confounder",drop,judgement,https://wwwn.cdc.gov/Nchs/Data/Nhanes/Public/2011/DataFiles/HSQ_G.xpt
2011-2012,Questionnaire,DEQ_G,Dermatology,R5,"OFF-DAG: no path to outcome, not a confounder",drop,judgement,https://wwwn.cdc.gov/Nchs/Data/Nhanes/Public/2011/DataFiles/DEQ_G.xpt
2011-2012,Questionnaire,DIQ_G,Diabetes,KEEP,whitelist: diabetes_quex,keep,judgement,https://wwwn.cdc.gov/Nchs/Data/Nhanes/Public/2011/DataFiles/DIQ_G.xpt
2011-2012,Questionnaire,DBQ_G,Diet Behavior & Nutrition,R5,"OFF-DAG: no path to outcome, not a confounder",drop,judgement,https://wwwn.cdc.gov/Nchs/Data/Nhanes/Public/2011/DataFiles/DBQ_G.xpt
2011-2012,Questionnaire,DUQ_G,Drug Use,R5,"OFF-DAG: no path to outcome, not a confounder",drop,judgement,https://wwwn.cdc.gov/Nchs/Data/Nhanes/Public/2011/DataFiles/DUQ_G.xpt
2011-2012,Questionnaire,ECQ_G,Early Childhood,R5,"OFF-DAG: no path to outcome, not a confounder",drop,judgement,https://wwwn.cdc.gov/Nchs/Data/Nhanes/Public/2011/DataFiles/ECQ_G.xpt
2011-2012,Questionnaire,FSQ_G,Food Security,R5,"OFF-DAG: no path to outcome, not a confounder",drop,judgement,https://wwwn.cdc.gov/Nchs/Data/Nhanes/Public/2011/DataFiles/FSQ_G.xpt
2011-2012,Questionnaire,HIQ_G,Health Insurance,KEEP,whitelist: health_insurance,keep,judgement,https://wwwn.cdc.gov/Nchs/Data/Nhanes/Public/2011/DataFiles/HIQ_G.xpt
2011-2012,Questionnaire,HCQ_G,Hepatitis C Follow Up,R5,"OFF-DAG: no path to outcome, not a confounder",drop,judgement,https://wwwn.cdc.gov/Nchs/Data/Nhanes/Public/2011/DataFiles/HCQ_G.xpt
2011-2012,Questionnaire,HUQ_G,Hospital Utilization & Access to Care,R5,"OFF-DAG: no path to outcome, not a confounder",drop,judgement,https://wwwn.cdc.gov/Nchs/Data/Nhanes/Public/2011/DataFiles/HUQ_G.xpt
2011-2012,Questionnaire,HOQ_G,Housing Characteristics,R5,"OFF-DAG: no path to outcome, not a confounder",drop,judgement,https://wwwn.cdc.gov/Nchs/Data/Nhanes/Public/2011/DataFiles/HOQ_G.xpt
2011-2012,Questionnaire,IMQ_G,Immunization,R5,"OFF-DAG: no path to outcome, not a confounder",drop,judgement,https://wwwn.cdc.gov/Nchs/Data/Nhanes/Public/2011/DataFiles/IMQ_G.xpt
2011-2012,Questionnaire,INQ_G,Income,R5,"OFF-DAG: no path to outcome, not a confounder",drop,judgement,https://wwwn.cdc.gov/Nchs/Data/Nhanes/Public/2011/DataFiles/INQ_G.xpt
2011-2012,Questionnaire,KIQ_U_G,Kidney Conditions - Urology,KEEP,whitelist: kidney_quex,keep,judgement,https://wwwn.cdc.gov/Nchs/Data/Nhanes/Public/2011/DataFiles/KIQ_U_G.xpt
2011-2012,Questionnaire,MCQ_G,Medical Conditions,KEEP,whitelist: medical_conditions,keep,judgement,https://wwwn.cdc.gov/Nchs/Data/Nhanes/Public/2011/DataFiles/MCQ_G.xpt
2011-2012,Questionnaire,DPQ_G,Mental Health - Depression Screener,R5,"OFF-DAG: no path to outcome, not a confounder",drop,judgement,https://wwwn.cdc.gov/Nchs/Data/Nhanes/Public/2011/DataFiles/DPQ_G.xpt
2011-2012,Questionnaire,OCQ_G,Occupation,R5,"OFF-DAG: no path to outcome, not a confounder",drop,judgement,https://wwwn.cdc.gov/Nchs/Data/Nhanes/Public/2011/DataFiles/OCQ_G.xpt
2011-2012,Questionnaire,OHQ_G,Oral Health,R5,"OFF-DAG: no path to outcome, not a confounder",drop,judgement,https://wwwn.cdc.gov/Nchs/Data/Nhanes/Public/2011/DataFiles/OHQ_G.xpt
2011-2012,Questionnaire,PUQMEC_G,Pesticide Use,R5,"OFF-DAG: no path to outcome, not a confounder",drop,judgement,https://wwwn.cdc.gov/Nchs/Data/Nhanes/Public/2011/DataFiles/PUQMEC_G.xpt
2011-2012,Questionnaire,PAQ_G,Physical Activity,KEEP,whitelist: physical_activity,keep,judgement,https://wwwn.cdc.gov/Nchs/Data/Nhanes/Public/2011/DataFiles/PAQ_G.xpt
2011-2012,Questionnaire,PFQ_G,Physical Functioning,R5,"OFF-DAG: no path to outcome, not a confounder",drop,judgement,https://wwwn.cdc.gov/Nchs/Data/Nhanes/Public/2011/DataFiles/PFQ_G.xpt
2011-2012,Questionnaire,RXQ_RX_G,Prescription Medications,KEEP,whitelist: prescription_meds,keep,judgement,https://wwwn.cdc.gov/Nchs/Data/Nhanes/Public/2011/DataFiles/RXQ_RX_G.xpt
2011-2012,Questionnaire,RXQ_DRUG,Prescription Medications - Drug Information,R1,UNIT: not person-level,drop,mechanical,https://wwwn.cdc.gov/Nchs/Data/Nhanes/Public/1988/DataFiles/RXQ_DRUG.xpt
2011-2012,Questionnaire,RXQASA_G,Preventive Aspirin Use,R5,"OFF-DAG: no path to outcome, not a confounder",drop,judgement,https://wwwn.cdc.gov/Nchs/Data/Nhanes/Public/2011/DataFiles/RXQASA_G.xpt
2011-2012,Questionnaire,RHQ_G,Reproductive Health,R5,"OFF-DAG: no path to outcome, not a confounder",drop,judgement,https://wwwn.cdc.gov/Nchs/Data/Nhanes/Public/2011/DataFiles/RHQ_G.xpt
2011-2012,Questionnaire,RDQ_G,Respiratory Health,R5,"OFF-DAG: no path to outcome, not a confounder",drop,judgement,https://wwwn.cdc.gov/Nchs/Data/Nhanes/Public/2011/DataFiles/RDQ_G.xpt
2011-2012,Questionnaire,SXQ_G,Sexual Behavior,R5,"OFF-DAG: no path to outcome, not a confounder",drop,judgement,https://wwwn.cdc.gov/Nchs/Data/Nhanes/Public/2011/DataFiles/SXQ_G.xpt
2011-2012,Questionnaire,SLQ_G,Sleep Disorders,KEEP,whitelist: sleep,keep,judgement,https://wwwn.cdc.gov/Nchs/Data/Nhanes/Public/2011/DataFiles/SLQ_G.xpt
2011-2012,Questionnaire,SMQ_G,Smoking - Cigarette Use,KEEP,whitelist: smoking,keep,judgement,https://wwwn.cdc.gov/Nchs/Data/Nhanes/Public/2011/DataFiles/SMQ_G.xpt
2011-2012,Questionnaire,SMQFAM_G,Smoking - Household Smokers,R5,"OFF-DAG (considered): household smokers — secondhand exposure, not the participant's own smoking",drop,judgement,https://wwwn.cdc.gov/Nchs/Data/Nhanes/Public/2011/DataFiles/SMQFAM_G.xpt
2011-2012,Questionnaire,SMQRTU_G,Smoking - Recent Tobacco Use,R5,"OFF-DAG (considered): recent tobacco use (5-day recall) — supplements SMQ, not a substitute",drop,judgement,https://wwwn.cdc.gov/Nchs/Data/Nhanes/Public/2011/DataFiles/SMQRTU_G.xpt
2011-2012,Questionnaire,CSQ_G,Taste & Smell,R5,"OFF-DAG: no path to outcome, not a confounder",drop,judgement,https://wwwn.cdc.gov/Nchs/Data/Nhanes/Public/2011/DataFiles/CSQ_G.xpt
2011-2012,Questionnaire,TBQ_G,Tuberculosis,R5,"OFF-DAG: no path to outcome, not a confounder",drop,judgement,https://wwwn.cdc.gov/Nchs/Data/Nhanes/Public/2011/DataFiles/TBQ_G.xpt
2011-2012,Questionnaire,VTQ_G,Volatile Toxicant,R5,"OFF-DAG: no path to outcome, not a confounder",drop,judgement,https://wwwn.cdc.gov/Nchs/Data/Nhanes/Public/2011/DataFiles/VTQ_G.xpt
2011-2012,Questionnaire,WHQ_G,Weight History,R5,"OFF-DAG: no path to outcome, not a confounder",drop,judgement,https://wwwn.cdc.gov/Nchs/Data/Nhanes/Public/2011/DataFiles/WHQ_G.xpt
2011-2012,Questionnaire,WHQMEC_G,Weight History - Youth,R2,POPULATION: youth/children only,drop,mechanical,https://wwwn.cdc.gov/Nchs/Data/Nhanes/Public/2011/DataFiles/WHQMEC_G.xpt
2011-2012,LimitedAccess,,Albumin & Creatinine - Urine,R0,ACCESS: RDC application required,drop,mechanical,
2011-2012,LimitedAccess,,Alcohol Use - Youth,R0,ACCESS: RDC application required,drop,mechanical,
2011-2012,LimitedAccess,,California - Demographic Variables & Sample Weights,R0,ACCESS: RDC application required,drop,mechanical,
2011-2012,LimitedAccess,,Drug Use - Youth,R0,ACCESS: RDC application required,drop,mechanical,
2011-2012,LimitedAccess,,Food Security - Pregnant Women,R0,ACCESS: RDC application required,drop,mechanical,
2011-2012,LimitedAccess,,"Geocoded Data, NHANES 1999-2016, Census 2000",R0,ACCESS: RDC application required,drop,mechanical,
2011-2012,LimitedAccess,,"Geocoded Data, NHANES 1999-2018, Census 2010",R0,ACCESS: RDC application required,drop,mechanical,
2011-2012,LimitedAccess,,"Geocoded Data, NHANES 1999-March 2020, Census 2020",R0,ACCESS: RDC application required,drop,mechanical,
2011-2012,LimitedAccess,,Herpes Simplex Virus Type-2 - Youth,R0,ACCESS: RDC application required,drop,mechanical,
2011-2012,LimitedAccess,,Human Papillomavirus (HPV) - Oral Rinse - Youth,R0,ACCESS: RDC application required,drop,mechanical,
2011-2012,LimitedAccess,,Human Papillomavirus (HPV) DNA - Vaginal Swab: Digene Hybrid Capture & Roche Linear Array - Youth,R0,ACCESS: RDC application required,drop,mechanical,
2011-2012,LimitedAccess,,Iodine - Urine - Pregnant Women (Surplus),R0,ACCESS: RDC application required,drop,mechanical,
2011-2012,LimitedAccess,,"Los Angeles County, California - Demographic Variables & Sample Weights",R0,ACCESS: RDC application required,drop,mechanical,
2011-2012,LimitedAccess,,Mental Health - Depression Screener - Youth,R0,ACCESS: RDC application required,drop,mechanical,
2011-2012,LimitedAccess,,Occupation - Industry & Occupation Codes,R0,ACCESS: RDC application required,drop,mechanical,
2011-2012,LimitedAccess,,Oral Microbiome Project,R0,ACCESS: RDC application required,drop,mechanical,
2011-2012,LimitedAccess,,Physical Activity Monitor - Ambient Light Raw Data,R0,ACCESS: RDC application required,drop,mechanical,
2011-2012,LimitedAccess,,Physical Activity Monitor - Day,R0,ACCESS: RDC application required,drop,mechanical,
2011-2012,LimitedAccess,,Physical Activity Monitor - Header,R0,ACCESS: RDC application required,drop,mechanical,
2011-2012,LimitedAccess,,Physical Activity Monitor - Hour,R0,ACCESS: RDC application required,drop,mechanical,
2011-2012,LimitedAccess,,Physical Activity Monitor - Minute,R0,ACCESS: RDC application required,drop,mechanical,
2011-2012,LimitedAccess,,Physical Activity Monitor - Raw Data 80hz,R0,ACCESS: RDC application required,drop,mechanical,
2011-2012,LimitedAccess,,Reproductive Health - Pregnant Women,R0,ACCESS: RDC application required,drop,mechanical,
2011-2012,LimitedAccess,,Sexual Behavior - Youth,R0,ACCESS: RDC application required,drop,mechanical,
2011-2012,LimitedAccess,,Taste & Smell,R0,ACCESS: RDC application required,drop,mechanical,
2011-2012,LimitedAccess,,"Urinary Chlamydia, Ages 14-17",R0,ACCESS: RDC application required,drop,mechanical,
2013-2014,Demographics,DEMO_H,Demographic Variables and Sample Weights,KEEP,whitelist: demographics,keep,judgement,https://wwwn.cdc.gov/Nchs/Data/Nhanes/Public/2013/DataFiles/DEMO_H.xpt
2013-2014,Dietary,DR1IFF_H,"Dietary Interview - Individual Foods, First Day",R1,UNIT: not person-level,drop,mechanical,https://wwwn.cdc.gov/Nchs/Data/Nhanes/Public/2013/DataFiles/DR1IFF_H.xpt
2013-2014,Dietary,DR2IFF_H,"Dietary Interview - Individual Foods, Second Day",R1,UNIT: not person-level,drop,mechanical,https://wwwn.cdc.gov/Nchs/Data/Nhanes/Public/2013/DataFiles/DR2IFF_H.xpt
2013-2014,Dietary,DR1TOT_H,"Dietary Interview - Total Nutrient Intakes, First Day",R4,DIET-FRAME: WTDRD1 frame + mediator in DAG,drop,mechanical,https://wwwn.cdc.gov/Nchs/Data/Nhanes/Public/2013/DataFiles/DR1TOT_H.xpt
2013-2014,Dietary,DR2TOT_H,"Dietary Interview - Total Nutrient Intakes, Second Day",R4,DIET-FRAME: WTDRD1 frame + mediator in DAG,drop,mechanical,https://wwwn.cdc.gov/Nchs/Data/Nhanes/Public/2013/DataFiles/DR2TOT_H.xpt
2013-2014,Dietary,DRXFCD_H,Dietary Interview Technical Support File - Food Codes,R1,UNIT: not person-level,drop,mechanical,https://wwwn.cdc.gov/Nchs/Data/Nhanes/Public/2013/DataFiles/DRXFCD_H.xpt
2013-2014,Dietary,DSBI,Dietary Supplement Database - Blend Information,R1,UNIT: not person-level,drop,mechanical,https://wwwn.cdc.gov/Nchs/Data/Nhanes/Public/1999/DataFiles/DSBI.xpt
2013-2014,Dietary,DSII,Dietary Supplement Database - Ingredient Information,R1,UNIT: not person-level,drop,mechanical,https://wwwn.cdc.gov/Nchs/Data/Nhanes/Public/1999/DataFiles/DSII.xpt
2013-2014,Dietary,DSPI,Dietary Supplement Database - Product Information,R1,UNIT: not person-level,drop,mechanical,https://wwwn.cdc.gov/Nchs/Data/Nhanes/Public/1999/DataFiles/DSPI.xpt
2013-2014,Dietary,DS1IDS_H,"Dietary Supplement Use 24-Hour - Individual Dietary Supplements, First Day",R1,UNIT: not person-level,drop,mechanical,https://wwwn.cdc.gov/Nchs/Data/Nhanes/Public/2013/DataFiles/DS1IDS_H.xpt
2013-2014,Dietary,DS2IDS_H,"Dietary Supplement Use 24-Hour - Individual Dietary Supplements, Second Day",R1,UNIT: not person-level,drop,mechanical,https://wwwn.cdc.gov/Nchs/Data/Nhanes/Public/2013/DataFiles/DS2IDS_H.xpt
2013-2014,Dietary,DS1TOT_H,"Dietary Supplement Use 24-Hour - Total Dietary Supplements, First Day",R4,DIET-FRAME: WTDRD1 frame + mediator in DAG,drop,mechanical,https://wwwn.cdc.gov/Nchs/Data/Nhanes/Public/2013/DataFiles/DS1TOT_H.xpt
2013-2014,Dietary,DS2TOT_H,"Dietary Supplement Use 24-Hour - Total Dietary Supplements, Second Day",R4,DIET-FRAME: WTDRD1 frame + mediator in DAG,drop,mechanical,https://wwwn.cdc.gov/Nchs/Data/Nhanes/Public/2013/DataFiles/DS2TOT_H.xpt
2013-2014,Dietary,DSQIDS_H,Dietary Supplement Use 30-Day - Individual Dietary Supplements,R1,UNIT: not person-level,drop,mechanical,https://wwwn.cdc.gov/Nchs/Data/Nhanes/Public/2013/DataFiles/DSQIDS_H.xpt
2013-2014,Dietary,DSQTOT_H,Dietary Supplement Use 30-Day - Total Dietary Supplements,R4,DIET-FRAME: WTDRD1 frame + mediator in DAG,drop,mechanical,https://wwwn.cdc.gov/Nchs/Data/Nhanes/Public/2013/DataFiles/DSQTOT_H.xpt
2013-2014,Examination,BPX_H,Blood Pressure,KEEP,whitelist: blood_pressure_exam,keep,judgement,https://wwwn.cdc.gov/Nchs/Data/Nhanes/Public/2013/DataFiles/BPX_H.xpt
2013-2014,Examination,BMX_H,Body Measures,KEEP,whitelist: body_measures,keep,judgement,https://wwwn.cdc.gov/Nchs/Data/Nhanes/Public/2013/DataFiles/BMX_H.xpt
2013-2014,Examination,DXXAAC_H,Dual-Energy X-ray Absorptiometry - Abdominal Aortic Calcification,R5,"OFF-DAG: no path to outcome, not a confounder",drop,judgement,https://wwwn.cdc.gov/Nchs/Data/Nhanes/Public/2013/DataFiles/DXXAAC_H.xpt
2013-2014,Examination,DXXAG_H,Dual-Energy X-ray Absorptiometry - Android/Gynoid Measurements,R5,"OFF-DAG: no path to outcome, not a confounder",drop,judgement,https://wwwn.cdc.gov/Nchs/Data/Nhanes/Public/2013/DataFiles/DXXAG_H.xpt
2013-2014,Examination,DXXFEM_H,Dual-Energy X-ray Absorptiometry - Femur,R5,"OFF-DAG: no path to outcome, not a confounder",drop,judgement,https://wwwn.cdc.gov/Nchs/Data/Nhanes/Public/2013/DataFiles/DXXFEM_H.xpt
2013-2014,Examination,DXXFRX_H,Dual-Energy X-ray Absorptiometry - FRAX Score,R5,"OFF-DAG: no path to outcome, not a confounder",drop,judgement,https://wwwn.cdc.gov/Nchs/Data/Nhanes/Public/2013/DataFiles/DXXFRX_H.xpt
2013-2014,Examination,DXXL1_H,Dual-Energy X-ray Absorptiometry - L1 Vertebrae Morphology,R5,"OFF-DAG: no path to outcome, not a confounder",drop,judgement,https://wwwn.cdc.gov/Nchs/Data/Nhanes/Public/2013/DataFiles/DXXL1_H.xpt
2013-2014,Examination,DXXL2_H,Dual-Energy X-ray Absorptiometry - L2 Vertebrae Morphology,R5,"OFF-DAG: no path to outcome, not a confounder",drop,judgement,https://wwwn.cdc.gov/Nchs/Data/Nhanes/Public/2013/DataFiles/DXXL2_H.xpt
2013-2014,Examination,DXXL3_H,Dual-Energy X-ray Absorptiometry - L3 Vertebrae Morphology,R5,"OFF-DAG: no path to outcome, not a confounder",drop,judgement,https://wwwn.cdc.gov/Nchs/Data/Nhanes/Public/2013/DataFiles/DXXL3_H.xpt
2013-2014,Examination,DXXL4_H,Dual-Energy X-ray Absorptiometry - L4 Vertebrae Morphology,R5,"OFF-DAG: no path to outcome, not a confounder",drop,judgement,https://wwwn.cdc.gov/Nchs/Data/Nhanes/Public/2013/DataFiles/DXXL4_H.xpt
2013-2014,Examination,DXXSPN_H,Dual-Energy X-ray Absorptiometry - Spine,R5,"OFF-DAG: no path to outcome, not a confounder",drop,judgement,https://wwwn.cdc.gov/Nchs/Data/Nhanes/Public/2013/DataFiles/DXXSPN_H.xpt
2013-2014,Examination,DXXT10_H,Dual-Energy X-ray Absorptiometry - T10 Vertebrae Morphology,R5,"OFF-DAG: no path to outcome, not a confounder",drop,judgement,https://wwwn.cdc.gov/Nchs/Data/Nhanes/Public/2013/DataFiles/DXXT10_H.xpt
2013-2014,Examination,DXXT11_H,Dual-Energy X-ray Absorptiometry - T11 Vertebrae Morphology,R5,"OFF-DAG: no path to outcome, not a confounder",drop,judgement,https://wwwn.cdc.gov/Nchs/Data/Nhanes/Public/2013/DataFiles/DXXT11_H.xpt
2013-2014,Examination,DXXT12_H,Dual-Energy X-ray Absorptiometry - T12 Vertebrae Morphology,R5,"OFF-DAG: no path to outcome, not a confounder",drop,judgement,https://wwwn.cdc.gov/Nchs/Data/Nhanes/Public/2013/DataFiles/DXXT12_H.xpt
2013-2014,Examination,DXXT4_H,Dual-Energy X-ray Absorptiometry - T4 Vertebrae Morphology,R5,"OFF-DAG: no path to outcome, not a confounder",drop,judgement,https://wwwn.cdc.gov/Nchs/Data/Nhanes/Public/2013/DataFiles/DXXT4_H.xpt
2013-2014,Examination,DXXT5_H,Dual-Energy X-ray Absorptiometry - T5 Vertebrae Morphology,R5,"OFF-DAG: no path to outcome, not a confounder",drop,judgement,https://wwwn.cdc.gov/Nchs/Data/Nhanes/Public/2013/DataFiles/DXXT5_H.xpt
2013-2014,Examination,DXXT6_H,Dual-Energy X-ray Absorptiometry - T6 Vertebrae Morphology,R5,"OFF-DAG: no path to outcome, not a confounder",drop,judgement,https://wwwn.cdc.gov/Nchs/Data/Nhanes/Public/2013/DataFiles/DXXT6_H.xpt
2013-2014,Examination,DXXT7_H,Dual-Energy X-ray Absorptiometry - T7 Vertebrae Morphology,R5,"OFF-DAG: no path to outcome, not a confounder",drop,judgement,https://wwwn.cdc.gov/Nchs/Data/Nhanes/Public/2013/DataFiles/DXXT7_H.xpt
2013-2014,Examination,DXXT8_H,Dual-Energy X-ray Absorptiometry - T8 Vertebrae Morphology,R5,"OFF-DAG: no path to outcome, not a confounder",drop,judgement,https://wwwn.cdc.gov/Nchs/Data/Nhanes/Public/2013/DataFiles/DXXT8_H.xpt
2013-2014,Examination,DXXT9_H,Dual-Energy X-ray Absorptiometry - T9 Vertebrae Morphology,R5,"OFF-DAG: no path to outcome, not a confounder",drop,judgement,https://wwwn.cdc.gov/Nchs/Data/Nhanes/Public/2013/DataFiles/DXXT9_H.xpt
2013-2014,Examination,DXXVFA_H,Dual-Energy X-ray Absorptiometry - Vertebral Fracture Assessment,R5,"OFF-DAG: no path to outcome, not a confounder",drop,judgement,https://wwwn.cdc.gov/Nchs/Data/Nhanes/Public/2013/DataFiles/DXXVFA_H.xpt
2013-2014,Examination,DXX_H,Dual-Energy X-ray Absorptiometry - Whole Body,R5,"OFF-DAG: no path to outcome, not a confounder",drop,judgement,https://wwwn.cdc.gov/Nchs/Data/Nhanes/Public/2013/DataFiles/DXX_H.xpt
2013-2014,Examination,FLXCLN_H,Fluorosis - Clinical,R5,"OFF-DAG: no path to outcome, not a confounder",drop,judgement,https://wwwn.cdc.gov/Nchs/Data/Nhanes/Public/2013/DataFiles/FLXCLN_H.xpt
2013-2014,Examination,MGX_H,Muscle Strength - Grip Test,R5,"OFF-DAG: no path to outcome, not a confounder",drop,judgement,https://wwwn.cdc.gov/Nchs/Data/Nhanes/Public/2013/DataFiles/MGX_H.xpt
2013-2014,Examination,OHXDEN_H,Oral Health - Dentition,R5,"OFF-DAG: no path to outcome, not a confounder",drop,judgement,https://wwwn.cdc.gov/Nchs/Data/Nhanes/Public/2013/DataFiles/OHXDEN_H.xpt
2013-2014,Examination,OHXPER_H,Oral Health - Periodontal,R5,"OFF-DAG: no path to outcome, not a confounder",drop,judgement,https://wwwn.cdc.gov/Nchs/Data/Nhanes/Public/2013/DataFiles/OHXPER_H.xpt
2013-2014,Examination,OHXREF_H,Oral Health - Recommendation of Care,R5,"OFF-DAG: no path to outcome, not a confounder",drop,judgement,https://wwwn.cdc.gov/Nchs/Data/Nhanes/Public/2013/DataFiles/OHXREF_H.xpt
2013-2014,Examination,PAXLUX_H,Physical Activity Monitor - Ambient Light Raw Data,R1,UNIT: not person-level,drop,mechanical,https://wwwn.cdc.govhttps://ftp.cdc.gov/pub/paxlux_h
2013-2014,Examination,PAXDAY_H,Physical Activity Monitor - Day,R1,UNIT: not person-level,drop,mechanical,https://wwwn.cdc.gov/Nchs/Data/Nhanes/Public/2013/DataFiles/PAXDAY_H.xpt
2013-2014,Examination,PAXHD_H,Physical Activity Monitor - Header,R1,UNIT: not person-level,drop,mechanical,https://wwwn.cdc.gov/Nchs/Data/Nhanes/Public/2013/DataFiles/PAXHD_H.xpt
2013-2014,Examination,PAXHR_H,Physical Activity Monitor - Hour,R1,UNIT: not person-level,drop,mechanical,https://wwwn.cdc.gov/Nchs/Data/Nhanes/Public/2013/DataFiles/PAXHR_H.xpt
2013-2014,Examination,PAXMIN_H,Physical Activity Monitor - Minute,R1,UNIT: not person-level,drop,mechanical,https://wwwn.cdc.govhttps://ftp.cdc.gov/pub/NHANES/LargeDataFiles/PAXMIN_H.xpt
2013-2014,Examination,PAX_H,Physical Activity Monitor - Raw Data 80hz,R1,UNIT: not person-level,drop,mechanical,https://wwwn.cdc.govhttps://ftp.cdc.gov/pub/pax_h
2013-2014,Examination,CSX_H,Taste & Smell,R5,"OFF-DAG: no path to outcome, not a confounder",drop,judgement,https://wwwn.cdc.gov/Nchs/Data/Nhanes/Public/2013/DataFiles/CSX_H.xpt
2013-2014,Laboratory,AMDGYD_H,Acrylamide & Glycidamide,R5,"OFF-DAG: no path to outcome, not a confounder",drop,judgement,https://wwwn.cdc.gov/Nchs/Data/Nhanes/Public/2013/DataFiles/AMDGYD_H.xpt
2013-2014,Laboratory,AMDGDS_H,Acrylamide & Glycidamide - Special Sample,R5,"OFF-DAG: no path to outcome, not a confounder",drop,judgement,https://wwwn.cdc.gov/Nchs/Data/Nhanes/Public/2013/DataFiles/AMDGDS_H.xpt
2013-2014,Laboratory,ALB_CR_H,Albumin & Creatinine - Urine,KEEP,whitelist: urine_albumin_creat,keep,judgement,https://wwwn.cdc.gov/Nchs/Data/Nhanes/Public/2013/DataFiles/ALB_CR_H.xpt
2013-2014,Laboratory,ALD_H,Aldehydes - Serum,R5,"OFF-DAG: no path to outcome, not a confounder",drop,judgement,https://wwwn.cdc.gov/Nchs/Data/Nhanes/Public/2013/DataFiles/ALD_H.xpt
2013-2014,Laboratory,ALDS_H,Aldehydes - Serum - Special Sample,R5,"OFF-DAG: no path to outcome, not a confounder",drop,judgement,https://wwwn.cdc.gov/Nchs/Data/Nhanes/Public/2013/DataFiles/ALDS_H.xpt
2013-2014,Laboratory,SSTOCA_H,Antibody to Toxocara spp. (Surplus),R3,"SURPLUS: subsample assay, no companion weight",drop,mechanical,https://wwwn.cdc.gov/Nchs/Data/Nhanes/Public/2013/DataFiles/SSTOCA_H.xpt
2013-2014,Laboratory,APOB_H,Apolipoprotein B,R5,"OFF-DAG: no path to outcome, not a confounder",drop,judgement,https://wwwn.cdc.gov/Nchs/Data/Nhanes/Public/2013/DataFiles/APOB_H.xpt
2013-2014,Laboratory,AA_H,Aromatic Amines - Urine,R5,"OFF-DAG: no path to outcome, not a confounder",drop,judgement,https://wwwn.cdc.gov/Nchs/Data/Nhanes/Public/2013/DataFiles/AA_H.xpt
2013-2014,Laboratory,AAS_H,Aromatic Amines - Urine - Special Sample,R5,"OFF-DAG: no path to outcome, not a confounder",drop,judgement,https://wwwn.cdc.gov/Nchs/Data/Nhanes/Public/2013/DataFiles/AAS_H.xpt
2013-2014,Laboratory,UTAS_H,Arsenic - Total - Urine,R5,"OFF-DAG: no path to outcome, not a confounder",drop,judgement,https://wwwn.cdc.gov/Nchs/Data/Nhanes/Public/2013/DataFiles/UTAS_H.xpt
2013-2014,Laboratory,UTASS_H,Arsenic - Total - Urine - Special Sample,R5,"OFF-DAG: no path to outcome, not a confounder",drop,judgement,https://wwwn.cdc.gov/Nchs/Data/Nhanes/Public/2013/DataFiles/UTASS_H.xpt
2013-2014,Laboratory,UAS_H,Arsenics - Speciated - Urine,R5,"OFF-DAG: no path to outcome, not a confounder",drop,judgement,https://wwwn.cdc.gov/Nchs/Data/Nhanes/Public/2013/DataFiles/UAS_H.xpt
2013-2014,Laboratory,UASS_H,Arsenics - Speciated - Urine - Special Sample,R5,"OFF-DAG: no path to outcome, not a confounder",drop,judgement,https://wwwn.cdc.gov/Nchs/Data/Nhanes/Public/2013/DataFiles/UASS_H.xpt
2013-2014,Laboratory,BFRPOL_H,Brominated Flame Retardants (BFRs) - Pooled Samples,R5,"OFF-DAG: no path to outcome, not a confounder",drop,judgement,https://wwwn.cdc.gov/Nchs/Data/Nhanes/Public/2013/DataFiles/BFRPOL_H.xpt
2013-2014,Laboratory,CAFE_H,Caffeine & Caffeine Metabolites - Urine,R5,"OFF-DAG: no path to outcome, not a confounder",drop,judgement,https://wwwn.cdc.gov/Nchs/Data/Nhanes/Public/2013/DataFiles/CAFE_H.xpt
2013-2014,Laboratory,CHLMDA_H,Chlamydia - Urine,R5,"OFF-DAG: no path to outcome, not a confounder",drop,judgement,https://wwwn.cdc.gov/Nchs/Data/Nhanes/Public/2013/DataFiles/CHLMDA_H.xpt
2013-2014,Laboratory,SSCT_H,Chlamydia Pgp3 (plasmid gene product 3) ELISA (enzyme linked immunosorbent assay) and multiplex bead array (MBA) results,R3,"SURPLUS: subsample assay, no companion weight",drop,mechanical,https://wwwn.cdc.gov/Nchs/Data/Nhanes/Public/2013/DataFiles/SSCT_H.xpt
2013-2014,Laboratory,HDL_H,Cholesterol - HDL,KEEP,whitelist: cholesterol_total_hdl,keep,judgement,https://wwwn.cdc.gov/Nchs/Data/Nhanes/Public/2013/DataFiles/HDL_H.xpt
2013-2014,Laboratory,TRIGLY_H,Cholesterol - LDL & Triglycerides,KEEP,whitelist: cholesterol_ldl_trig,keep,judgement,https://wwwn.cdc.gov/Nchs/Data/Nhanes/Public/2013/DataFiles/TRIGLY_H.xpt
2013-2014,Laboratory,TCHOL_H,Cholesterol - Total,KEEP,whitelist: cholesterol_total_hdl,keep,judgement,https://wwwn.cdc.gov/Nchs/Data/Nhanes/Public/2013/DataFiles/TCHOL_H.xpt
2013-2014,Laboratory,CBC_H,Complete Blood Count with 5-part Differential - Whole Blood,R5,"OFF-DAG: no path to outcome, not a confounder",drop,judgement,https://wwwn.cdc.gov/Nchs/Data/Nhanes/Public/2013/DataFiles/CBC_H.xpt
2013-2014,Laboratory,CUSEZN_H,"Copper, Selenium & Zinc - Serum",R5,"OFF-DAG: no path to outcome, not a confounder",drop,judgement,https://wwwn.cdc.gov/Nchs/Data/Nhanes/Public/2013/DataFiles/CUSEZN_H.xpt
2013-2014,Laboratory,COT_H,Cotinine and Hydroxycotinine - Serum,R5,"OFF-DAG: no path to outcome, not a confounder",drop,judgement,https://wwwn.cdc.gov/Nchs/Data/Nhanes/Public/2013/DataFiles/COT_H.xpt
2013-2014,Laboratory,UCOT_H,"Cotinine, Hydroxycotinine, & Other Nicotine Metabolites and Analogs - Urine",R5,"OFF-DAG: no path to outcome, not a confounder",drop,judgement,https://wwwn.cdc.gov/Nchs/Data/Nhanes/Public/2013/DataFiles/UCOT_H.xpt
2013-2014,Laboratory,UCOTS_H,"Cotinine, Hydroxycotinine, & Other Nicotine Metabolites and Analogs - Urine - Special Sample",R5,"OFF-DAG: no path to outcome, not a confounder",drop,judgement,https://wwwn.cdc.gov/Nchs/Data/Nhanes/Public/2013/DataFiles/UCOTS_H.xpt
2013-2014,Laboratory,DEET_H,DEET and Metabolites,R5,"OFF-DAG: no path to outcome, not a confounder",drop,judgement,https://wwwn.cdc.gov/Nchs/Data/Nhanes/Public/2013/DataFiles/DEET_H.xpt
2013-2014,Laboratory,ETHOX_H,Ethylene Oxide,R5,"OFF-DAG: no path to outcome, not a confounder",drop,judgement,https://wwwn.cdc.gov/Nchs/Data/Nhanes/Public/2013/DataFiles/ETHOX_H.xpt
2013-2014,Laboratory,ETHOXS_H,Ethylene Oxide - Special Sample,R5,"OFF-DAG: no path to outcome, not a confounder",drop,judgement,https://wwwn.cdc.gov/Nchs/Data/Nhanes/Public/2013/DataFiles/ETHOXS_H.xpt
2013-2014,Laboratory,FASTQX_H,Fasting Questionnaire,R5,"OFF-DAG: no path to outcome, not a confounder",drop,judgement,https://wwwn.cdc.gov/Nchs/Data/Nhanes/Public/2013/DataFiles/FASTQX_H.xpt
2013-2014,Laboratory,FAS_H,Fatty Acids - Serum,R5,"OFF-DAG: no path to outcome, not a confounder",drop,judgement,https://wwwn.cdc.gov/Nchs/Data/Nhanes/Public/2013/DataFiles/FAS_H.xpt
2013-2014,Laboratory,SSFLRT_H,Flame Retardant Metabolites - Urine (Surplus),R3,"SURPLUS: subsample assay, no companion weight",drop,mechanical,https://wwwn.cdc.gov/Nchs/Data/Nhanes/Public/2013/DataFiles/SSFLRT_H.xpt
2013-2014,Laboratory,FLDEP_H,Fluoride - Plasma,R5,"OFF-DAG: no path to outcome, not a confounder",drop,judgement,https://wwwn.cdc.gov/Nchs/Data/Nhanes/Public/2013/DataFiles/FLDEP_H.xpt
2013-2014,Laboratory,FLDEW_H,Fluoride - Water,R5,"OFF-DAG: no path to outcome, not a confounder",drop,judgement,https://wwwn.cdc.gov/Nchs/Data/Nhanes/Public/2013/DataFiles/FLDEW_H.xpt
2013-2014,Laboratory,FOLATE_H,Folate - RBC,R5,"OFF-DAG: no path to outcome, not a confounder",drop,judgement,https://wwwn.cdc.gov/Nchs/Data/Nhanes/Public/2013/DataFiles/FOLATE_H.xpt
2013-2014,Laboratory,FOLFMS_H,Folate Forms - Total & Individual - Serum,R5,"OFF-DAG: no path to outcome, not a confounder",drop,judgement,https://wwwn.cdc.gov/Nchs/Data/Nhanes/Public/2013/DataFiles/FOLFMS_H.xpt
2013-2014,Laboratory,FORMAL_H,Formaldehyde,R5,"OFF-DAG: no path to outcome, not a confounder",drop,judgement,https://wwwn.cdc.gov/Nchs/Data/Nhanes/Public/2013/DataFiles/FORMAL_H.xpt
2013-2014,Laboratory,FORMAS_H,Formaldehyde - Special Sample,R5,"OFF-DAG: no path to outcome, not a confounder",drop,judgement,https://wwwn.cdc.gov/Nchs/Data/Nhanes/Public/2013/DataFiles/FORMAS_H.xpt
2013-2014,Laboratory,GHB_H,Glycohemoglobin,KEEP,whitelist: glycohemoglobin,keep,judgement,https://wwwn.cdc.gov/Nchs/Data/Nhanes/Public/2013/DataFiles/GHB_H.xpt
2013-2014,Laboratory,SSGLYP_H,Glyphosate (GLYP) - Urine,R3,"SURPLUS: subsample assay, no companion weight",drop,mechanical,https://wwwn.cdc.gov/Nchs/Data/Nhanes/Public/2013/DataFiles/SSGLYP_H.xpt
2013-2014,Laboratory,HEPA_H,Hepatitis A,R5,"OFF-DAG: no path to outcome, not a confounder",drop,judgement,https://wwwn.cdc.gov/Nchs/Data/Nhanes/Public/2013/DataFiles/HEPA_H.xpt
2013-2014,Laboratory,HEPBD_H,"Hepatitis B: Core antibody, Surface antigen, and Hepatitis D: antibody",R5,"OFF-DAG: no path to outcome, not a confounder",drop,judgement,https://wwwn.cdc.gov/Nchs/Data/Nhanes/Public/2013/DataFiles/HEPBD_H.xpt
2013-2014,Laboratory,HEPB_S_H,Hepatitis B: Surface Antibody,R5,"OFF-DAG: no path to outcome, not a confounder",drop,judgement,https://wwwn.cdc.gov/Nchs/Data/Nhanes/Public/2013/DataFiles/HEPB_S_H.xpt
2013-2014,Laboratory,SSHEPC_H,Hepatitis C: Confirmed Antibody (INNO-LIA),R3,"SURPLUS: subsample assay, no companion weight",drop,mechanical,https://wwwn.cdc.gov/Nchs/Data/Nhanes/Public/2013/DataFiles/SSHEPC_H.xpt
2013-2014,Laboratory,HEPC_H,Hepatitis C: RNA (HCV-RNA) and Hepatitis C Genotype,R5,"OFF-DAG: no path to outcome, not a confounder",drop,judgement,https://wwwn.cdc.gov/Nchs/Data/Nhanes/Public/2013/DataFiles/HEPC_H.xpt
2013-2014,Laboratory,HEPE_H,Hepatitis E: IgG & IgM Antibodies,R5,"OFF-DAG: no path to outcome, not a confounder",drop,judgement,https://wwwn.cdc.gov/Nchs/Data/Nhanes/Public/2013/DataFiles/HEPE_H.xpt
2013-2014,Laboratory,HSV_H,Herpes Simplex Virus Type-1 & Type-2,R5,"OFF-DAG: no path to outcome, not a confounder",drop,judgement,https://wwwn.cdc.gov/Nchs/Data/Nhanes/Public/2013/DataFiles/HSV_H.xpt
2013-2014,Laboratory,HCAA_H,Heterocyclic Aromatic Amines - Urine,R5,"OFF-DAG: no path to outcome, not a confounder",drop,judgement,https://wwwn.cdc.gov/Nchs/Data/Nhanes/Public/2013/DataFiles/HCAA_H.xpt
2013-2014,Laboratory,HCAAS_H,Heterocyclic Aromatic Amines (HCAA) - Urine - Special Sample,R5,"OFF-DAG: no path to outcome, not a confounder",drop,judgement,https://wwwn.cdc.gov/Nchs/Data/Nhanes/Public/2013/DataFiles/HCAAS_H.xpt
2013-2014,Laboratory,HIV_H,HIV Antibody Test,R5,"OFF-DAG: no path to outcome, not a confounder",drop,judgement,https://wwwn.cdc.gov/Nchs/Data/Nhanes/Public/2013/DataFiles/HIV_H.xpt
2013-2014,Laboratory,ORHPV_H,Human Papillomavirus (HPV) - Oral Rinse,R5,"OFF-DAG: no path to outcome, not a confounder",drop,judgement,https://wwwn.cdc.gov/Nchs/Data/Nhanes/Public/2013/DataFiles/ORHPV_H.xpt
2013-2014,Laboratory,HPVSWR_H,Human Papillomavirus (HPV) DNA - Vaginal Swab: Roche Cobas & Roche Linear Array,R5,"OFF-DAG: no path to outcome, not a confounder",drop,judgement,https://wwwn.cdc.gov/Nchs/Data/Nhanes/Public/2013/DataFiles/HPVSWR_H.xpt
2013-2014,Laboratory,HPVP_H,Human Papillomavirus (HPV) DNA Results from Penile Swab Samples: Roche Linear Array,R5,"OFF-DAG: no path to outcome, not a confounder",drop,judgement,https://wwwn.cdc.gov/Nchs/Data/Nhanes/Public/2013/DataFiles/HPVP_H.xpt
2013-2014,Laboratory,INS_H,Insulin,R5,"OFF-DAG: no path to outcome, not a confounder",drop,judgement,https://wwwn.cdc.gov/Nchs/Data/Nhanes/Public/2013/DataFiles/INS_H.xpt
2013-2014,Laboratory,UIO_H,Iodine - Urine,R5,"OFF-DAG: no path to outcome, not a confounder",drop,judgement,https://wwwn.cdc.gov/Nchs/Data/Nhanes/Public/2013/DataFiles/UIO_H.xpt
2013-2014,Laboratory,SSKL_H,Klotho - Serum (Surplus),R3,"SURPLUS: subsample assay, no companion weight",drop,mechanical,https://wwwn.cdc.gov/Nchs/Data/Nhanes/Public/2013/DataFiles/SSKL_H.xpt
2013-2014,Laboratory,PBCD_H,"Lead, Cadmium, Total Mercury, Selenium, and Manganese - Blood",R5,"OFF-DAG: no path to outcome, not a confounder",drop,judgement,https://wwwn.cdc.gov/Nchs/Data/Nhanes/Public/2013/DataFiles/PBCD_H.xpt
2013-2014,Laboratory,UHG_H,Mercury: Inorganic - Urine,R5,"OFF-DAG: no path to outcome, not a confounder",drop,judgement,https://wwwn.cdc.gov/Nchs/Data/Nhanes/Public/2013/DataFiles/UHG_H.xpt
2013-2014,Laboratory,IHGEM_H,"Mercury: Inorganic, Ethyl and Methyl - Blood",R5,"OFF-DAG: no path to outcome, not a confounder",drop,judgement,https://wwwn.cdc.gov/Nchs/Data/Nhanes/Public/2013/DataFiles/IHGEM_H.xpt
2013-2014,Laboratory,UM_H,Metals - Urine,R5,"OFF-DAG: no path to outcome, not a confounder",drop,judgement,https://wwwn.cdc.gov/Nchs/Data/Nhanes/Public/2013/DataFiles/UM_H.xpt
2013-2014,Laboratory,UMS_H,Metals - Urine - Special Sample,R5,"OFF-DAG: no path to outcome, not a confounder",drop,judgement,https://wwwn.cdc.gov/Nchs/Data/Nhanes/Public/2013/DataFiles/UMS_H.xpt
2013-2014,Laboratory,MMA_H,Methylmalonic Acid,R5,"OFF-DAG: no path to outcome, not a confounder",drop,judgement,https://wwwn.cdc.gov/Nchs/Data/Nhanes/Public/2013/DataFiles/MMA_H.xpt
2013-2014,Laboratory,PCBPOL_H,Non-dioxin-like Polychlorinated Biphenyls & Mono-ortho-substituted Polychlorinated Biphenyls - Serum - Pooled Samples,R5,"OFF-DAG: no path to outcome, not a confounder",drop,judgement,https://wwwn.cdc.gov/Nchs/Data/Nhanes/Public/2013/DataFiles/PCBPOL_H.xpt
2013-2014,Laboratory,OGTT_H,Oral Glucose Tolerance Test,R5,"OFF-DAG: no path to outcome, not a confounder",drop,judgement,https://wwwn.cdc.gov/Nchs/Data/Nhanes/Public/2013/DataFiles/OGTT_H.xpt
2013-2014,Laboratory,PERNT_H,"Perchlorate, Nitrate & Thiocyanate - Urine",R5,"OFF-DAG: no path to outcome, not a confounder",drop,judgement,https://wwwn.cdc.gov/Nchs/Data/Nhanes/Public/2013/DataFiles/PERNT_H.xpt
2013-2014,Laboratory,PERNTS_H,"Perchlorate, Nitrate & Thiocyanate - Urine - Special Sample",R5,"OFF-DAG: no path to outcome, not a confounder",drop,judgement,https://wwwn.cdc.gov/Nchs/Data/Nhanes/Public/2013/DataFiles/PERNTS_H.xpt
2013-2014,Laboratory,SSPFSU_H,Perfluoroalkyl and Polyfluoroalkyl Substances,R3,"SURPLUS: subsample assay, no companion weight",drop,mechanical,https://wwwn.cdc.gov/Nchs/Data/Nhanes/Public/2013/DataFiles/SSPFSU_H.xpt
2013-2014,Laboratory,SSPFAS_H,Perfluoroalkyl and Polyfluoroalkyl Substances - Linear and Branched PFOS and PFOA Isomers (Surplus),R3,"SURPLUS: subsample assay, no companion weight",drop,mechanical,https://wwwn.cdc.gov/Nchs/Data/Nhanes/Public/2013/DataFiles/SSPFAS_H.xpt
2013-2014,Laboratory,PFAS_H,Perfluoroalkyl and Polyfluoroalkyl Substances (formerly Polyfluoroalkyl Chemicals - PFC),R5,"OFF-DAG: no path to outcome, not a confounder",drop,judgement,https://wwwn.cdc.gov/Nchs/Data/Nhanes/Public/2013/DataFiles/PFAS_H.xpt
2013-2014,Laboratory,SSPFAC_H,Perfluoroalkyl and Polyfluoroalkyl Substances in US children 3-11 Years of Age,R2,POPULATION: youth/children only,drop,mechanical,https://wwwn.cdc.gov/Nchs/Data/Nhanes/Public/2013/DataFiles/SSPFAC_H.xpt
2013-2014,Laboratory,EPHPP_H,Personal Care and Consumer Product Chemicals and Metabolites,R5,"OFF-DAG: no path to outcome, not a confounder",drop,judgement,https://wwwn.cdc.gov/Nchs/Data/Nhanes/Public/2013/DataFiles/EPHPP_H.xpt
2013-2014,Laboratory,PSTPOL_H,Pesticides - Organochlorine Pesticides - Pooled Samples,R5,"OFF-DAG: no path to outcome, not a confounder",drop,judgement,https://wwwn.cdc.gov/Nchs/Data/Nhanes/Public/2013/DataFiles/PSTPOL_H.xpt
2013-2014,Laboratory,PHTHTE_H,Phthalates and Plasticizers Metabolites - Urine,R5,"OFF-DAG: no path to outcome, not a confounder",drop,judgement,https://wwwn.cdc.gov/Nchs/Data/Nhanes/Public/2013/DataFiles/PHTHTE_H.xpt
2013-2014,Laboratory,SSPHTE_H,Phthalates and Plasticizers Metabolites - Urine (Surplus),R3,"SURPLUS: subsample assay, no companion weight",drop,mechanical,https://wwwn.cdc.gov/Nchs/Data/Nhanes/Public/2013/DataFiles/SSPHTE_H.xpt
2013-2014,Laboratory,GLU_H,Plasma Fasting Glucose,KEEP,whitelist: fasting_glucose,keep,judgement,https://wwwn.cdc.gov/Nchs/Data/Nhanes/Public/2013/DataFiles/GLU_H.xpt
2013-2014,Laboratory,DOXPOL_H,"Polychlorinated dibenzo-p-dioxins (PCDDs), Dibenzofurans (PCDFs) & Coplanar Polychlorinated Biphenyls (cPCBs) - Pooled Samples",R5,"OFF-DAG: no path to outcome, not a confounder",drop,judgement,https://wwwn.cdc.gov/Nchs/Data/Nhanes/Public/2013/DataFiles/DOXPOL_H.xpt
2013-2014,Laboratory,PAH_H,Polycyclic Aromatic Hydrocarbons (PAH) - Urine,R5,"OFF-DAG: no path to outcome, not a confounder",drop,judgement,https://wwwn.cdc.gov/Nchs/Data/Nhanes/Public/2013/DataFiles/PAH_H.xpt
2013-2014,Laboratory,POOLTF_H,Pooled-Sample Technical Support File,R1,UNIT: not person-level,drop,mechanical,https://wwwn.cdc.gov/Nchs/Data/Nhanes/Public/2013/DataFiles/POOLTF_H.xpt
2013-2014,Laboratory,UCPREG_H,Pregnancy Test - Urine,R5,"OFF-DAG: no path to outcome, not a confounder",drop,judgement,https://wwwn.cdc.gov/Nchs/Data/Nhanes/Public/2013/DataFiles/UCPREG_H.xpt
2013-2014,Laboratory,UPHOPM_H,"Pyrethroids, Herbicides, & Organophosphorus Metabolites - Urine",R5,"OFF-DAG: no path to outcome, not a confounder",drop,judgement,https://wwwn.cdc.gov/Nchs/Data/Nhanes/Public/2013/DataFiles/UPHOPM_H.xpt
2013-2014,Laboratory,SSSNFL_H,Serum Neurofilament Light Chain - Serum,R3,"SURPLUS: subsample assay, no companion weight",drop,mechanical,https://wwwn.cdc.gov/Nchs/Data/Nhanes/Public/2013/DataFiles/SSSNFL_H.xpt
2013-2014,Laboratory,TST_H,Sex Steroid Hormone - Serum,R5,"OFF-DAG: no path to outcome, not a confounder",drop,judgement,https://wwwn.cdc.gov/Nchs/Data/Nhanes/Public/2013/DataFiles/TST_H.xpt
2013-2014,Laboratory,BIOPRO_H,Standard Biochemistry Profile,KEEP,whitelist: biochemistry,keep,judgement,https://wwwn.cdc.gov/Nchs/Data/Nhanes/Public/2013/DataFiles/BIOPRO_H.xpt
2013-2014,Laboratory,SSTERP_H,Terpenes – Serum (Surplus),R3,"SURPLUS: subsample assay, no companion weight",drop,mechanical,https://wwwn.cdc.gov/Nchs/Data/Nhanes/Public/2013/DataFiles/SSTERP_H.xpt
2013-2014,Laboratory,TGEMA_H,Tissue Transglutaminase Assay (IgA-TTG) & IgA Endomyseal Antibody Assay (IgA EMA),R5,"OFF-DAG: no path to outcome, not a confounder",drop,judgement,https://wwwn.cdc.gov/Nchs/Data/Nhanes/Public/2013/DataFiles/TGEMA_H.xpt
2013-2014,Laboratory,TSNA_H,Tobacco-specific Nitrosamines (TSNAs) - Urine,R5,"OFF-DAG: no path to outcome, not a confounder",drop,judgement,https://wwwn.cdc.gov/Nchs/Data/Nhanes/Public/2013/DataFiles/TSNA_H.xpt
2013-2014,Laboratory,SSTOXO_H,Toxoplasma gondii Antibody - Serum (Surplus),R3,"SURPLUS: subsample assay, no companion weight",drop,mechanical,https://wwwn.cdc.gov/Nchs/Data/Nhanes/Public/2013/DataFiles/SSTOXO_H.xpt
2013-2014,Laboratory,TRICH_H,Trichomonas - Urine,R5,"OFF-DAG: no path to outcome, not a confounder",drop,judgement,https://wwwn.cdc.gov/Nchs/Data/Nhanes/Public/2013/DataFiles/TRICH_H.xpt
2013-2014,Laboratory,UCFLOW_H,Urine Flow Rate,R5,"OFF-DAG: no path to outcome, not a confounder",drop,judgement,https://wwwn.cdc.gov/Nchs/Data/Nhanes/Public/2013/DataFiles/UCFLOW_H.xpt
2013-2014,Laboratory,VITB12_H,Vitamin B12,R5,"OFF-DAG: no path to outcome, not a confounder",drop,judgement,https://wwwn.cdc.gov/Nchs/Data/Nhanes/Public/2013/DataFiles/VITB12_H.xpt
2013-2014,Laboratory,VID_H,Vitamin D,R5,"OFF-DAG: no path to outcome, not a confounder",drop,judgement,https://wwwn.cdc.gov/Nchs/Data/Nhanes/Public/2013/DataFiles/VID_H.xpt
2013-2014,Laboratory,VNA_H,Volatile N-Nitrosamine Compounds (VNAs) - Urine,R5,"OFF-DAG: no path to outcome, not a confounder",drop,judgement,https://wwwn.cdc.gov/Nchs/Data/Nhanes/Public/2013/DataFiles/VNA_H.xpt
2013-2014,Laboratory,VNAS_H,Volatile N-Nitrosamine Compounds (VNAs) - Urine - Special Sample,R5,"OFF-DAG: no path to outcome, not a confounder",drop,judgement,https://wwwn.cdc.gov/Nchs/Data/Nhanes/Public/2013/DataFiles/VNAS_H.xpt
2013-2014,Laboratory,UVOC_H,Volatile Organic Compound (VOC) Metabolites - Urine,R5,"OFF-DAG: no path to outcome, not a confounder",drop,judgement,https://wwwn.cdc.gov/Nchs/Data/Nhanes/Public/2013/DataFiles/UVOC_H.xpt
2013-2014,Laboratory,UVOCS_H,Volatile Organic Compound (VOC) Metabolites - Urine - Special Sample,R5,"OFF-DAG: no path to outcome, not a confounder",drop,judgement,https://wwwn.cdc.gov/Nchs/Data/Nhanes/Public/2013/DataFiles/UVOCS_H.xpt
2013-2014,Laboratory,VOCWBS_H,Volatile Organic Compounds (VOCs) and Trihalomethanes/MTBE - Blood - Special Sample,R5,"OFF-DAG: no path to outcome, not a confounder",drop,judgement,https://wwwn.cdc.gov/Nchs/Data/Nhanes/Public/2013/DataFiles/VOCWBS_H.xpt
2013-2014,Laboratory,VOCWB_H,Volatile Organic Compounds and Trihalomethanes/MTBE - Blood,R5,"OFF-DAG: no path to outcome, not a confounder",drop,judgement,https://wwwn.cdc.gov/Nchs/Data/Nhanes/Public/2013/DataFiles/VOCWB_H.xpt
2013-2014,Questionnaire,ACQ_H,Acculturation,R5,"OFF-DAG: no path to outcome, not a confounder",drop,judgement,https://wwwn.cdc.gov/Nchs/Data/Nhanes/Public/2013/DataFiles/ACQ_H.xpt
2013-2014,Questionnaire,ALQ_H,Alcohol Use,KEEP,whitelist: alcohol,keep,judgement,https://wwwn.cdc.gov/Nchs/Data/Nhanes/Public/2013/DataFiles/ALQ_H.xpt
2013-2014,Questionnaire,BPQ_H,Blood Pressure & Cholesterol,KEEP,whitelist: blood_pressure_quex,keep,judgement,https://wwwn.cdc.gov/Nchs/Data/Nhanes/Public/2013/DataFiles/BPQ_H.xpt
2013-2014,Questionnaire,CDQ_H,Cardiovascular Health,KEEP,whitelist: cardiovascular_health,keep,judgement,https://wwwn.cdc.gov/Nchs/Data/Nhanes/Public/2013/DataFiles/CDQ_H.xpt
2013-2014,Questionnaire,CFQ_H,Cognitive Functioning,R5,"OFF-DAG: no path to outcome, not a confounder",drop,judgement,https://wwwn.cdc.gov/Nchs/Data/Nhanes/Public/2013/DataFiles/CFQ_H.xpt
2013-2014,Questionnaire,CBQ_H,Consumer Behavior,R5,"OFF-DAG: no path to outcome, not a confounder",drop,judgement,https://wwwn.cdc.gov/Nchs/Data/Nhanes/Public/2013/DataFiles/CBQ_H.xpt
2013-2014,Questionnaire,CKQ_H,Creatine Kinase,R5,"OFF-DAG: no path to outcome, not a confounder",drop,judgement,https://wwwn.cdc.gov/Nchs/Data/Nhanes/Public/2013/DataFiles/CKQ_H.xpt
2013-2014,Questionnaire,HSQ_H,Current Health Status,R5,"OFF-DAG: no path to outcome, not a confounder",drop,judgement,https://wwwn.cdc.gov/Nchs/Data/Nhanes/Public/2013/DataFiles/HSQ_H.xpt
2013-2014,Questionnaire,DEQ_H,Dermatology,R5,"OFF-DAG: no path to outcome, not a confounder",drop,judgement,https://wwwn.cdc.gov/Nchs/Data/Nhanes/Public/2013/DataFiles/DEQ_H.xpt
2013-2014,Questionnaire,DIQ_H,Diabetes,KEEP,whitelist: diabetes_quex,keep,judgement,https://wwwn.cdc.gov/Nchs/Data/Nhanes/Public/2013/DataFiles/DIQ_H.xpt
2013-2014,Questionnaire,DBQ_H,Diet Behavior & Nutrition,R5,"OFF-DAG: no path to outcome, not a confounder",drop,judgement,https://wwwn.cdc.gov/Nchs/Data/Nhanes/Public/2013/DataFiles/DBQ_H.xpt
2013-2014,Questionnaire,DLQ_H,Disability,R5,"OFF-DAG: no path to outcome, not a confounder",drop,judgement,https://wwwn.cdc.gov/Nchs/Data/Nhanes/Public/2013/DataFiles/DLQ_H.xpt
2013-2014,Questionnaire,DUQ_H,Drug Use,R5,"OFF-DAG: no path to outcome, not a confounder",drop,judgement,https://wwwn.cdc.gov/Nchs/Data/Nhanes/Public/2013/DataFiles/DUQ_H.xpt
2013-2014,Questionnaire,ECQ_H,Early Childhood,R5,"OFF-DAG: no path to outcome, not a confounder",drop,judgement,https://wwwn.cdc.gov/Nchs/Data/Nhanes/Public/2013/DataFiles/ECQ_H.xpt
2013-2014,Questionnaire,FSQ_H,Food Security,R5,"OFF-DAG: no path to outcome, not a confounder",drop,judgement,https://wwwn.cdc.gov/Nchs/Data/Nhanes/Public/2013/DataFiles/FSQ_H.xpt
2013-2014,Questionnaire,HIQ_H,Health Insurance,KEEP,whitelist: health_insurance,keep,judgement,https://wwwn.cdc.gov/Nchs/Data/Nhanes/Public/2013/DataFiles/HIQ_H.xpt
2013-2014,Questionnaire,HEQ_H,Hepatitis,R5,"OFF-DAG: no path to outcome, not a confounder",drop,judgement,https://wwwn.cdc.gov/Nchs/Data/Nhanes/Public/2013/DataFiles/HEQ_H.xpt
2013-2014,Questionnaire,HUQ_H,Hospital Utilization & Access to Care,R5,"OFF-DAG: no path to outcome, not a confounder",drop,judgement,https://wwwn.cdc.gov/Nchs/Data/Nhanes/Public/2013/DataFiles/HUQ_H.xpt
2013-2014,Questionnaire,HOQ_H,Housing Characteristics,R5,"OFF-DAG: no path to outcome, not a confounder",drop,judgement,https://wwwn.cdc.gov/Nchs/Data/Nhanes/Public/2013/DataFiles/HOQ_H.xpt
2013-2014,Questionnaire,IMQ_H,Immunization,R5,"OFF-DAG: no path to outcome, not a confounder",drop,judgement,https://wwwn.cdc.gov/Nchs/Data/Nhanes/Public/2013/DataFiles/IMQ_H.xpt
2013-2014,Questionnaire,INQ_H,Income,R5,"OFF-DAG: no path to outcome, not a confounder",drop,judgement,https://wwwn.cdc.gov/Nchs/Data/Nhanes/Public/2013/DataFiles/INQ_H.xpt
2013-2014,Questionnaire,KIQ_U_H,Kidney Conditions - Urology,KEEP,whitelist: kidney_quex,keep,judgement,https://wwwn.cdc.gov/Nchs/Data/Nhanes/Public/2013/DataFiles/KIQ_U_H.xpt
2013-2014,Questionnaire,MCQ_H,Medical Conditions,KEEP,whitelist: medical_conditions,keep,judgement,https://wwwn.cdc.gov/Nchs/Data/Nhanes/Public/2013/DataFiles/MCQ_H.xpt
2013-2014,Questionnaire,DPQ_H,Mental Health - Depression Screener,R5,"OFF-DAG: no path to outcome, not a confounder",drop,judgement,https://wwwn.cdc.gov/Nchs/Data/Nhanes/Public/2013/DataFiles/DPQ_H.xpt
2013-2014,Questionnaire,OCQ_H,Occupation,R5,"OFF-DAG: no path to outcome, not a confounder",drop,judgement,https://wwwn.cdc.gov/Nchs/Data/Nhanes/Public/2013/DataFiles/OCQ_H.xpt
2013-2014,Questionnaire,OHQ_H,Oral Health,R5,"OFF-DAG: no path to outcome, not a confounder",drop,judgement,https://wwwn.cdc.gov/Nchs/Data/Nhanes/Public/2013/DataFiles/OHQ_H.xpt
2013-2014,Questionnaire,OSQ_H,Osteoporosis,R5,"OFF-DAG: no path to outcome, not a confounder",drop,judgement,https://wwwn.cdc.gov/Nchs/Data/Nhanes/Public/2013/DataFiles/OSQ_H.xpt
2013-2014,Questionnaire,PUQMEC_H,Pesticide Use,R5,"OFF-DAG: no path to outcome, not a confounder",drop,judgement,https://wwwn.cdc.gov/Nchs/Data/Nhanes/Public/2013/DataFiles/PUQMEC_H.xpt
2013-2014,Questionnaire,PAQ_H,Physical Activity,KEEP,whitelist: physical_activity,keep,judgement,https://wwwn.cdc.gov/Nchs/Data/Nhanes/Public/2013/DataFiles/PAQ_H.xpt
2013-2014,Questionnaire,PFQ_H,Physical Functioning,R5,"OFF-DAG: no path to outcome, not a confounder",drop,judgement,https://wwwn.cdc.gov/Nchs/Data/Nhanes/Public/2013/DataFiles/PFQ_H.xpt
2013-2014,Questionnaire,RXQ_RX_H,Prescription Medications,KEEP,whitelist: prescription_meds,keep,judgement,https://wwwn.cdc.gov/Nchs/Data/Nhanes/Public/2013/DataFiles/RXQ_RX_H.xpt
2013-2014,Questionnaire,RXQ_DRUG,Prescription Medications - Drug Information,R1,UNIT: not person-level,drop,mechanical,https://wwwn.cdc.gov/Nchs/Data/Nhanes/Public/1988/DataFiles/RXQ_DRUG.xpt
2013-2014,Questionnaire,RXQASA_H,Preventive Aspirin Use,R5,"OFF-DAG: no path to outcome, not a confounder",drop,judgement,https://wwwn.cdc.gov/Nchs/Data/Nhanes/Public/2013/DataFiles/RXQASA_H.xpt
2013-2014,Questionnaire,RHQ_H,Reproductive Health,R5,"OFF-DAG: no path to outcome, not a confounder",drop,judgement,https://wwwn.cdc.gov/Nchs/Data/Nhanes/Public/2013/DataFiles/RHQ_H.xpt
2013-2014,Questionnaire,SXQ_H,Sexual Behavior,R5,"OFF-DAG: no path to outcome, not a confounder",drop,judgement,https://wwwn.cdc.gov/Nchs/Data/Nhanes/Public/2013/DataFiles/SXQ_H.xpt
2013-2014,Questionnaire,SLQ_H,Sleep Disorders,KEEP,whitelist: sleep,keep,judgement,https://wwwn.cdc.gov/Nchs/Data/Nhanes/Public/2013/DataFiles/SLQ_H.xpt
2013-2014,Questionnaire,SMQ_H,Smoking - Cigarette Use,KEEP,whitelist: smoking,keep,judgement,https://wwwn.cdc.gov/Nchs/Data/Nhanes/Public/2013/DataFiles/SMQ_H.xpt
2013-2014,Questionnaire,SMQFAM_H,Smoking - Household Smokers,R5,"OFF-DAG (considered): household smokers — secondhand exposure, not the participant's own smoking",drop,judgement,https://wwwn.cdc.gov/Nchs/Data/Nhanes/Public/2013/DataFiles/SMQFAM_H.xpt
2013-2014,Questionnaire,SMQRTU_H,Smoking - Recent Tobacco Use,R5,"OFF-DAG (considered): recent tobacco use (5-day recall) — supplements SMQ, not a substitute",drop,judgement,https://wwwn.cdc.gov/Nchs/Data/Nhanes/Public/2013/DataFiles/SMQRTU_H.xpt
2013-2014,Questionnaire,SMQSHS_H,Smoking - Secondhand Smoke Exposure,R5,OFF-DAG (considered): secondhand smoke exposure,drop,judgement,https://wwwn.cdc.gov/Nchs/Data/Nhanes/Public/2013/DataFiles/SMQSHS_H.xpt
2013-2014,Questionnaire,CSQ_H,Taste & Smell,R5,"OFF-DAG: no path to outcome, not a confounder",drop,judgement,https://wwwn.cdc.gov/Nchs/Data/Nhanes/Public/2013/DataFiles/CSQ_H.xpt
2013-2014,Questionnaire,VTQ_H,Volatile Toxicant,R5,"OFF-DAG: no path to outcome, not a confounder",drop,judgement,https://wwwn.cdc.gov/Nchs/Data/Nhanes/Public/2013/DataFiles/VTQ_H.xpt
2013-2014,Questionnaire,WHQ_H,Weight History,R5,"OFF-DAG: no path to outcome, not a confounder",drop,judgement,https://wwwn.cdc.gov/Nchs/Data/Nhanes/Public/2013/DataFiles/WHQ_H.xpt
2013-2014,Questionnaire,WHQMEC_H,Weight History - Youth,R2,POPULATION: youth/children only,drop,mechanical,https://wwwn.cdc.gov/Nchs/Data/Nhanes/Public/2013/DataFiles/WHQMEC_H.xpt
2013-2014,LimitedAccess,,24-Hour Urine Collection Data Processing - First Collection,R0,ACCESS: RDC application required,drop,mechanical,
2013-2014,LimitedAccess,,24-Hour Urine Collection Data Processing - SecondCollection,R0,ACCESS: RDC application required,drop,mechanical,
2013-2014,LimitedAccess,,Alcohol Use - Youth,R0,ACCESS: RDC application required,drop,mechanical,
2013-2014,LimitedAccess,,Caffeine - 24-Hour Urine - First Collection,R0,ACCESS: RDC application required,drop,mechanical,
2013-2014,LimitedAccess,,Caffeine - 24-Hour Urine - Second Collection,R0,ACCESS: RDC application required,drop,mechanical,
2013-2014,LimitedAccess,,California - Demographic Variables & Sample Weights,R0,ACCESS: RDC application required,drop,mechanical,
2013-2014,LimitedAccess,,Chlamydia - Urine - Youth,R0,ACCESS: RDC application required,drop,mechanical,
2013-2014,LimitedAccess,,Chlamydia Pgp3 (plasmid gene product 3) ELISA (enzyme linked immunosorbent assay) and multiplex bead array (MBA) results - Youth,R0,ACCESS: RDC application required,drop,mechanical,
2013-2014,LimitedAccess,,Drug Use - Youth,R0,ACCESS: RDC application required,drop,mechanical,
2013-2014,LimitedAccess,,Dual-Energy X-ray Absorptiometry - Vertebral Fracture Assessment Results Comparison Study,R0,ACCESS: RDC application required,drop,mechanical,
2013-2014,LimitedAccess,,Electrolytes - 24-Hour Urine - First Collection,R0,ACCESS: RDC application required,drop,mechanical,
2013-2014,LimitedAccess,,Electrolytes - 24-Hour Urine - Second Collection,R0,ACCESS: RDC application required,drop,mechanical,
2013-2014,LimitedAccess,,Electrolytes - Home Urine Collection,R0,ACCESS: RDC application required,drop,mechanical,
2013-2014,LimitedAccess,,Electrolytes - MEC Urine Collection - Surplus,R0,ACCESS: RDC application required,drop,mechanical,
2013-2014,LimitedAccess,,Fluoride- 24-Hour Urine - First Collection,R0,ACCESS: RDC application required,drop,mechanical,
2013-2014,LimitedAccess,,Fluoride- 24-Hour Urine - Second Collection,R0,ACCESS: RDC application required,drop,mechanical,
2013-2014,LimitedAccess,,Fluorosis - Clinical 20-29 Years,R0,ACCESS: RDC application required,drop,mechanical,
2013-2014,LimitedAccess,,Food Security - Pregnant Women,R0,ACCESS: RDC application required,drop,mechanical,
2013-2014,LimitedAccess,,"Geocoded Data, NHANES 1999-2016, Census 2000",R0,ACCESS: RDC application required,drop,mechanical,
2013-2014,LimitedAccess,,"Geocoded Data, NHANES 1999-2018, Census 2010",R0,ACCESS: RDC application required,drop,mechanical,
2013-2014,LimitedAccess,,"Geocoded Data, NHANES 1999-March 2020, Census 2020",R0,ACCESS: RDC application required,drop,mechanical,
2013-2014,LimitedAccess,,Herpes Simplex Virus Type-2 - Youth,R0,ACCESS: RDC application required,drop,mechanical,
2013-2014,LimitedAccess,,"Human Papillomavirus (HPV) - 6, 11, 16, 18, 31, 33, 45, 52, & 58 Antibody – Serum: M9ELISA",R0,ACCESS: RDC application required,drop,mechanical,
2013-2014,LimitedAccess,,Human Papillomavirus (HPV) - Oral Rinse - Youth,R0,ACCESS: RDC application required,drop,mechanical,
2013-2014,LimitedAccess,,Human Papillomavirus (HPV) DNA - Vaginal Swab: Roche Cobas & Roche Linear Array - Youth,R0,ACCESS: RDC application required,drop,mechanical,
2013-2014,LimitedAccess,,Human Papillomavirus (HPV) DNA Results from Penile Swab Samples: Roche Linear Array (Youth),R0,ACCESS: RDC application required,drop,mechanical,
2013-2014,LimitedAccess,,Iodine - 24-Hour Urine - First Collection,R0,ACCESS: RDC application required,drop,mechanical,
2013-2014,LimitedAccess,,Iodine - 24-Hour Urine - Second Collection,R0,ACCESS: RDC application required,drop,mechanical,
2013-2014,LimitedAccess,,Kidney Markers - 24-Hour Urine - First Collection,R0,ACCESS: RDC application required,drop,mechanical,
2013-2014,LimitedAccess,,Kidney Markers - 24-Hour Urine - Second Collection,R0,ACCESS: RDC application required,drop,mechanical,
2013-2014,LimitedAccess,,Kidney Markers - Home Urine Collection,R0,ACCESS: RDC application required,drop,mechanical,
2013-2014,LimitedAccess,,"Los Angeles County, California - Demographic Variables & Sample Weights",R0,ACCESS: RDC application required,drop,mechanical,
2013-2014,LimitedAccess,,Mental Health - Depression Screener - Youth,R0,ACCESS: RDC application required,drop,mechanical,
2013-2014,LimitedAccess,,Occupation,R0,ACCESS: RDC application required,drop,mechanical,
2013-2014,LimitedAccess,,"Perchlorate, Nitrate & Thiocyanate - 24-Hour Urine - First Collection",R0,ACCESS: RDC application required,drop,mechanical,
2013-2014,LimitedAccess,,"Perchlorate, Nitrate & Thiocyanate - 24-Hour Urine - Second Collection",R0,ACCESS: RDC application required,drop,mechanical,
2013-2014,LimitedAccess,,Phytoestrogen- 24-Hour Urine - First Collection,R0,ACCESS: RDC application required,drop,mechanical,
2013-2014,LimitedAccess,,Phytoestrogen- 24-Hour Urine - Second Collection,R0,ACCESS: RDC application required,drop,mechanical,
2013-2014,LimitedAccess,,Reproductive Health - Pregnant Women,R0,ACCESS: RDC application required,drop,mechanical,
2013-2014,LimitedAccess,,Sexual Behavior - Youth,R0,ACCESS: RDC application required,drop,mechanical,
2013-2014,LimitedAccess,,Trichomonas - Urine -Youth,R0,ACCESS: RDC application required,drop,mechanical,
2015-2016,Demographics,DEMO_I,Demographic Variables and Sample Weights,KEEP,whitelist: demographics,keep,judgement,https://wwwn.cdc.gov/Nchs/Data/Nhanes/Public/2015/DataFiles/DEMO_I.xpt
2015-2016,Dietary,DR1IFF_I,"Dietary Interview - Individual Foods, First Day",R1,UNIT: not person-level,drop,mechanical,https://wwwn.cdc.gov/Nchs/Data/Nhanes/Public/2015/DataFiles/DR1IFF_I.xpt
2015-2016,Dietary,DR2IFF_I,"Dietary Interview - Individual Foods, Second Day",R1,UNIT: not person-level,drop,mechanical,https://wwwn.cdc.gov/Nchs/Data/Nhanes/Public/2015/DataFiles/DR2IFF_I.xpt
2015-2016,Dietary,DR1TOT_I,"Dietary Interview - Total Nutrient Intakes, First Day",R4,DIET-FRAME: WTDRD1 frame + mediator in DAG,drop,mechanical,https://wwwn.cdc.gov/Nchs/Data/Nhanes/Public/2015/DataFiles/DR1TOT_I.xpt
2015-2016,Dietary,DR2TOT_I,"Dietary Interview - Total Nutrient Intakes, Second Day",R4,DIET-FRAME: WTDRD1 frame + mediator in DAG,drop,mechanical,https://wwwn.cdc.gov/Nchs/Data/Nhanes/Public/2015/DataFiles/DR2TOT_I.xpt
2015-2016,Dietary,DRXFCD_I,Dietary Interview Technical Support File - Food Codes,R1,UNIT: not person-level,drop,mechanical,https://wwwn.cdc.gov/Nchs/Data/Nhanes/Public/2015/DataFiles/DRXFCD_I.xpt
2015-2016,Dietary,DSBI,Dietary Supplement Database - Blend Information,R1,UNIT: not person-level,drop,mechanical,https://wwwn.cdc.gov/Nchs/Data/Nhanes/Public/1999/DataFiles/DSBI.xpt
2015-2016,Dietary,DSII,Dietary Supplement Database - Ingredient Information,R1,UNIT: not person-level,drop,mechanical,https://wwwn.cdc.gov/Nchs/Data/Nhanes/Public/1999/DataFiles/DSII.xpt
2015-2016,Dietary,DSPI,Dietary Supplement Database - Product Information,R1,UNIT: not person-level,drop,mechanical,https://wwwn.cdc.gov/Nchs/Data/Nhanes/Public/1999/DataFiles/DSPI.xpt
2015-2016,Dietary,DS1IDS_I,"Dietary Supplement Use 24-Hour - Individual Dietary Supplements, First Day",R1,UNIT: not person-level,drop,mechanical,https://wwwn.cdc.gov/Nchs/Data/Nhanes/Public/2015/DataFiles/DS1IDS_I.xpt
2015-2016,Dietary,DS2IDS_I,"Dietary Supplement Use 24-Hour - Individual Dietary Supplements, Second Day",R1,UNIT: not person-level,drop,mechanical,https://wwwn.cdc.gov/Nchs/Data/Nhanes/Public/2015/DataFiles/DS2IDS_I.xpt
2015-2016,Dietary,DS1TOT_I,"Dietary Supplement Use 24-Hour - Total Dietary Supplements, First Day",R4,DIET-FRAME: WTDRD1 frame + mediator in DAG,drop,mechanical,https://wwwn.cdc.gov/Nchs/Data/Nhanes/Public/2015/DataFiles/DS1TOT_I.xpt
2015-2016,Dietary,DS2TOT_I,"Dietary Supplement Use 24-Hour - Total Dietary Supplements, Second Day",R4,DIET-FRAME: WTDRD1 frame + mediator in DAG,drop,mechanical,https://wwwn.cdc.gov/Nchs/Data/Nhanes/Public/2015/DataFiles/DS2TOT_I.xpt
2015-2016,Dietary,DSQIDS_I,Dietary Supplement Use 30-Day - Individual Dietary Supplements,R1,UNIT: not person-level,drop,mechanical,https://wwwn.cdc.gov/Nchs/Data/Nhanes/Public/2015/DataFiles/DSQIDS_I.xpt
2015-2016,Dietary,DSQTOT_I,Dietary Supplement Use 30-Day - Total Dietary Supplements,R4,DIET-FRAME: WTDRD1 frame + mediator in DAG,drop,mechanical,https://wwwn.cdc.gov/Nchs/Data/Nhanes/Public/2015/DataFiles/DSQTOT_I.xpt
2015-2016,Examination,AUX_I,Audiometry,R5,"OFF-DAG: no path to outcome, not a confounder",drop,judgement,https://wwwn.cdc.gov/Nchs/Data/Nhanes/Public/2015/DataFiles/AUX_I.xpt
2015-2016,Examination,AUXAR_I,Audiometry - Acoustic Reflex,R5,"OFF-DAG: no path to outcome, not a confounder",drop,judgement,https://wwwn.cdc.gov/Nchs/Data/Nhanes/Public/2015/DataFiles/AUXAR_I.xpt
2015-2016,Examination,AUXTYM_I,Audiometry - Tympanometry,R5,"OFF-DAG: no path to outcome, not a confounder",drop,judgement,https://wwwn.cdc.gov/Nchs/Data/Nhanes/Public/2015/DataFiles/AUXTYM_I.xpt
2015-2016,Examination,AUXWBR_I,Audiometry – Wideband Reflectance,R5,"OFF-DAG: no path to outcome, not a confounder",drop,judgement,https://wwwn.cdc.gov/Nchs/Data/Nhanes/Public/2015/DataFiles/AUXWBR_I.xpt
2015-2016,Examination,BPX_I,Blood Pressure,KEEP,whitelist: blood_pressure_exam,keep,judgement,https://wwwn.cdc.gov/Nchs/Data/Nhanes/Public/2015/DataFiles/BPX_I.xpt
2015-2016,Examination,BMX_I,Body Measures,KEEP,whitelist: body_measures,keep,judgement,https://wwwn.cdc.gov/Nchs/Data/Nhanes/Public/2015/DataFiles/BMX_I.xpt
2015-2016,Examination,DXXAG_I,Dual-Energy X-ray Absorptiometry - Android/Gynoid Measurements,R5,"OFF-DAG: no path to outcome, not a confounder",drop,judgement,https://wwwn.cdc.gov/Nchs/Data/Nhanes/Public/2015/DataFiles/DXXAG_I.xpt
2015-2016,Examination,DXX_I,Dual-Energy X-ray Absorptiometry - Whole Body,R5,"OFF-DAG: no path to outcome, not a confounder",drop,judgement,https://wwwn.cdc.gov/Nchs/Data/Nhanes/Public/2015/DataFiles/DXX_I.xpt
2015-2016,Examination,FLXCLN_I,Fluorosis - Clinical,R5,"OFF-DAG: no path to outcome, not a confounder",drop,judgement,https://wwwn.cdc.gov/Nchs/Data/Nhanes/Public/2015/DataFiles/FLXCLN_I.xpt
2015-2016,Examination,OHXDEN_I,Oral Health - Dentition,R5,"OFF-DAG: no path to outcome, not a confounder",drop,judgement,https://wwwn.cdc.gov/Nchs/Data/Nhanes/Public/2015/DataFiles/OHXDEN_I.xpt
2015-2016,Examination,OHXREF_I,Oral Health - Recommendation of Care,R5,"OFF-DAG: no path to outcome, not a confounder",drop,judgement,https://wwwn.cdc.gov/Nchs/Data/Nhanes/Public/2015/DataFiles/OHXREF_I.xpt
2015-2016,Laboratory,AMDGYD_I,Acrylamide & Glycidamide,R5,"OFF-DAG: no path to outcome, not a confounder",drop,judgement,https://wwwn.cdc.gov/Nchs/Data/Nhanes/Public/2015/DataFiles/AMDGYD_I.xpt
2015-2016,Laboratory,ALB_CR_I,Albumin & Creatinine - Urine,KEEP,whitelist: urine_albumin_creat,keep,judgement,https://wwwn.cdc.gov/Nchs/Data/Nhanes/Public/2015/DataFiles/ALB_CR_I.xpt
2015-2016,Laboratory,SSAGP_I,Alpha-1-Acid Glycoprotein - Serum (Surplus),R3,"SURPLUS: subsample assay, no companion weight",drop,mechanical,https://wwwn.cdc.gov/Nchs/Data/Nhanes/Public/2015/DataFiles/SSAGP_I.xpt
2015-2016,Laboratory,APOB_I,Apolipoprotein B,R5,"OFF-DAG: no path to outcome, not a confounder",drop,judgement,https://wwwn.cdc.gov/Nchs/Data/Nhanes/Public/2015/DataFiles/APOB_I.xpt
2015-2016,Laboratory,UADM_I,Aromatic Diamines - Urine,R5,"OFF-DAG: no path to outcome, not a confounder",drop,judgement,https://wwwn.cdc.gov/Nchs/Data/Nhanes/Public/2015/DataFiles/UADM_I.xpt
2015-2016,Laboratory,UTAS_I,Arsenic - Total - Urine,R5,"OFF-DAG: no path to outcome, not a confounder",drop,judgement,https://wwwn.cdc.gov/Nchs/Data/Nhanes/Public/2015/DataFiles/UTAS_I.xpt
2015-2016,Laboratory,UTASS_I,Arsenic - Total - Urine - Special Sample,R5,"OFF-DAG: no path to outcome, not a confounder",drop,judgement,https://wwwn.cdc.gov/Nchs/Data/Nhanes/Public/2015/DataFiles/UTASS_I.xpt
2015-2016,Laboratory,BFRPOL_I,Brominated Flame Retardants (BFRs) - Pooled Samples,R5,"OFF-DAG: no path to outcome, not a confounder",drop,judgement,https://wwwn.cdc.gov/Nchs/Data/Nhanes/Public/2015/DataFiles/BFRPOL_I.xpt
2015-2016,Laboratory,CHLMDA_I,Chlamydia - Urine,R5,"OFF-DAG: no path to outcome, not a confounder",drop,judgement,https://wwwn.cdc.gov/Nchs/Data/Nhanes/Public/2015/DataFiles/CHLMDA_I.xpt
2015-2016,Laboratory,SSCT_I,Chlamydia Pgp3 (plasmid gene product 3) ELISA (enzyme linked immunosorbent assay) and multiplex bead array (MBA) results,R3,"SURPLUS: subsample assay, no companion weight",drop,mechanical,https://wwwn.cdc.gov/Nchs/Data/Nhanes/Public/2015/DataFiles/SSCT_I.xpt
2015-2016,Laboratory,SSCLTY_I,Chlorinated Tyrosine – Serum (Surplus),R3,"SURPLUS: subsample assay, no companion weight",drop,mechanical,https://wwwn.cdc.gov/Nchs/Data/Nhanes/Public/2015/DataFiles/SSCLTY_I.xpt
2015-2016,Laboratory,HDL_I,Cholesterol - High-Density Lipoprotein (HDL),KEEP,whitelist: cholesterol_total_hdl,keep,judgement,https://wwwn.cdc.gov/Nchs/Data/Nhanes/Public/2015/DataFiles/HDL_I.xpt
2015-2016,Laboratory,TRIGLY_I,Cholesterol - Low - Density Lipoprotein (LDL) & Triglycerides,KEEP,whitelist: cholesterol_ldl_trig,keep,judgement,https://wwwn.cdc.gov/Nchs/Data/Nhanes/Public/2015/DataFiles/TRIGLY_I.xpt
2015-2016,Laboratory,TCHOL_I,Cholesterol - Total,KEEP,whitelist: cholesterol_total_hdl,keep,judgement,https://wwwn.cdc.gov/Nchs/Data/Nhanes/Public/2015/DataFiles/TCHOL_I.xpt
2015-2016,Laboratory,CRCO_I,Chromium & Cobalt,R5,"OFF-DAG: no path to outcome, not a confounder",drop,judgement,https://wwwn.cdc.gov/Nchs/Data/Nhanes/Public/2015/DataFiles/CRCO_I.xpt
2015-2016,Laboratory,CBC_I,Complete Blood Count with 5-Part Differential - Whole Blood,R5,"OFF-DAG: no path to outcome, not a confounder",drop,judgement,https://wwwn.cdc.gov/Nchs/Data/Nhanes/Public/2015/DataFiles/CBC_I.xpt
2015-2016,Laboratory,CUSEZN_I,"Copper, Selenium & Zinc - Serum",R5,"OFF-DAG: no path to outcome, not a confounder",drop,judgement,https://wwwn.cdc.gov/Nchs/Data/Nhanes/Public/2015/DataFiles/CUSEZN_I.xpt
2015-2016,Laboratory,COT_I,Cotinine and Hydroxycotinine - Serum,R5,"OFF-DAG: no path to outcome, not a confounder",drop,judgement,https://wwwn.cdc.gov/Nchs/Data/Nhanes/Public/2015/DataFiles/COT_I.xpt
2015-2016,Laboratory,UCOT_I,"Cotinine, Hydroxycotinine, & Other Nicotine Metabolites and Analogs - Urine",R5,"OFF-DAG: no path to outcome, not a confounder",drop,judgement,https://wwwn.cdc.gov/Nchs/Data/Nhanes/Public/2015/DataFiles/UCOT_I.xpt
2015-2016,Laboratory,UCOTS_I,"Cotinine, Hydroxycotinine, & Other Nicotine Metabolites and Analogs - Urine - Special Sample",R5,"OFF-DAG: no path to outcome, not a confounder",drop,judgement,https://wwwn.cdc.gov/Nchs/Data/Nhanes/Public/2015/DataFiles/UCOTS_I.xpt
2015-2016,Laboratory,DEET_I,DEET Metabolite - Urine,R5,"OFF-DAG: no path to outcome, not a confounder",drop,judgement,https://wwwn.cdc.gov/Nchs/Data/Nhanes/Public/2015/DataFiles/DEET_I.xpt
2015-2016,Laboratory,SSDEET_I,DEET Metabolites - Urine - Surplus,R3,"SURPLUS: subsample assay, no companion weight",drop,mechanical,https://wwwn.cdc.gov/Nchs/Data/Nhanes/Public/2015/DataFiles/SSDEET_I.xpt
2015-2016,Laboratory,ETHOX_I,Ethylene Oxide,R5,"OFF-DAG: no path to outcome, not a confounder",drop,judgement,https://wwwn.cdc.gov/Nchs/Data/Nhanes/Public/2015/DataFiles/ETHOX_I.xpt
2015-2016,Laboratory,FASTQX_I,Fasting Questionnaire,R5,"OFF-DAG: no path to outcome, not a confounder",drop,judgement,https://wwwn.cdc.gov/Nchs/Data/Nhanes/Public/2015/DataFiles/FASTQX_I.xpt
2015-2016,Laboratory,FERTIN_I,Ferritin,R5,"OFF-DAG: no path to outcome, not a confounder",drop,judgement,https://wwwn.cdc.gov/Nchs/Data/Nhanes/Public/2015/DataFiles/FERTIN_I.xpt
2015-2016,Laboratory,SSFR_I,Flame Retardants - Urine (Surplus),R3,"SURPLUS: subsample assay, no companion weight",drop,mechanical,https://wwwn.cdc.gov/Nchs/Data/Nhanes/Public/2015/DataFiles/SSFR_I.xpt
2015-2016,Laboratory,FLDEP_I,Fluoride - Plasma,R5,"OFF-DAG: no path to outcome, not a confounder",drop,judgement,https://wwwn.cdc.gov/Nchs/Data/Nhanes/Public/2015/DataFiles/FLDEP_I.xpt
2015-2016,Laboratory,UFLDE_I,Fluoride - Urine,R5,"OFF-DAG: no path to outcome, not a confounder",drop,judgement,https://wwwn.cdc.gov/Nchs/Data/Nhanes/Public/2015/DataFiles/UFLDE_I.xpt
2015-2016,Laboratory,FLDEW_I,Fluoride - Water,R5,"OFF-DAG: no path to outcome, not a confounder",drop,judgement,https://wwwn.cdc.gov/Nchs/Data/Nhanes/Public/2015/DataFiles/FLDEW_I.xpt
2015-2016,Laboratory,FOLATE_I,Folate - RBC,R5,"OFF-DAG: no path to outcome, not a confounder",drop,judgement,https://wwwn.cdc.gov/Nchs/Data/Nhanes/Public/2015/DataFiles/FOLATE_I.xpt
2015-2016,Laboratory,FOLFMS_I,Folate Forms - Total & Individual - Serum,R5,"OFF-DAG: no path to outcome, not a confounder",drop,judgement,https://wwwn.cdc.gov/Nchs/Data/Nhanes/Public/2015/DataFiles/FOLFMS_I.xpt
2015-2016,Laboratory,FORMAL_I,Formaldehyde,R5,"OFF-DAG: no path to outcome, not a confounder",drop,judgement,https://wwwn.cdc.gov/Nchs/Data/Nhanes/Public/2015/DataFiles/FORMAL_I.xpt
2015-2016,Laboratory,GHB_I,Glycohemoglobin,KEEP,whitelist: glycohemoglobin,keep,judgement,https://wwwn.cdc.gov/Nchs/Data/Nhanes/Public/2015/DataFiles/GHB_I.xpt
2015-2016,Laboratory,SSGLYP_I,Glyphosate (GLYP) - Urine (Surplus),R3,"SURPLUS: subsample assay, no companion weight",drop,mechanical,https://wwwn.cdc.gov/Nchs/Data/Nhanes/Public/2015/DataFiles/SSGLYP_I.xpt
2015-2016,Laboratory,HEPA_I,Hepatitis A,R5,"OFF-DAG: no path to outcome, not a confounder",drop,judgement,https://wwwn.cdc.gov/Nchs/Data/Nhanes/Public/2015/DataFiles/HEPA_I.xpt
2015-2016,Laboratory,HEPBD_I,"Hepatitis B: Core antibody, Surface antigen, and Hepatitis D: antibody",R5,"OFF-DAG: no path to outcome, not a confounder",drop,judgement,https://wwwn.cdc.gov/Nchs/Data/Nhanes/Public/2015/DataFiles/HEPBD_I.xpt
2015-2016,Laboratory,HEPB_S_I,Hepatitis B: Surface Antibody,R5,"OFF-DAG: no path to outcome, not a confounder",drop,judgement,https://wwwn.cdc.gov/Nchs/Data/Nhanes/Public/2015/DataFiles/HEPB_S_I.xpt
2015-2016,Laboratory,HEPC_I,Hepatitis C: RNA (HCV-RNA) and Hepatitis C Genotype,R5,"OFF-DAG: no path to outcome, not a confounder",drop,judgement,https://wwwn.cdc.gov/Nchs/Data/Nhanes/Public/2015/DataFiles/HEPC_I.xpt
2015-2016,Laboratory,HEPE_I,Hepatitis E: IgG & IgM Antibodies,R5,"OFF-DAG: no path to outcome, not a confounder",drop,judgement,https://wwwn.cdc.gov/Nchs/Data/Nhanes/Public/2015/DataFiles/HEPE_I.xpt
2015-2016,Laboratory,HSV_I,Herpes Simplex Virus Type-1 & Type-2,R5,"OFF-DAG: no path to outcome, not a confounder",drop,judgement,https://wwwn.cdc.gov/Nchs/Data/Nhanes/Public/2015/DataFiles/HSV_I.xpt
2015-2016,Laboratory,HSCRP_I,High-Sensitivity C-Reactive Protein (hs-CRP),R5,"OFF-DAG: no path to outcome, not a confounder",drop,judgement,https://wwwn.cdc.gov/Nchs/Data/Nhanes/Public/2015/DataFiles/HSCRP_I.xpt
2015-2016,Laboratory,HIV_I,HIV Antibody Test,R5,"OFF-DAG: no path to outcome, not a confounder",drop,judgement,https://wwwn.cdc.gov/Nchs/Data/Nhanes/Public/2015/DataFiles/HIV_I.xpt
2015-2016,Laboratory,ORHPV_I,Human Papillomavirus (HPV) - Oral Rinse,R5,"OFF-DAG: no path to outcome, not a confounder",drop,judgement,https://wwwn.cdc.gov/Nchs/Data/Nhanes/Public/2015/DataFiles/ORHPV_I.xpt
2015-2016,Laboratory,HPVP_I,Human Papillomavirus (HPV) DNA - Penile Swabs: Roche Linear Array,R5,"OFF-DAG: no path to outcome, not a confounder",drop,judgement,https://wwwn.cdc.gov/Nchs/Data/Nhanes/Public/2015/DataFiles/HPVP_I.xpt
2015-2016,Laboratory,HPVSWC_I,Human Papillomavirus (HPV) DNA - Vaginal Swab: Roche Cobas High-Risk,R5,"OFF-DAG: no path to outcome, not a confounder",drop,judgement,https://wwwn.cdc.gov/Nchs/Data/Nhanes/Public/2015/DataFiles/HPVSWC_I.xpt
2015-2016,Laboratory,HPVSWR_I,Human Papillomavirus (HPV) DNA - Vaginal Swab: Roche Linear Array,R5,"OFF-DAG: no path to outcome, not a confounder",drop,judgement,https://wwwn.cdc.gov/Nchs/Data/Nhanes/Public/2015/DataFiles/HPVSWR_I.xpt
2015-2016,Laboratory,INS_I,Insulin,R5,"OFF-DAG: no path to outcome, not a confounder",drop,judgement,https://wwwn.cdc.gov/Nchs/Data/Nhanes/Public/2015/DataFiles/INS_I.xpt
2015-2016,Laboratory,UIO_I,Iodine - Urine,R5,"OFF-DAG: no path to outcome, not a confounder",drop,judgement,https://wwwn.cdc.gov/Nchs/Data/Nhanes/Public/2015/DataFiles/UIO_I.xpt
2015-2016,Laboratory,SSKL_I,Klotho - Serum (Surplus),R3,"SURPLUS: subsample assay, no companion weight",drop,mechanical,https://wwwn.cdc.gov/Nchs/Data/Nhanes/Public/2015/DataFiles/SSKL_I.xpt
2015-2016,Laboratory,PBCD_I,"Lead, Cadmium, Total Mercury, Selenium & Manganese - Blood",R5,"OFF-DAG: no path to outcome, not a confounder",drop,judgement,https://wwwn.cdc.gov/Nchs/Data/Nhanes/Public/2015/DataFiles/PBCD_I.xpt
2015-2016,Laboratory,UHG_I,Mercury: Inorganic - Urine,R5,"OFF-DAG: no path to outcome, not a confounder",drop,judgement,https://wwwn.cdc.gov/Nchs/Data/Nhanes/Public/2015/DataFiles/UHG_I.xpt
2015-2016,Laboratory,IHGEM_I,"Mercury: Inorganic, Ethyl and Methyl - Blood",R5,"OFF-DAG: no path to outcome, not a confounder",drop,judgement,https://wwwn.cdc.gov/Nchs/Data/Nhanes/Public/2015/DataFiles/IHGEM_I.xpt
2015-2016,Laboratory,UM_I,Metals - Urine,R5,"OFF-DAG: no path to outcome, not a confounder",drop,judgement,https://wwwn.cdc.gov/Nchs/Data/Nhanes/Public/2015/DataFiles/UM_I.xpt
2015-2016,Laboratory,UMS_I,Metals - Urine - Special Sample,R5,"OFF-DAG: no path to outcome, not a confounder",drop,judgement,https://wwwn.cdc.gov/Nchs/Data/Nhanes/Public/2015/DataFiles/UMS_I.xpt
2015-2016,Laboratory,SSMHHT_I,"Mono-2-ethyl-5-hydroxyhexyl terephthalate, mono-2-ethyl-5-carboxypentyl terephthalate, and monooxoisononyl phthalate - Urine (Surplus)",R3,"SURPLUS: subsample assay, no companion weight",drop,mechanical,https://wwwn.cdc.gov/Nchs/Data/Nhanes/Public/2015/DataFiles/SSMHHT_I.xpt
2015-2016,Laboratory,SSNEON_I,Neonicotinoids - Urine - Surplus,R3,"SURPLUS: subsample assay, no companion weight",drop,mechanical,https://wwwn.cdc.gov/Nchs/Data/Nhanes/Public/2015/DataFiles/SSNEON_I.xpt
2015-2016,Laboratory,PCBPOL_I,Non-dioxin-like Polychlorinated Biphenyls & Mono-ortho-substituted Polychlorinated Biphenyls - Pooled Samples,R5,"OFF-DAG: no path to outcome, not a confounder",drop,judgement,https://wwwn.cdc.gov/Nchs/Data/Nhanes/Public/2015/DataFiles/PCBPOL_I.xpt
2015-2016,Laboratory,OGTT_I,Oral Glucose Tolerance Test,R5,"OFF-DAG: no path to outcome, not a confounder",drop,judgement,https://wwwn.cdc.gov/Nchs/Data/Nhanes/Public/2015/DataFiles/OGTT_I.xpt
2015-2016,Laboratory,OPD_I,Organophosphate Insecticides - Dialkyl Phosphate Metabolites - Urine,R5,"OFF-DAG: no path to outcome, not a confounder",drop,judgement,https://wwwn.cdc.gov/Nchs/Data/Nhanes/Public/2015/DataFiles/OPD_I.xpt
2015-2016,Laboratory,PERNT_I,"Perchlorate, Nitrate & Thiocyanate - Urine",R5,"OFF-DAG: no path to outcome, not a confounder",drop,judgement,https://wwwn.cdc.gov/Nchs/Data/Nhanes/Public/2015/DataFiles/PERNT_I.xpt
2015-2016,Laboratory,PERNTS_I,"Perchlorate, Nitrate & Thiocyanate - Urine - Special Sample",R5,"OFF-DAG: no path to outcome, not a confounder",drop,judgement,https://wwwn.cdc.gov/Nchs/Data/Nhanes/Public/2015/DataFiles/PERNTS_I.xpt
2015-2016,Laboratory,PFAS_I,Perfluoroalkyl and Polyfluoroalkyl,R5,"OFF-DAG: no path to outcome, not a confounder",drop,judgement,https://wwwn.cdc.gov/Nchs/Data/Nhanes/Public/2015/DataFiles/PFAS_I.xpt
2015-2016,Laboratory,EPHPP_I,Personal Care and Consumer Product Chemicals and Metabolites,R5,"OFF-DAG: no path to outcome, not a confounder",drop,judgement,https://wwwn.cdc.gov/Nchs/Data/Nhanes/Public/2015/DataFiles/EPHPP_I.xpt
2015-2016,Laboratory,SSPT_I,Pertussis and tetanus – Serum (Surplus),R3,"SURPLUS: subsample assay, no companion weight",drop,mechanical,https://wwwn.cdc.gov/Nchs/Data/Nhanes/Public/2015/DataFiles/SSPT_I.xpt
2015-2016,Laboratory,PSTPOL_I,Pesticides - Organochlorine Pesticides - Pooled Samples,R5,"OFF-DAG: no path to outcome, not a confounder",drop,judgement,https://wwwn.cdc.gov/Nchs/Data/Nhanes/Public/2015/DataFiles/PSTPOL_I.xpt
2015-2016,Laboratory,PHTHTE_I,Phthalates and Plasticizers Metabolites - Urine,R5,"OFF-DAG: no path to outcome, not a confounder",drop,judgement,https://wwwn.cdc.gov/Nchs/Data/Nhanes/Public/2015/DataFiles/PHTHTE_I.xpt
2015-2016,Laboratory,GLU_I,Plasma Fasting Glucose,KEEP,whitelist: fasting_glucose,keep,judgement,https://wwwn.cdc.gov/Nchs/Data/Nhanes/Public/2015/DataFiles/GLU_I.xpt
2015-2016,Laboratory,DOXPOL_I,"Polychlorinated dibenzo-p-dioxins (PCDDs), Dibenzofurans (PCDFs) & Coplanar Polychlorinated Biphenyls (cPCBs) - Pooled Samples",R5,"OFF-DAG: no path to outcome, not a confounder",drop,judgement,https://wwwn.cdc.gov/Nchs/Data/Nhanes/Public/2015/DataFiles/DOXPOL_I.xpt
2015-2016,Laboratory,PAH_I,Polycyclic Aromatic Hydrocarbons (PAH) - Urine,R5,"OFF-DAG: no path to outcome, not a confounder",drop,judgement,https://wwwn.cdc.gov/Nchs/Data/Nhanes/Public/2015/DataFiles/PAH_I.xpt
2015-2016,Laboratory,PAHS_I,Polycyclic Aromatic Hydrocarbons (PAH) - Urine - Special Sample,R5,"OFF-DAG: no path to outcome, not a confounder",drop,judgement,https://wwwn.cdc.gov/Nchs/Data/Nhanes/Public/2015/DataFiles/PAHS_I.xpt
2015-2016,Laboratory,POOLTF_I,Pooled-Sample Technical Support File,R1,UNIT: not person-level,drop,mechanical,https://wwwn.cdc.gov/Nchs/Data/Nhanes/Public/2015/DataFiles/POOLTF_I.xpt
2015-2016,Laboratory,UCPREG_I,Pregnancy Test - Urine,R5,"OFF-DAG: no path to outcome, not a confounder",drop,judgement,https://wwwn.cdc.gov/Nchs/Data/Nhanes/Public/2015/DataFiles/UCPREG_I.xpt
2015-2016,Laboratory,UPHOPM_I,"Pyrethroids, Herbicides, & Organophosphorus Metabolites - Urine",R5,"OFF-DAG: no path to outcome, not a confounder",drop,judgement,https://wwwn.cdc.gov/Nchs/Data/Nhanes/Public/2015/DataFiles/UPHOPM_I.xpt
2015-2016,Laboratory,TST_I,Sex Steroid Hormone - Serum,R5,"OFF-DAG: no path to outcome, not a confounder",drop,judgement,https://wwwn.cdc.gov/Nchs/Data/Nhanes/Public/2015/DataFiles/TST_I.xpt
2015-2016,Laboratory,UAS_I,Speciated Arsenics - Urine,R5,"OFF-DAG: no path to outcome, not a confounder",drop,judgement,https://wwwn.cdc.gov/Nchs/Data/Nhanes/Public/2015/DataFiles/UAS_I.xpt
2015-2016,Laboratory,UASS_I,Speciated Arsenics - Urine - Special Sample,R5,"OFF-DAG: no path to outcome, not a confounder",drop,judgement,https://wwwn.cdc.gov/Nchs/Data/Nhanes/Public/2015/DataFiles/UASS_I.xpt
2015-2016,Laboratory,BIOPRO_I,Standard Biochemistry Profile,KEEP,whitelist: biochemistry,keep,judgement,https://wwwn.cdc.gov/Nchs/Data/Nhanes/Public/2015/DataFiles/BIOPRO_I.xpt
2015-2016,Laboratory,TFR_I,Transferrin Receptor,R5,"OFF-DAG: no path to outcome, not a confounder",drop,judgement,https://wwwn.cdc.gov/Nchs/Data/Nhanes/Public/2015/DataFiles/TFR_I.xpt
2015-2016,Laboratory,TRICH_I,Trichomonas - Urine,R5,"OFF-DAG: no path to outcome, not a confounder",drop,judgement,https://wwwn.cdc.gov/Nchs/Data/Nhanes/Public/2015/DataFiles/TRICH_I.xpt
2015-2016,Laboratory,UCFLOW_I,Urine Flow Rate,R5,"OFF-DAG: no path to outcome, not a confounder",drop,judgement,https://wwwn.cdc.gov/Nchs/Data/Nhanes/Public/2015/DataFiles/UCFLOW_I.xpt
2015-2016,Laboratory,VID_I,Vitamin D,R5,"OFF-DAG: no path to outcome, not a confounder",drop,judgement,https://wwwn.cdc.gov/Nchs/Data/Nhanes/Public/2015/DataFiles/VID_I.xpt
2015-2016,Laboratory,UVOC_I,Volatile Organic Compound (VOC) Metabolites - Urine,R5,"OFF-DAG: no path to outcome, not a confounder",drop,judgement,https://wwwn.cdc.gov/Nchs/Data/Nhanes/Public/2015/DataFiles/UVOC_I.xpt
2015-2016,Laboratory,UVOCS_I,Volatile Organic Compound (VOC) Metabolites - Urine - Special Sample,R5,"OFF-DAG: no path to outcome, not a confounder",drop,judgement,https://wwwn.cdc.gov/Nchs/Data/Nhanes/Public/2015/DataFiles/UVOCS_I.xpt
2015-2016,Laboratory,VOCWB_I,Volatile Organic Compounds and Trihalomethanes/MTBE - Blood,R5,"OFF-DAG: no path to outcome, not a confounder",drop,judgement,https://wwwn.cdc.gov/Nchs/Data/Nhanes/Public/2015/DataFiles/VOCWB_I.xpt
2015-2016,Laboratory,VOCWBS_I,Volatile Organic Compounds and Trihalomethanes/MTBE – Blood – Special Sample,R5,"OFF-DAG: no path to outcome, not a confounder",drop,judgement,https://wwwn.cdc.gov/Nchs/Data/Nhanes/Public/2015/DataFiles/VOCWBS_I.xpt
2015-2016,Questionnaire,ACQ_I,Acculturation,R5,"OFF-DAG: no path to outcome, not a confounder",drop,judgement,https://wwwn.cdc.gov/Nchs/Data/Nhanes/Public/2015/DataFiles/ACQ_I.xpt
2015-2016,Questionnaire,ALQ_I,Alcohol Use,KEEP,whitelist: alcohol,keep,judgement,https://wwwn.cdc.gov/Nchs/Data/Nhanes/Public/2015/DataFiles/ALQ_I.xpt
2015-2016,Questionnaire,AUQ_I,Audiometry,R5,"OFF-DAG: no path to outcome, not a confounder",drop,judgement,https://wwwn.cdc.gov/Nchs/Data/Nhanes/Public/2015/DataFiles/AUQ_I.xpt
2015-2016,Questionnaire,BPQ_I,Blood Pressure & Cholesterol,KEEP,whitelist: blood_pressure_quex,keep,judgement,https://wwwn.cdc.gov/Nchs/Data/Nhanes/Public/2015/DataFiles/BPQ_I.xpt
2015-2016,Questionnaire,CDQ_I,Cardiovascular Health,KEEP,whitelist: cardiovascular_health,keep,judgement,https://wwwn.cdc.gov/Nchs/Data/Nhanes/Public/2015/DataFiles/CDQ_I.xpt
2015-2016,Questionnaire,CBQ_I,Consumer Behavior,R5,"OFF-DAG: no path to outcome, not a confounder",drop,judgement,https://wwwn.cdc.gov/Nchs/Data/Nhanes/Public/2015/DataFiles/CBQ_I.xpt
2015-2016,Questionnaire,HSQ_I,Current Health Status,R5,"OFF-DAG: no path to outcome, not a confounder",drop,judgement,https://wwwn.cdc.gov/Nchs/Data/Nhanes/Public/2015/DataFiles/HSQ_I.xpt
2015-2016,Questionnaire,DEQ_I,Dermatology,R5,"OFF-DAG: no path to outcome, not a confounder",drop,judgement,https://wwwn.cdc.gov/Nchs/Data/Nhanes/Public/2015/DataFiles/DEQ_I.xpt
2015-2016,Questionnaire,DIQ_I,Diabetes,KEEP,whitelist: diabetes_quex,keep,judgement,https://wwwn.cdc.gov/Nchs/Data/Nhanes/Public/2015/DataFiles/DIQ_I.xpt
2015-2016,Questionnaire,DBQ_I,Diet Behavior & Nutrition,R5,"OFF-DAG: no path to outcome, not a confounder",drop,judgement,https://wwwn.cdc.gov/Nchs/Data/Nhanes/Public/2015/DataFiles/DBQ_I.xpt
2015-2016,Questionnaire,DLQ_I,Disability,R5,"OFF-DAG: no path to outcome, not a confounder",drop,judgement,https://wwwn.cdc.gov/Nchs/Data/Nhanes/Public/2015/DataFiles/DLQ_I.xpt
2015-2016,Questionnaire,DUQ_I,Drug Use,R5,"OFF-DAG: no path to outcome, not a confounder",drop,judgement,https://wwwn.cdc.gov/Nchs/Data/Nhanes/Public/2015/DataFiles/DUQ_I.xpt
2015-2016,Questionnaire,ECQ_I,Early Childhood,R5,"OFF-DAG: no path to outcome, not a confounder",drop,judgement,https://wwwn.cdc.gov/Nchs/Data/Nhanes/Public/2015/DataFiles/ECQ_I.xpt
2015-2016,Questionnaire,FSQ_I,Food Security,R5,"OFF-DAG: no path to outcome, not a confounder",drop,judgement,https://wwwn.cdc.gov/Nchs/Data/Nhanes/Public/2015/DataFiles/FSQ_I.xpt
2015-2016,Questionnaire,HIQ_I,Health Insurance,KEEP,whitelist: health_insurance,keep,judgement,https://wwwn.cdc.gov/Nchs/Data/Nhanes/Public/2015/DataFiles/HIQ_I.xpt
2015-2016,Questionnaire,HEQ_I,Hepatitis,R5,"OFF-DAG: no path to outcome, not a confounder",drop,judgement,https://wwwn.cdc.gov/Nchs/Data/Nhanes/Public/2015/DataFiles/HEQ_I.xpt
2015-2016,Questionnaire,HUQ_I,Hospital Utilization & Access to Care,R5,"OFF-DAG: no path to outcome, not a confounder",drop,judgement,https://wwwn.cdc.gov/Nchs/Data/Nhanes/Public/2015/DataFiles/HUQ_I.xpt
2015-2016,Questionnaire,HOQ_I,Housing Characteristics,R5,"OFF-DAG: no path to outcome, not a confounder",drop,judgement,https://wwwn.cdc.gov/Nchs/Data/Nhanes/Public/2015/DataFiles/HOQ_I.xpt
2015-2016,Questionnaire,IMQ_I,Immunization,R5,"OFF-DAG: no path to outcome, not a confounder",drop,judgement,https://wwwn.cdc.gov/Nchs/Data/Nhanes/Public/2015/DataFiles/IMQ_I.xpt
2015-2016,Questionnaire,INQ_I,Income,R5,"OFF-DAG: no path to outcome, not a confounder",drop,judgement,https://wwwn.cdc.gov/Nchs/Data/Nhanes/Public/2015/DataFiles/INQ_I.xpt
2015-2016,Questionnaire,KIQ_U_I,Kidney Conditions - Urology,KEEP,whitelist: kidney_quex,keep,judgement,https://wwwn.cdc.gov/Nchs/Data/Nhanes/Public/2015/DataFiles/KIQ_U_I.xpt
2015-2016,Questionnaire,MCQ_I,Medical Conditions,KEEP,whitelist: medical_conditions,keep,judgement,https://wwwn.cdc.gov/Nchs/Data/Nhanes/Public/2015/DataFiles/MCQ_I.xpt
2015-2016,Questionnaire,DPQ_I,Mental Health - Depression Screener,R5,"OFF-DAG: no path to outcome, not a confounder",drop,judgement,https://wwwn.cdc.gov/Nchs/Data/Nhanes/Public/2015/DataFiles/DPQ_I.xpt
2015-2016,Questionnaire,OCQ_I,Occupation,R5,"OFF-DAG: no path to outcome, not a confounder",drop,judgement,https://wwwn.cdc.gov/Nchs/Data/Nhanes/Public/2015/DataFiles/OCQ_I.xpt
2015-2016,Questionnaire,OHQ_I,Oral Health,R5,"OFF-DAG: no path to outcome, not a confounder",drop,judgement,https://wwwn.cdc.gov/Nchs/Data/Nhanes/Public/2015/DataFiles/OHQ_I.xpt
2015-2016,Questionnaire,PUQMEC_I,Pesticide Use,R5,"OFF-DAG: no path to outcome, not a confounder",drop,judgement,https://wwwn.cdc.gov/Nchs/Data/Nhanes/Public/2015/DataFiles/PUQMEC_I.xpt
2015-2016,Questionnaire,PAQ_I,Physical Activity,KEEP,whitelist: physical_activity,keep,judgement,https://wwwn.cdc.gov/Nchs/Data/Nhanes/Public/2015/DataFiles/PAQ_I.xpt
2015-2016,Questionnaire,PFQ_I,Physical Functioning,R5,"OFF-DAG: no path to outcome, not a confounder",drop,judgement,https://wwwn.cdc.gov/Nchs/Data/Nhanes/Public/2015/DataFiles/PFQ_I.xpt
2015-2016,Questionnaire,RXQ_RX_I,Prescription Medications,KEEP,whitelist: prescription_meds,keep,judgement,https://wwwn.cdc.gov/Nchs/Data/Nhanes/Public/2015/DataFiles/RXQ_RX_I.xpt
2015-2016,Questionnaire,RXQ_DRUG,Prescription Medications - Drug Information,R1,UNIT: not person-level,drop,mechanical,https://wwwn.cdc.gov/Nchs/Data/Nhanes/Public/1988/DataFiles/RXQ_DRUG.xpt
2015-2016,Questionnaire,RXQASA_I,Preventive Aspirin Use,R5,"OFF-DAG: no path to outcome, not a confounder",drop,judgement,https://wwwn.cdc.gov/Nchs/Data/Nhanes/Public/2015/DataFiles/RXQASA_I.xpt
2015-2016,Questionnaire,RHQ_I,Reproductive Health,R5,"OFF-DAG: no path to outcome, not a confounder",drop,judgement,https://wwwn.cdc.gov/Nchs/Data/Nhanes/Public/2015/DataFiles/RHQ_I.xpt
2015-2016,Questionnaire,SXQ_I,Sexual Behavior,R5,"OFF-DAG: no path to outcome, not a confounder",drop,judgement,https://wwwn.cdc.gov/Nchs/Data/Nhanes/Public/2015/DataFiles/SXQ_I.xpt
2015-2016,Questionnaire,SLQ_I,Sleep Disorders,KEEP,whitelist: sleep,keep,judgement,https://wwwn.cdc.gov/Nchs/Data/Nhanes/Public/2015/DataFiles/SLQ_I.xpt
2015-2016,Questionnaire,SMQ_I,Smoking - Cigarette Use,KEEP,whitelist: smoking,keep,judgement,https://wwwn.cdc.gov/Nchs/Data/Nhanes/Public/2015/DataFiles/SMQ_I.xpt
2015-2016,Questionnaire,SMQFAM_I,Smoking - Household Smokers,R5,"OFF-DAG (considered): household smokers — secondhand exposure, not the participant's own smoking",drop,judgement,https://wwwn.cdc.gov/Nchs/Data/Nhanes/Public/2015/DataFiles/SMQFAM_I.xpt
2015-2016,Questionnaire,SMQRTU_I,Smoking - Recent Tobacco Use,R5,"OFF-DAG (considered): recent tobacco use (5-day recall) — supplements SMQ, not a substitute",drop,judgement,https://wwwn.cdc.gov/Nchs/Data/Nhanes/Public/2015/DataFiles/SMQRTU_I.xpt
2015-2016,Questionnaire,SMQSHS_I,Smoking - Secondhand Smoke Exposure,R5,OFF-DAG (considered): secondhand smoke exposure,drop,judgement,https://wwwn.cdc.gov/Nchs/Data/Nhanes/Public/2015/DataFiles/SMQSHS_I.xpt
2015-2016,Questionnaire,VTQ_I,Volatile Toxicant,R5,"OFF-DAG: no path to outcome, not a confounder",drop,judgement,https://wwwn.cdc.gov/Nchs/Data/Nhanes/Public/2015/DataFiles/VTQ_I.xpt
2015-2016,Questionnaire,WHQ_I,Weight History,R5,"OFF-DAG: no path to outcome, not a confounder",drop,judgement,https://wwwn.cdc.gov/Nchs/Data/Nhanes/Public/2015/DataFiles/WHQ_I.xpt
2015-2016,Questionnaire,WHQMEC_I,Weight History - Youth,R2,POPULATION: youth/children only,drop,mechanical,https://wwwn.cdc.gov/Nchs/Data/Nhanes/Public/2015/DataFiles/WHQMEC_I.xpt
2015-2016,LimitedAccess,,Alcohol Use - Youth,R0,ACCESS: RDC application required,drop,mechanical,
2015-2016,LimitedAccess,,Chlamydia - Urine - Youth,R0,ACCESS: RDC application required,drop,mechanical,
2015-2016,LimitedAccess,,Chlamydia Pgp3 (plasmid gene product 3) ELISA (enzyme linked immunosorbent assay) and multiplex bead array (MBA) results - Youth,R0,ACCESS: RDC application required,drop,mechanical,
2015-2016,LimitedAccess,,Drug Use - Youth,R0,ACCESS: RDC application required,drop,mechanical,
2015-2016,LimitedAccess,,Food Security - Pregnant Women,R0,ACCESS: RDC application required,drop,mechanical,
2015-2016,LimitedAccess,,"Geocoded Data, NHANES 1999-2016, Census 2000",R0,ACCESS: RDC application required,drop,mechanical,
2015-2016,LimitedAccess,,"Geocoded Data, NHANES 1999-2018, Census 2010",R0,ACCESS: RDC application required,drop,mechanical,
2015-2016,LimitedAccess,,"Geocoded Data, NHANES 1999-March 2020, Census 2020",R0,ACCESS: RDC application required,drop,mechanical,
2015-2016,LimitedAccess,,Hepatitis C: Confirmed Antibody (INNO-LIA) - 2015,R0,ACCESS: RDC application required,drop,mechanical,
2015-2016,LimitedAccess,,Hepatitis C: Confirmed Antibody (INNO-LIA) - 2016,R0,ACCESS: RDC application required,drop,mechanical,
2015-2016,LimitedAccess,,Herpes Simplex Virus Type-1 and Type-2 - Youth,R0,ACCESS: RDC application required,drop,mechanical,
2015-2016,LimitedAccess,,"Human Papillomavirus (HPV) - 6, 11, 16, 18, 31, 33, 45, 52, & 58 Antibody – Serum: M9ELISA",R0,ACCESS: RDC application required,drop,mechanical,
2015-2016,LimitedAccess,,Human Papillomavirus (HPV) - Oral Rinse - Youth,R0,ACCESS: RDC application required,drop,mechanical,
2015-2016,LimitedAccess,,Human Papillomavirus (HPV) DNA - Penile Swabs: Roche Linear Array - Youth,R0,ACCESS: RDC application required,drop,mechanical,
2015-2016,LimitedAccess,,Human Papillomavirus (HPV) DNA - Vaginal Swab: Roche Cobas High-Risk - Youth,R0,ACCESS: RDC application required,drop,mechanical,
2015-2016,LimitedAccess,,Human Papillomavirus (HPV) DNA - Vaginal Swab: Roche Linear Array - Youth,R0,ACCESS: RDC application required,drop,mechanical,
2015-2016,LimitedAccess,,Mental Health - Depression Screener - Youth,R0,ACCESS: RDC application required,drop,mechanical,
2015-2016,LimitedAccess,,Reproductive Health – Women 12 Years and Older,R0,ACCESS: RDC application required,drop,mechanical,
2015-2016,LimitedAccess,,Sexual Behavior - Youth,R0,ACCESS: RDC application required,drop,mechanical,
2015-2016,LimitedAccess,,Trichomonas - Urine - Youth,R0,ACCESS: RDC application required,drop,mechanical,
2017-2018,Demographics,DEMO_J,Demographic Variables and Sample Weights,KEEP,whitelist: demographics,keep,judgement,https://wwwn.cdc.gov/Nchs/Data/Nhanes/Public/2017/DataFiles/DEMO_J.xpt
2017-2018,Dietary,DR1IFF_J,"Dietary Interview - Individual Foods, First Day",R1,UNIT: not person-level,drop,mechanical,https://wwwn.cdc.gov/Nchs/Data/Nhanes/Public/2017/DataFiles/DR1IFF_J.xpt
2017-2018,Dietary,DR2IFF_J,"Dietary Interview - Individual Foods, Second Day",R1,UNIT: not person-level,drop,mechanical,https://wwwn.cdc.gov/Nchs/Data/Nhanes/Public/2017/DataFiles/DR2IFF_J.xpt
2017-2018,Dietary,DR1TOT_J,"Dietary Interview - Total Nutrient Intakes, First Day",R4,DIET-FRAME: WTDRD1 frame + mediator in DAG,drop,mechanical,https://wwwn.cdc.gov/Nchs/Data/Nhanes/Public/2017/DataFiles/DR1TOT_J.xpt
2017-2018,Dietary,DR2TOT_J,"Dietary Interview - Total Nutrient Intakes, Second Day",R4,DIET-FRAME: WTDRD1 frame + mediator in DAG,drop,mechanical,https://wwwn.cdc.gov/Nchs/Data/Nhanes/Public/2017/DataFiles/DR2TOT_J.xpt
2017-2018,Dietary,DRXFCD_J,Dietary Interview Technical Support File - Food Codes,R1,UNIT: not person-level,drop,mechanical,https://wwwn.cdc.gov/Nchs/Data/Nhanes/Public/2017/DataFiles/DRXFCD_J.xpt
2017-2018,Dietary,DSBI,Dietary Supplement Database - Blend Information,R1,UNIT: not person-level,drop,mechanical,https://wwwn.cdc.gov/Nchs/Data/Nhanes/Public/1999/DataFiles/DSBI.xpt
2017-2018,Dietary,DSII,Dietary Supplement Database - Ingredient Information,R1,UNIT: not person-level,drop,mechanical,https://wwwn.cdc.gov/Nchs/Data/Nhanes/Public/1999/DataFiles/DSII.xpt
2017-2018,Dietary,DSPI,Dietary Supplement Database - Product Information,R1,UNIT: not person-level,drop,mechanical,https://wwwn.cdc.gov/Nchs/Data/Nhanes/Public/1999/DataFiles/DSPI.xpt
2017-2018,Dietary,DS1IDS_J,"Dietary Supplement Use 24-Hour - Individual Dietary Supplements, First Day",R1,UNIT: not person-level,drop,mechanical,https://wwwn.cdc.gov/Nchs/Data/Nhanes/Public/2017/DataFiles/DS1IDS_J.xpt
2017-2018,Dietary,DS2IDS_J,"Dietary Supplement Use 24-Hour - Individual Dietary Supplements, Second Day",R1,UNIT: not person-level,drop,mechanical,https://wwwn.cdc.gov/Nchs/Data/Nhanes/Public/2017/DataFiles/DS2IDS_J.xpt
2017-2018,Dietary,DS1TOT_J,"Dietary Supplement Use 24-Hour - Total Dietary Supplements, First Day",R4,DIET-FRAME: WTDRD1 frame + mediator in DAG,drop,mechanical,https://wwwn.cdc.gov/Nchs/Data/Nhanes/Public/2017/DataFiles/DS1TOT_J.xpt
2017-2018,Dietary,DS2TOT_J,"Dietary Supplement Use 24-Hour - Total Dietary Supplements, Second Day",R4,DIET-FRAME: WTDRD1 frame + mediator in DAG,drop,mechanical,https://wwwn.cdc.gov/Nchs/Data/Nhanes/Public/2017/DataFiles/DS2TOT_J.xpt
2017-2018,Dietary,DSQIDS_J,Dietary Supplement Use 30-Day - Individual Dietary Supplements,R1,UNIT: not person-level,drop,mechanical,https://wwwn.cdc.gov/Nchs/Data/Nhanes/Public/2017/DataFiles/DSQIDS_J.xpt
2017-2018,Dietary,DSQTOT_J,Dietary Supplement Use 30-Day - Total Dietary Supplements,R4,DIET-FRAME: WTDRD1 frame + mediator in DAG,drop,mechanical,https://wwwn.cdc.gov/Nchs/Data/Nhanes/Public/2017/DataFiles/DSQTOT_J.xpt
2017-2018,Examination,AUX_J,Audiometry,R5,"OFF-DAG: no path to outcome, not a confounder",drop,judgement,https://wwwn.cdc.gov/Nchs/Data/Nhanes/Public/2017/DataFiles/AUX_J.xpt
2017-2018,Examination,AUXAR_J,Audiometry - Acoustic Reflex,R5,"OFF-DAG: no path to outcome, not a confounder",drop,judgement,https://wwwn.cdc.gov/Nchs/Data/Nhanes/Public/2017/DataFiles/AUXAR_J.xpt
2017-2018,Examination,AUXTYM_J,Audiometry - Tympanometry,R5,"OFF-DAG: no path to outcome, not a confounder",drop,judgement,https://wwwn.cdc.gov/Nchs/Data/Nhanes/Public/2017/DataFiles/AUXTYM_J.xpt
2017-2018,Examination,AUXWBR_J,Audiometry - Wideband Reflectance,R5,"OFF-DAG: no path to outcome, not a confounder",drop,judgement,https://wwwn.cdc.gov/Nchs/Data/Nhanes/Public/2017/DataFiles/AUXWBR_J.xpt
2017-2018,Examination,BPX_J,Blood Pressure,KEEP,whitelist: blood_pressure_exam,keep,judgement,https://wwwn.cdc.gov/Nchs/Data/Nhanes/Public/2017/DataFiles/BPX_J.xpt
2017-2018,Examination,BPXO_J,Blood Pressure - Oscillometric Measurements,KEEP,whitelist: blood_pressure_exam,keep,judgement,https://wwwn.cdc.gov/Nchs/Data/Nhanes/Public/2017/DataFiles/BPXO_J.xpt
2017-2018,Examination,BMX_J,Body Measures,KEEP,whitelist: body_measures,keep,judgement,https://wwwn.cdc.gov/Nchs/Data/Nhanes/Public/2017/DataFiles/BMX_J.xpt
2017-2018,Examination,DXXAG_J,Dual-Energy X-ray Absorptiometry - Android/Gynoid Measurements,R5,"OFF-DAG: no path to outcome, not a confounder",drop,judgement,https://wwwn.cdc.gov/Nchs/Data/Nhanes/Public/2017/DataFiles/DXXAG_J.xpt
2017-2018,Examination,DXXFEM_J,Dual-Energy X-ray Absorptiometry - Femur,R5,"OFF-DAG: no path to outcome, not a confounder",drop,judgement,https://wwwn.cdc.gov/Nchs/Data/Nhanes/Public/2017/DataFiles/DXXFEM_J.xpt
2017-2018,Examination,DXXSPN_J,Dual-Energy X-ray Absorptiometry - Spine,R5,"OFF-DAG: no path to outcome, not a confounder",drop,judgement,https://wwwn.cdc.gov/Nchs/Data/Nhanes/Public/2017/DataFiles/DXXSPN_J.xpt
2017-2018,Examination,DXX_J,Dual-Energy X-ray Absorptiometry - Whole Body,R5,"OFF-DAG: no path to outcome, not a confounder",drop,judgement,https://wwwn.cdc.gov/Nchs/Data/Nhanes/Public/2017/DataFiles/DXX_J.xpt
2017-2018,Examination,LUX_J,Liver Ultrasound Transient Elastography,R5,"OFF-DAG: no path to outcome, not a confounder",drop,judgement,https://wwwn.cdc.gov/Nchs/Data/Nhanes/Public/2017/DataFiles/LUX_J.xpt
2017-2018,Examination,OHXDEN_J,Oral Health - Dentition,R5,"OFF-DAG: no path to outcome, not a confounder",drop,judgement,https://wwwn.cdc.gov/Nchs/Data/Nhanes/Public/2017/DataFiles/OHXDEN_J.xpt
2017-2018,Examination,OHXREF_J,Oral Health - Recommendation of Care,R5,"OFF-DAG: no path to outcome, not a confounder",drop,judgement,https://wwwn.cdc.gov/Nchs/Data/Nhanes/Public/2017/DataFiles/OHXREF_J.xpt
2017-2018,Laboratory,ALB_CR_J,Albumin & Creatinine - Urine,KEEP,whitelist: urine_albumin_creat,keep,judgement,https://wwwn.cdc.gov/Nchs/Data/Nhanes/Public/2017/DataFiles/ALB_CR_J.xpt
2017-2018,Laboratory,SSAGP_J,Alpha-1-Acid Glycoprotein - Serum (Surplus),R3,"SURPLUS: subsample assay, no companion weight",drop,mechanical,https://wwwn.cdc.gov/Nchs/Data/Nhanes/Public/2017/DataFiles/SSAGP_J.xpt
2017-2018,Laboratory,UTAS_J,Arsenic - Total - Urine,R5,"OFF-DAG: no path to outcome, not a confounder",drop,judgement,https://wwwn.cdc.gov/Nchs/Data/Nhanes/Public/2017/DataFiles/UTAS_J.xpt
2017-2018,Laboratory,UAS_J,Arsenics - Speciated - Urine,R5,"OFF-DAG: no path to outcome, not a confounder",drop,judgement,https://wwwn.cdc.gov/Nchs/Data/Nhanes/Public/2017/DataFiles/UAS_J.xpt
2017-2018,Laboratory,HDL_J,Cholesterol - High - Density Lipoprotein (HDL),KEEP,whitelist: cholesterol_total_hdl,keep,judgement,https://wwwn.cdc.gov/Nchs/Data/Nhanes/Public/2017/DataFiles/HDL_J.xpt
2017-2018,Laboratory,TRIGLY_J,Cholesterol - Low-Density Lipoproteins (LDL) & Triglycerides,KEEP,whitelist: cholesterol_ldl_trig,keep,judgement,https://wwwn.cdc.gov/Nchs/Data/Nhanes/Public/2017/DataFiles/TRIGLY_J.xpt
2017-2018,Laboratory,TCHOL_J,Cholesterol - Total,KEEP,whitelist: cholesterol_total_hdl,keep,judgement,https://wwwn.cdc.gov/Nchs/Data/Nhanes/Public/2017/DataFiles/TCHOL_J.xpt
2017-2018,Laboratory,UCM_J,Chromium - Urine,R5,"OFF-DAG: no path to outcome, not a confounder",drop,judgement,https://wwwn.cdc.gov/Nchs/Data/Nhanes/Public/2017/DataFiles/UCM_J.xpt
2017-2018,Laboratory,CRCO_J,Chromium & Cobalt,R5,"OFF-DAG: no path to outcome, not a confounder",drop,judgement,https://wwwn.cdc.gov/Nchs/Data/Nhanes/Public/2017/DataFiles/CRCO_J.xpt
2017-2018,Laboratory,CBC_J,Complete Blood Count with 5-Part Differential,R5,"OFF-DAG: no path to outcome, not a confounder",drop,judgement,https://wwwn.cdc.gov/Nchs/Data/Nhanes/Public/2017/DataFiles/CBC_J.xpt
2017-2018,Laboratory,COT_J,Cotinine and Hydroxycotinine - Serum,R5,"OFF-DAG: no path to outcome, not a confounder",drop,judgement,https://wwwn.cdc.gov/Nchs/Data/Nhanes/Public/2017/DataFiles/COT_J.xpt
2017-2018,Laboratory,UCOT_J,"Cotinine, Hydroxycotinine, & Other Nicotine Metabolites and Analogs - Urine",R5,"OFF-DAG: no path to outcome, not a confounder",drop,judgement,https://wwwn.cdc.gov/Nchs/Data/Nhanes/Public/2017/DataFiles/UCOT_J.xpt
2017-2018,Laboratory,CMV_J,Cytomegalovirus IgG & IgM Antibodies - Serum,R5,"OFF-DAG: no path to outcome, not a confounder",drop,judgement,https://wwwn.cdc.gov/Nchs/Data/Nhanes/Public/2017/DataFiles/CMV_J.xpt
2017-2018,Laboratory,ETHOX_J,Ethylene Oxide,R5,"OFF-DAG: no path to outcome, not a confounder",drop,judgement,https://wwwn.cdc.gov/Nchs/Data/Nhanes/Public/2017/DataFiles/ETHOX_J.xpt
2017-2018,Laboratory,FASTQX_J,Fasting Questionnaire,R5,"OFF-DAG: no path to outcome, not a confounder",drop,judgement,https://wwwn.cdc.gov/Nchs/Data/Nhanes/Public/2017/DataFiles/FASTQX_J.xpt
2017-2018,Laboratory,FERTIN_J,Ferritin,R5,"OFF-DAG: no path to outcome, not a confounder",drop,judgement,https://wwwn.cdc.gov/Nchs/Data/Nhanes/Public/2017/DataFiles/FERTIN_J.xpt
2017-2018,Laboratory,FR_J,Flame Retardants - Urine,R5,"OFF-DAG: no path to outcome, not a confounder",drop,judgement,https://wwwn.cdc.gov/Nchs/Data/Nhanes/Public/2017/DataFiles/FR_J.xpt
2017-2018,Laboratory,SSFR_J,Flame Retardants - Urine (Surplus),R3,"SURPLUS: subsample assay, no companion weight",drop,mechanical,https://wwwn.cdc.gov/Nchs/Data/Nhanes/Public/2017/DataFiles/SSFR_J.xpt
2017-2018,Laboratory,FOLATE_J,Folate - RBC,R5,"OFF-DAG: no path to outcome, not a confounder",drop,judgement,https://wwwn.cdc.gov/Nchs/Data/Nhanes/Public/2017/DataFiles/FOLATE_J.xpt
2017-2018,Laboratory,FOLFMS_J,Folate Forms - Total & Individual - Serum,R5,"OFF-DAG: no path to outcome, not a confounder",drop,judgement,https://wwwn.cdc.gov/Nchs/Data/Nhanes/Public/2017/DataFiles/FOLFMS_J.xpt
2017-2018,Laboratory,GHB_J,Glycohemoglobin,KEEP,whitelist: glycohemoglobin,keep,judgement,https://wwwn.cdc.gov/Nchs/Data/Nhanes/Public/2017/DataFiles/GHB_J.xpt
2017-2018,Laboratory,SSGLYP_J,Glyphosate (GLYP) - Urine (Surplus),R3,"SURPLUS: subsample assay, no companion weight",drop,mechanical,https://wwwn.cdc.gov/Nchs/Data/Nhanes/Public/2017/DataFiles/SSGLYP_J.xpt
2017-2018,Laboratory,HEPA_J,Hepatitis A,R5,"OFF-DAG: no path to outcome, not a confounder",drop,judgement,https://wwwn.cdc.gov/Nchs/Data/Nhanes/Public/2017/DataFiles/HEPA_J.xpt
2017-2018,Laboratory,HEPBD_J,"Hepatitis B: Core antibody, Surface antigen, and Hepatitis D: antibody",R5,"OFF-DAG: no path to outcome, not a confounder",drop,judgement,https://wwwn.cdc.gov/Nchs/Data/Nhanes/Public/2017/DataFiles/HEPBD_J.xpt
2017-2018,Laboratory,HEPB_S_J,Hepatitis B: Surface Antibody,R5,"OFF-DAG: no path to outcome, not a confounder",drop,judgement,https://wwwn.cdc.gov/Nchs/Data/Nhanes/Public/2017/DataFiles/HEPB_S_J.xpt
2017-2018,Laboratory,HEPC_J,"Hepatitis C: RNA (HCV-RNA), Confirmed Antibody (INNO-LIA), & Genotype",R5,"OFF-DAG: no path to outcome, not a confounder",drop,judgement,https://wwwn.cdc.gov/Nchs/Data/Nhanes/Public/2017/DataFiles/HEPC_J.xpt
2017-2018,Laboratory,HEPE_J,Hepatitis E: IgG & IgM Antibodies,R5,"OFF-DAG: no path to outcome, not a confounder",drop,judgement,https://wwwn.cdc.gov/Nchs/Data/Nhanes/Public/2017/DataFiles/HEPE_J.xpt
2017-2018,Laboratory,HSCRP_J,High-Sensitivity C-Reactive Protein,R5,"OFF-DAG: no path to outcome, not a confounder",drop,judgement,https://wwwn.cdc.gov/Nchs/Data/Nhanes/Public/2017/DataFiles/HSCRP_J.xpt
2017-2018,Laboratory,HIV_J,HIV Antibody Test,R5,"OFF-DAG: no path to outcome, not a confounder",drop,judgement,https://wwwn.cdc.gov/Nchs/Data/Nhanes/Public/2017/DataFiles/HIV_J.xpt
2017-2018,Laboratory,INS_J,Insulin,R5,"OFF-DAG: no path to outcome, not a confounder",drop,judgement,https://wwwn.cdc.gov/Nchs/Data/Nhanes/Public/2017/DataFiles/INS_J.xpt
2017-2018,Laboratory,UIO_J,Iodine - Urine,R5,"OFF-DAG: no path to outcome, not a confounder",drop,judgement,https://wwwn.cdc.gov/Nchs/Data/Nhanes/Public/2017/DataFiles/UIO_J.xpt
2017-2018,Laboratory,FETIB_J,Iron Status - Serum,R5,"OFF-DAG: no path to outcome, not a confounder",drop,judgement,https://wwwn.cdc.gov/Nchs/Data/Nhanes/Public/2017/DataFiles/FETIB_J.xpt
2017-2018,Laboratory,PBCD_J,"Lead, Cadmium, Total Mercury, Selenium, & Manganese - Blood",R5,"OFF-DAG: no path to outcome, not a confounder",drop,judgement,https://wwwn.cdc.gov/Nchs/Data/Nhanes/Public/2017/DataFiles/PBCD_J.xpt
2017-2018,Laboratory,UHG_J,Mercury: Inorganic - Urine,R5,"OFF-DAG: no path to outcome, not a confounder",drop,judgement,https://wwwn.cdc.gov/Nchs/Data/Nhanes/Public/2017/DataFiles/UHG_J.xpt
2017-2018,Laboratory,IHGEM_J,"Mercury: Inorganic, Ethyl and Methyl - Blood",R5,"OFF-DAG: no path to outcome, not a confounder",drop,judgement,https://wwwn.cdc.gov/Nchs/Data/Nhanes/Public/2017/DataFiles/IHGEM_J.xpt
2017-2018,Laboratory,UM_J,Metals - Urine,R5,"OFF-DAG: no path to outcome, not a confounder",drop,judgement,https://wwwn.cdc.gov/Nchs/Data/Nhanes/Public/2017/DataFiles/UM_J.xpt
2017-2018,Laboratory,SSNEON_J,Neonicotinoids - Urine (Surplus),R3,"SURPLUS: subsample assay, no companion weight",drop,mechanical,https://wwwn.cdc.gov/Nchs/Data/Nhanes/Public/2017/DataFiles/SSNEON_J.xpt
2017-2018,Laboratory,UNI_J,Nickel - Urine,R5,"OFF-DAG: no path to outcome, not a confounder",drop,judgement,https://wwwn.cdc.gov/Nchs/Data/Nhanes/Public/2017/DataFiles/UNI_J.xpt
2017-2018,Laboratory,OPD_J,Organophosphate Insecticides - Dialkyl Phosphate Metabolites - Urine,R5,"OFF-DAG: no path to outcome, not a confounder",drop,judgement,https://wwwn.cdc.gov/Nchs/Data/Nhanes/Public/2017/DataFiles/OPD_J.xpt
2017-2018,Laboratory,PERNT_J,"Perchlorate, Nitrate & Thiocyanate - Urine",R5,"OFF-DAG: no path to outcome, not a confounder",drop,judgement,https://wwwn.cdc.gov/Nchs/Data/Nhanes/Public/2017/DataFiles/PERNT_J.xpt
2017-2018,Laboratory,PFAS_J,Perfluoroalkyl and Polyfluoroalkyl Substances,R5,"OFF-DAG: no path to outcome, not a confounder",drop,judgement,https://wwwn.cdc.gov/Nchs/Data/Nhanes/Public/2017/DataFiles/PFAS_J.xpt
2017-2018,Laboratory,SSPFAS_J,Perfluoroalkyl and Polyfluoroalkyl Substances (Surplus),R3,"SURPLUS: subsample assay, no companion weight",drop,mechanical,https://wwwn.cdc.gov/Nchs/Data/Nhanes/Public/2017/DataFiles/SSPFAS_J.xpt
2017-2018,Laboratory,EPHPP_J,Personal Care and Consumer Product Chemicals and Metabolites,R5,"OFF-DAG: no path to outcome, not a confounder",drop,judgement,https://wwwn.cdc.gov/Nchs/Data/Nhanes/Public/2017/DataFiles/EPHPP_J.xpt
2017-2018,Laboratory,PHTHTE_J,Phthalates and Plasticizers Metabolites - Urine,R5,"OFF-DAG: no path to outcome, not a confounder",drop,judgement,https://wwwn.cdc.gov/Nchs/Data/Nhanes/Public/2017/DataFiles/PHTHTE_J.xpt
2017-2018,Laboratory,GLU_J,Plasma Fasting Glucose,KEEP,whitelist: fasting_glucose,keep,judgement,https://wwwn.cdc.gov/Nchs/Data/Nhanes/Public/2017/DataFiles/GLU_J.xpt
2017-2018,Laboratory,PAH_J,Polycyclic Aromatic Hydrocarbons (PAH) - Urine,R5,"OFF-DAG: no path to outcome, not a confounder",drop,judgement,https://wwwn.cdc.gov/Nchs/Data/Nhanes/Public/2017/DataFiles/PAH_J.xpt
2017-2018,Laboratory,UPHOPM_J,"Pyrethroids, Herbicides, & Organophosphorus Metabolites – Urine",R5,"OFF-DAG: no path to outcome, not a confounder",drop,judgement,https://wwwn.cdc.gov/Nchs/Data/Nhanes/Public/2017/DataFiles/UPHOPM_J.xpt
2017-2018,Laboratory,SSTST_J,Sex Steroid Hormone Panel - Serum (Surplus),R3,"SURPLUS: subsample assay, no companion weight",drop,mechanical,https://wwwn.cdc.gov/Nchs/Data/Nhanes/Public/2017/DataFiles/SSTST_J.xpt
2017-2018,Laboratory,BIOPRO_J,Standard Biochemistry Profile,KEEP,whitelist: biochemistry,keep,judgement,https://wwwn.cdc.gov/Nchs/Data/Nhanes/Public/2017/DataFiles/BIOPRO_J.xpt
2017-2018,Laboratory,TFR_J,Transferrin Receptor,R5,"OFF-DAG: no path to outcome, not a confounder",drop,judgement,https://wwwn.cdc.gov/Nchs/Data/Nhanes/Public/2017/DataFiles/TFR_J.xpt
2017-2018,Laboratory,UCFLOW_J,Urine Flow Rate,R5,"OFF-DAG: no path to outcome, not a confounder",drop,judgement,https://wwwn.cdc.gov/Nchs/Data/Nhanes/Public/2017/DataFiles/UCFLOW_J.xpt
2017-2018,Laboratory,UCPREG_J,Urine Pregnancy Test,R5,"OFF-DAG: no path to outcome, not a confounder",drop,judgement,https://wwwn.cdc.gov/Nchs/Data/Nhanes/Public/2017/DataFiles/UCPREG_J.xpt
2017-2018,Laboratory,VITAEC_J,"Vitamin A, Vitamin E & Carotenoids",R5,"OFF-DAG: no path to outcome, not a confounder",drop,judgement,https://wwwn.cdc.gov/Nchs/Data/Nhanes/Public/2017/DataFiles/VITAEC_J.xpt
2017-2018,Laboratory,VIC_J,Vitamin C,R5,"OFF-DAG: no path to outcome, not a confounder",drop,judgement,https://wwwn.cdc.gov/Nchs/Data/Nhanes/Public/2017/DataFiles/VIC_J.xpt
2017-2018,Laboratory,VID_J,Vitamin D,R5,"OFF-DAG: no path to outcome, not a confounder",drop,judgement,https://wwwn.cdc.gov/Nchs/Data/Nhanes/Public/2017/DataFiles/VID_J.xpt
2017-2018,Laboratory,UVOC_J,Volatile Organic Compound (VOC) Metabolites - Urine,R5,"OFF-DAG: no path to outcome, not a confounder",drop,judgement,https://wwwn.cdc.gov/Nchs/Data/Nhanes/Public/2017/DataFiles/UVOC_J.xpt
2017-2018,Laboratory,SSUVOC_J,Volatile Organic Compound (VOC) Metabolites II - Urine (Surplus),R3,"SURPLUS: subsample assay, no companion weight",drop,mechanical,https://wwwn.cdc.gov/Nchs/Data/Nhanes/Public/2017/DataFiles/SSUVOC_J.xpt
2017-2018,Laboratory,SSUVCM_J,Volatile Organic Compound (VOC) Metabolites: Benzene and Methylating Agent Biomarkers – Urine (Surplus),R3,"SURPLUS: subsample assay, no companion weight",drop,mechanical,https://wwwn.cdc.gov/Nchs/Data/Nhanes/Public/2017/DataFiles/SSUVCM_J.xpt
2017-2018,Laboratory,VOCWB_J,Volatile Organic Compounds and Trihalomethanes/MTBE - Blood,R5,"OFF-DAG: no path to outcome, not a confounder",drop,judgement,https://wwwn.cdc.gov/Nchs/Data/Nhanes/Public/2017/DataFiles/VOCWB_J.xpt
2017-2018,Questionnaire,ACQ_J,Acculturation,R5,"OFF-DAG: no path to outcome, not a confounder",drop,judgement,https://wwwn.cdc.gov/Nchs/Data/Nhanes/Public/2017/DataFiles/ACQ_J.xpt
2017-2018,Questionnaire,ALQ_J,Alcohol Use,KEEP,whitelist: alcohol,keep,judgement,https://wwwn.cdc.gov/Nchs/Data/Nhanes/Public/2017/DataFiles/ALQ_J.xpt
2017-2018,Questionnaire,AUQ_J,Audiometry,R5,"OFF-DAG: no path to outcome, not a confounder",drop,judgement,https://wwwn.cdc.gov/Nchs/Data/Nhanes/Public/2017/DataFiles/AUQ_J.xpt
2017-2018,Questionnaire,BPQ_J,Blood Pressure & Cholesterol,KEEP,whitelist: blood_pressure_quex,keep,judgement,https://wwwn.cdc.gov/Nchs/Data/Nhanes/Public/2017/DataFiles/BPQ_J.xpt
2017-2018,Questionnaire,CDQ_J,Cardiovascular Health,KEEP,whitelist: cardiovascular_health,keep,judgement,https://wwwn.cdc.gov/Nchs/Data/Nhanes/Public/2017/DataFiles/CDQ_J.xpt
2017-2018,Questionnaire,CBQ_J,Consumer Behavior,R5,"OFF-DAG: no path to outcome, not a confounder",drop,judgement,https://wwwn.cdc.gov/Nchs/Data/Nhanes/Public/2017/DataFiles/CBQ_J.xpt
2017-2018,Questionnaire,CBQPFA_J,Consumer Behavior Phone Follow-up Module - Adult,R5,"OFF-DAG: no path to outcome, not a confounder",drop,judgement,https://wwwn.cdc.gov/Nchs/Data/Nhanes/Public/2017/DataFiles/CBQPFA_J.xpt
2017-2018,Questionnaire,CBQPFC_J,Consumer Behavior Phone Follow-up Module - Child,R2,POPULATION: youth/children only,drop,mechanical,https://wwwn.cdc.gov/Nchs/Data/Nhanes/Public/2017/DataFiles/CBQPFC_J.xpt
2017-2018,Questionnaire,HSQ_J,Current Health Status,R5,"OFF-DAG: no path to outcome, not a confounder",drop,judgement,https://wwwn.cdc.gov/Nchs/Data/Nhanes/Public/2017/DataFiles/HSQ_J.xpt
2017-2018,Questionnaire,DEQ_J,Dermatology,R5,"OFF-DAG: no path to outcome, not a confounder",drop,judgement,https://wwwn.cdc.gov/Nchs/Data/Nhanes/Public/2017/DataFiles/DEQ_J.xpt
2017-2018,Questionnaire,DIQ_J,Diabetes,KEEP,whitelist: diabetes_quex,keep,judgement,https://wwwn.cdc.gov/Nchs/Data/Nhanes/Public/2017/DataFiles/DIQ_J.xpt
2017-2018,Questionnaire,DBQ_J,Diet Behavior & Nutrition,R5,"OFF-DAG: no path to outcome, not a confounder",drop,judgement,https://wwwn.cdc.gov/Nchs/Data/Nhanes/Public/2017/DataFiles/DBQ_J.xpt
2017-2018,Questionnaire,DLQ_J,Disability,R5,"OFF-DAG: no path to outcome, not a confounder",drop,judgement,https://wwwn.cdc.gov/Nchs/Data/Nhanes/Public/2017/DataFiles/DLQ_J.xpt
2017-2018,Questionnaire,DUQ_J,Drug Use,R5,"OFF-DAG: no path to outcome, not a confounder",drop,judgement,https://wwwn.cdc.gov/Nchs/Data/Nhanes/Public/2017/DataFiles/DUQ_J.xpt
2017-2018,Questionnaire,ECQ_J,Early Childhood,R5,"OFF-DAG: no path to outcome, not a confounder",drop,judgement,https://wwwn.cdc.gov/Nchs/Data/Nhanes/Public/2017/DataFiles/ECQ_J.xpt
2017-2018,Questionnaire,FSQ_J,Food Security,R5,"OFF-DAG: no path to outcome, not a confounder",drop,judgement,https://wwwn.cdc.gov/Nchs/Data/Nhanes/Public/2017/DataFiles/FSQ_J.xpt
2017-2018,Questionnaire,HIQ_J,Health Insurance,KEEP,whitelist: health_insurance,keep,judgement,https://wwwn.cdc.gov/Nchs/Data/Nhanes/Public/2017/DataFiles/HIQ_J.xpt
2017-2018,Questionnaire,HEQ_J,Hepatitis,R5,"OFF-DAG: no path to outcome, not a confounder",drop,judgement,https://wwwn.cdc.gov/Nchs/Data/Nhanes/Public/2017/DataFiles/HEQ_J.xpt
2017-2018,Questionnaire,HUQ_J,Hospital Utilization & Access to Care,R5,"OFF-DAG: no path to outcome, not a confounder",drop,judgement,https://wwwn.cdc.gov/Nchs/Data/Nhanes/Public/2017/DataFiles/HUQ_J.xpt
2017-2018,Questionnaire,HOQ_J,Housing Characteristics,R5,"OFF-DAG: no path to outcome, not a confounder",drop,judgement,https://wwwn.cdc.gov/Nchs/Data/Nhanes/Public/2017/DataFiles/HOQ_J.xpt
2017-2018,Questionnaire,IMQ_J,Immunization,R5,"OFF-DAG: no path to outcome, not a confounder",drop,judgement,https://wwwn.cdc.gov/Nchs/Data/Nhanes/Public/2017/DataFiles/IMQ_J.xpt
2017-2018,Questionnaire,INQ_J,Income,R5,"OFF-DAG: no path to outcome, not a confounder",drop,judgement,https://wwwn.cdc.gov/Nchs/Data/Nhanes/Public/2017/DataFiles/INQ_J.xpt
2017-2018,Questionnaire,KIQ_U_J,Kidney Conditions - Urology,KEEP,whitelist: kidney_quex,keep,judgement,https://wwwn.cdc.gov/Nchs/Data/Nhanes/Public/2017/DataFiles/KIQ_U_J.xpt
2017-2018,Questionnaire,MCQ_J,Medical Conditions,KEEP,whitelist: medical_conditions,keep,judgement,https://wwwn.cdc.gov/Nchs/Data/Nhanes/Public/2017/DataFiles/MCQ_J.xpt
2017-2018,Questionnaire,DPQ_J,Mental Health - Depression Screener,R5,"OFF-DAG: no path to outcome, not a confounder",drop,judgement,https://wwwn.cdc.gov/Nchs/Data/Nhanes/Public/2017/DataFiles/DPQ_J.xpt
2017-2018,Questionnaire,OCQ_J,Occupation,R5,"OFF-DAG: no path to outcome, not a confounder",drop,judgement,https://wwwn.cdc.gov/Nchs/Data/Nhanes/Public/2017/DataFiles/OCQ_J.xpt
2017-2018,Questionnaire,OHQ_J,Oral Health,R5,"OFF-DAG: no path to outcome, not a confounder",drop,judgement,https://wwwn.cdc.gov/Nchs/Data/Nhanes/Public/2017/DataFiles/OHQ_J.xpt
2017-2018,Questionnaire,OSQ_J,Osteoporosis,R5,"OFF-DAG: no path to outcome, not a confounder",drop,judgement,https://wwwn.cdc.gov/Nchs/Data/Nhanes/Public/2017/DataFiles/OSQ_J.xpt
2017-2018,Questionnaire,PUQMEC_J,Pesticide Use,R5,"OFF-DAG: no path to outcome, not a confounder",drop,judgement,https://wwwn.cdc.gov/Nchs/Data/Nhanes/Public/2017/DataFiles/PUQMEC_J.xpt
2017-2018,Questionnaire,PAQ_J,Physical Activity,KEEP,whitelist: physical_activity,keep,judgement,https://wwwn.cdc.gov/Nchs/Data/Nhanes/Public/2017/DataFiles/PAQ_J.xpt
2017-2018,Questionnaire,PAQY_J,Physical Activity - Youth,R2,POPULATION: youth/children only,drop,mechanical,https://wwwn.cdc.gov/Nchs/Data/Nhanes/Public/2017/DataFiles/PAQY_J.xpt
2017-2018,Questionnaire,PFQ_J,Physical Functioning,R5,"OFF-DAG: no path to outcome, not a confounder",drop,judgement,https://wwwn.cdc.gov/Nchs/Data/Nhanes/Public/2017/DataFiles/PFQ_J.xpt
2017-2018,Questionnaire,RXQ_RX_J,Prescription Medications,KEEP,whitelist: prescription_meds,keep,judgement,https://wwwn.cdc.gov/Nchs/Data/Nhanes/Public/2017/DataFiles/RXQ_RX_J.xpt
2017-2018,Questionnaire,RXQ_DRUG,Prescription Medications - Drug Information,R1,UNIT: not person-level,drop,mechanical,https://wwwn.cdc.gov/Nchs/Data/Nhanes/Public/1988/DataFiles/RXQ_DRUG.xpt
2017-2018,Questionnaire,RXQASA_J,Preventive Aspirin Use,R5,"OFF-DAG: no path to outcome, not a confounder",drop,judgement,https://wwwn.cdc.gov/Nchs/Data/Nhanes/Public/2017/DataFiles/RXQASA_J.xpt
2017-2018,Questionnaire,RHQ_J,Reproductive Health,R5,"OFF-DAG: no path to outcome, not a confounder",drop,judgement,https://wwwn.cdc.gov/Nchs/Data/Nhanes/Public/2017/DataFiles/RHQ_J.xpt
2017-2018,Questionnaire,SLQ_J,Sleep Disorders,KEEP,whitelist: sleep,keep,judgement,https://wwwn.cdc.gov/Nchs/Data/Nhanes/Public/2017/DataFiles/SLQ_J.xpt
2017-2018,Questionnaire,SMQ_J,Smoking - Cigarette Use,KEEP,whitelist: smoking,keep,judgement,https://wwwn.cdc.gov/Nchs/Data/Nhanes/Public/2017/DataFiles/SMQ_J.xpt
2017-2018,Questionnaire,SMQFAM_J,Smoking - Household Smokers,R5,"OFF-DAG (considered): household smokers — secondhand exposure, not the participant's own smoking",drop,judgement,https://wwwn.cdc.gov/Nchs/Data/Nhanes/Public/2017/DataFiles/SMQFAM_J.xpt
2017-2018,Questionnaire,SMQRTU_J,Smoking - Recent Tobacco Use,R5,"OFF-DAG (considered): recent tobacco use (5-day recall) — supplements SMQ, not a substitute",drop,judgement,https://wwwn.cdc.gov/Nchs/Data/Nhanes/Public/2017/DataFiles/SMQRTU_J.xpt
2017-2018,Questionnaire,SMQSHS_J,Smoking - Secondhand Smoke Exposure,R5,OFF-DAG (considered): secondhand smoke exposure,drop,judgement,https://wwwn.cdc.gov/Nchs/Data/Nhanes/Public/2017/DataFiles/SMQSHS_J.xpt
2017-2018,Questionnaire,VTQ_J,Volatile Toxicant,R5,"OFF-DAG: no path to outcome, not a confounder",drop,judgement,https://wwwn.cdc.gov/Nchs/Data/Nhanes/Public/2017/DataFiles/VTQ_J.xpt
2017-2018,Questionnaire,WHQ_J,Weight History,R5,"OFF-DAG: no path to outcome, not a confounder",drop,judgement,https://wwwn.cdc.gov/Nchs/Data/Nhanes/Public/2017/DataFiles/WHQ_J.xpt
2017-2018,Questionnaire,WHQMEC_J,Weight History - Youth,R2,POPULATION: youth/children only,drop,mechanical,https://wwwn.cdc.gov/Nchs/Data/Nhanes/Public/2017/DataFiles/WHQMEC_J.xpt
2017-2018,LimitedAccess,,Alcohol Use - Youth,R0,ACCESS: RDC application required,drop,mechanical,
2017-2018,LimitedAccess,,Chlamydia - Urine - Adult,R0,ACCESS: RDC application required,drop,mechanical,
2017-2018,LimitedAccess,,Chlamydia - Urine - Youth,R0,ACCESS: RDC application required,drop,mechanical,
2017-2018,LimitedAccess,,Drug Use - Youth,R0,ACCESS: RDC application required,drop,mechanical,
2017-2018,LimitedAccess,,Food Security - Pregnant Women,R0,ACCESS: RDC application required,drop,mechanical,
2017-2018,LimitedAccess,,"Geocoded Data, NHANES 1999-2018, Census 2010",R0,ACCESS: RDC application required,drop,mechanical,
2017-2018,LimitedAccess,,"Geocoded Data, NHANES 1999-March 2020, Census 2020",R0,ACCESS: RDC application required,drop,mechanical,
2017-2018,LimitedAccess,,Herpes Simplex Virus Type-1 and Type-2,R0,ACCESS: RDC application required,drop,mechanical,
2017-2018,LimitedAccess,,Herpes Simplex Virus Type-2 - Youth,R0,ACCESS: RDC application required,drop,mechanical,
2017-2018,LimitedAccess,,Human Papillomavirus (HPV) DNA - Vaginal Swab: Roche Cobas High-Risk - Adults,R0,ACCESS: RDC application required,drop,mechanical,
2017-2018,LimitedAccess,,Human Papillomavirus (HPV) DNA - Vaginal Swab: Roche Cobas High-Risk - Youth,R0,ACCESS: RDC application required,drop,mechanical,
2017-2018,LimitedAccess,,Human Papillomavirus (HPV) DNA - Vaginal Swab: Roche Linear Array - Adults,R0,ACCESS: RDC application required,drop,mechanical,
2017-2018,LimitedAccess,,Human Papillomavirus (HPV) DNA - Vaginal Swab: Roche Linear Array - Youth,R0,ACCESS: RDC application required,drop,mechanical,
2017-2018,LimitedAccess,,Lead - Blood - Youth,R0,ACCESS: RDC application required,drop,mechanical,
2017-2018,LimitedAccess,,"Lead (Youth), Strontium, and Uranium",R0,ACCESS: RDC application required,drop,mechanical,
2017-2018,LimitedAccess,,Mental Health - Depression Screener - Youth,R0,ACCESS: RDC application required,drop,mechanical,
2017-2018,LimitedAccess,,Mycoplasma genitalium - Urine - Adult,R0,ACCESS: RDC application required,drop,mechanical,
2017-2018,LimitedAccess,,Mycoplasma genitalium - Urine - Youth,R0,ACCESS: RDC application required,drop,mechanical,
2017-2018,LimitedAccess,,Mycoplasma genitalium Resistance – Urine (Surplus),R0,ACCESS: RDC application required,drop,mechanical,
2017-2018,LimitedAccess,,Mycoplasma genitalium Serology - Serum (Surplus),R0,ACCESS: RDC application required,drop,mechanical,
2017-2018,LimitedAccess,,Reproductive Health - Women 12 Years and Older,R0,ACCESS: RDC application required,drop,mechanical,
2017-2018,LimitedAccess,,Sexual Behavior - Adult,R0,ACCESS: RDC application required,drop,mechanical,
2017-2018,LimitedAccess,,Sexual Behavior - Youth,R0,ACCESS: RDC application required,drop,mechanical,
2017-2018,LimitedAccess,,Trichomonas - Urine - Adult,R0,ACCESS: RDC application required,drop,mechanical,
2017-2018,LimitedAccess,,Trichomonas - Urine - Youth,R0,ACCESS: RDC application required,drop,mechanical,
2021-2022,Demographics,DEMO_L,Demographic Variables and Sample Weights,KEEP,whitelist: demographics,keep,judgement,https://wwwn.cdc.gov/Nchs/Data/Nhanes/Public/2021/DataFiles/DEMO_L.xpt
2021-2022,Dietary,DR1IFF_L,"Dietary Interview - Individual Foods, First Day",R1,UNIT: not person-level,drop,mechanical,https://wwwn.cdc.gov/Nchs/Data/Nhanes/Public/2021/DataFiles/DR1IFF_L.xpt
2021-2022,Dietary,DR2IFF_L,"Dietary Interview - Individual Foods, Second Day",R1,UNIT: not person-level,drop,mechanical,https://wwwn.cdc.gov/Nchs/Data/Nhanes/Public/2021/DataFiles/DR2IFF_L.xpt
2021-2022,Dietary,DR1TOT_L,"Dietary Interview - Total Nutrient Intakes, First Day",R4,DIET-FRAME: WTDRD1 frame + mediator in DAG,drop,mechanical,https://wwwn.cdc.gov/Nchs/Data/Nhanes/Public/2021/DataFiles/DR1TOT_L.xpt
2021-2022,Dietary,DR2TOT_L,"Dietary Interview - Total Nutrient Intakes, Second Day",R4,DIET-FRAME: WTDRD1 frame + mediator in DAG,drop,mechanical,https://wwwn.cdc.gov/Nchs/Data/Nhanes/Public/2021/DataFiles/DR2TOT_L.xpt
2021-2022,Dietary,DRXFCD_L,Dietary Interview Technical Support File - Food Codes,R1,UNIT: not person-level,drop,mechanical,https://wwwn.cdc.gov/Nchs/Data/Nhanes/Public/2021/DataFiles/DRXFCD_L.xpt
2021-2022,Dietary,DSBI,Dietary Supplement Database - Blend Information,R1,UNIT: not person-level,drop,mechanical,https://wwwn.cdc.gov/Nchs/Data/Nhanes/Public/1999/DataFiles/DSBI.xpt
2021-2022,Dietary,DSII,Dietary Supplement Database - Ingredient Information,R1,UNIT: not person-level,drop,mechanical,https://wwwn.cdc.gov/Nchs/Data/Nhanes/Public/1999/DataFiles/DSII.xpt
2021-2022,Dietary,DSPI,Dietary Supplement Database - Product Information,R1,UNIT: not person-level,drop,mechanical,https://wwwn.cdc.gov/Nchs/Data/Nhanes/Public/1999/DataFiles/DSPI.xpt
2021-2022,Dietary,DSQIDS_L,Dietary Supplement Use 30-Day - Individual Dietary Supplements,R1,UNIT: not person-level,drop,mechanical,https://wwwn.cdc.gov/Nchs/Data/Nhanes/Public/2021/DataFiles/DSQIDS_L.xpt
2021-2022,Dietary,DSQTOT_L,Dietary Supplement Use 30-Day - Total Dietary Supplements,R4,DIET-FRAME: WTDRD1 frame + mediator in DAG,drop,mechanical,https://wwwn.cdc.gov/Nchs/Data/Nhanes/Public/2021/DataFiles/DSQTOT_L.xpt
2021-2022,Examination,BAX_L,Balance,R5,"OFF-DAG: no path to outcome, not a confounder",drop,judgement,https://wwwn.cdc.gov/Nchs/Data/Nhanes/Public/2021/DataFiles/BAX_L.xpt
2021-2022,Examination,BPXO_L,Blood Pressure - Oscillometric Measurements,KEEP,whitelist: blood_pressure_exam,keep,judgement,https://wwwn.cdc.gov/Nchs/Data/Nhanes/Public/2021/DataFiles/BPXO_L.xpt
2021-2022,Examination,BMX_L,Body Measures,KEEP,whitelist: body_measures,keep,judgement,https://wwwn.cdc.gov/Nchs/Data/Nhanes/Public/2021/DataFiles/BMX_L.xpt
2021-2022,Examination,LUX_L,Liver Ultrasound Transient Elastography,R5,"OFF-DAG: no path to outcome, not a confounder",drop,judgement,https://wwwn.cdc.gov/Nchs/Data/Nhanes/Public/2021/DataFiles/LUX_L.xpt
2021-2022,Laboratory,ALB_CR_L,Albumin & Creatinine - Urine,KEEP,whitelist: urine_albumin_creat,keep,judgement,https://wwwn.cdc.gov/Nchs/Data/Nhanes/Public/2021/DataFiles/ALB_CR_L.xpt
2021-2022,Laboratory,AGP_L,alpha-1-Acid Glycoprotein,R5,"OFF-DAG: no path to outcome, not a confounder",drop,judgement,https://wwwn.cdc.gov/Nchs/Data/Nhanes/Public/2021/DataFiles/AGP_L.xpt
2021-2022,Laboratory,HDL_L,Cholesterol – High-Density Lipoprotein,KEEP,whitelist: cholesterol_total_hdl,keep,judgement,https://wwwn.cdc.gov/Nchs/Data/Nhanes/Public/2021/DataFiles/HDL_L.xpt
2021-2022,Laboratory,TRIGLY_L,Cholesterol - Low-Density Lipoproteins (LDL) & Triglycerides,KEEP,whitelist: cholesterol_ldl_trig,keep,judgement,https://wwwn.cdc.gov/Nchs/Data/Nhanes/Public/2021/DataFiles/TRIGLY_L.xpt
2021-2022,Laboratory,TCHOL_L,Cholesterol - Total,KEEP,whitelist: cholesterol_total_hdl,keep,judgement,https://wwwn.cdc.gov/Nchs/Data/Nhanes/Public/2021/DataFiles/TCHOL_L.xpt
2021-2022,Laboratory,CBC_L,Complete Blood Count with 5-Part Differential in Whole Blood,R5,"OFF-DAG: no path to outcome, not a confounder",drop,judgement,https://wwwn.cdc.gov/Nchs/Data/Nhanes/Public/2021/DataFiles/CBC_L.xpt
2021-2022,Laboratory,FASTQX_L,Fasting Questionnaire,R5,"OFF-DAG: no path to outcome, not a confounder",drop,judgement,https://wwwn.cdc.gov/Nchs/Data/Nhanes/Public/2021/DataFiles/FASTQX_L.xpt
2021-2022,Laboratory,FAR_L,Fatty Acids - Washed RBCs,R5,"OFF-DAG: no path to outcome, not a confounder",drop,judgement,https://wwwn.cdc.gov/Nchs/Data/Nhanes/Public/2021/DataFiles/FAR_L.xpt
2021-2022,Laboratory,FERTIN_L,Ferritin,R5,"OFF-DAG: no path to outcome, not a confounder",drop,judgement,https://wwwn.cdc.gov/Nchs/Data/Nhanes/Public/2021/DataFiles/FERTIN_L.xpt
2021-2022,Laboratory,FOLATE_L,Folate - RBC,R5,"OFF-DAG: no path to outcome, not a confounder",drop,judgement,https://wwwn.cdc.gov/Nchs/Data/Nhanes/Public/2021/DataFiles/FOLATE_L.xpt
2021-2022,Laboratory,FFMR_L,Folate Forms - Total & Individual – Washed RBCs,R5,"OFF-DAG: no path to outcome, not a confounder",drop,judgement,https://wwwn.cdc.gov/Nchs/Data/Nhanes/Public/2021/DataFiles/FFMR_L.xpt
2021-2022,Laboratory,GHB_L,Glycohemoglobin,KEEP,whitelist: glycohemoglobin,keep,judgement,https://wwwn.cdc.gov/Nchs/Data/Nhanes/Public/2021/DataFiles/GHB_L.xpt
2021-2022,Laboratory,HEPA_L,Hepatitis A,R5,"OFF-DAG: no path to outcome, not a confounder",drop,judgement,https://wwwn.cdc.gov/Nchs/Data/Nhanes/Public/2021/DataFiles/HEPA_L.xpt
2021-2022,Laboratory,HEPB_S_L,Hepatitis B Surface Antibody,R5,"OFF-DAG: no path to outcome, not a confounder",drop,judgement,https://wwwn.cdc.gov/Nchs/Data/Nhanes/Public/2021/DataFiles/HEPB_S_L.xpt
2021-2022,Laboratory,HEPBD_L,"Hepatitis B: Core antibody, Surface antigen, and Hepatitis D: antibody",R5,"OFF-DAG: no path to outcome, not a confounder",drop,judgement,https://wwwn.cdc.gov/Nchs/Data/Nhanes/Public/2021/DataFiles/HEPBD_L.xpt
2021-2022,Laboratory,HEPC_L,"Hepatitis C: RNA (HCV-RNA), Confirmed Antibody (INNO-LIA), & Genotype",R5,"OFF-DAG: no path to outcome, not a confounder",drop,judgement,https://wwwn.cdc.gov/Nchs/Data/Nhanes/Public/2021/DataFiles/HEPC_L.xpt
2021-2022,Laboratory,HEPE_L,Hepatitis E: IgG & IgM Antibodies,R5,"OFF-DAG: no path to outcome, not a confounder",drop,judgement,https://wwwn.cdc.gov/Nchs/Data/Nhanes/Public/2021/DataFiles/HEPE_L.xpt
2021-2022,Laboratory,HSCRP_L,High-Sensitivity C-Reactive Protein,R5,"OFF-DAG: no path to outcome, not a confounder",drop,judgement,https://wwwn.cdc.gov/Nchs/Data/Nhanes/Public/2021/DataFiles/HSCRP_L.xpt
2021-2022,Laboratory,INS_L,Insulin,R5,"OFF-DAG: no path to outcome, not a confounder",drop,judgement,https://wwwn.cdc.gov/Nchs/Data/Nhanes/Public/2021/DataFiles/INS_L.xpt
2021-2022,Laboratory,PBCD_L,"Lead, Cadmium, Total Mercury, Selenium, & Manganese – Blood",R5,"OFF-DAG: no path to outcome, not a confounder",drop,judgement,https://wwwn.cdc.gov/Nchs/Data/Nhanes/Public/2021/DataFiles/PBCD_L.xpt
2021-2022,Laboratory,IHGEM_L,"Mercury: Inorganic, Ethyl, and Methyl - Blood",R5,"OFF-DAG: no path to outcome, not a confounder",drop,judgement,https://wwwn.cdc.gov/Nchs/Data/Nhanes/Public/2021/DataFiles/IHGEM_L.xpt
2021-2022,Laboratory,GLU_L,Plasma Fasting Glucose,KEEP,whitelist: fasting_glucose,keep,judgement,https://wwwn.cdc.gov/Nchs/Data/Nhanes/Public/2021/DataFiles/GLU_L.xpt
2021-2022,Laboratory,FOLFMS_L,Serum Folate Forms - Total & Individual - Serum,R5,"OFF-DAG: no path to outcome, not a confounder",drop,judgement,https://wwwn.cdc.gov/Nchs/Data/Nhanes/Public/2021/DataFiles/FOLFMS_L.xpt
2021-2022,Laboratory,TST_L,Sex Steroid Hormone Panel - Serum,R5,"OFF-DAG: no path to outcome, not a confounder",drop,judgement,https://wwwn.cdc.gov/Nchs/Data/Nhanes/Public/2021/DataFiles/TST_L.xpt
2021-2022,Laboratory,BIOPRO_L,Standard Biochemistry Profile,KEEP,whitelist: biochemistry,keep,judgement,https://wwwn.cdc.gov/Nchs/Data/Nhanes/Public/2021/DataFiles/BIOPRO_L.xpt
2021-2022,Laboratory,TFR_L,Transferrin Receptor,R5,"OFF-DAG: no path to outcome, not a confounder",drop,judgement,https://wwwn.cdc.gov/Nchs/Data/Nhanes/Public/2021/DataFiles/TFR_L.xpt
2021-2022,Laboratory,UCPREG_L,Urine Pregnancy Test,R5,"OFF-DAG: no path to outcome, not a confounder",drop,judgement,https://wwwn.cdc.gov/Nchs/Data/Nhanes/Public/2021/DataFiles/UCPREG_L.xpt
2021-2022,Laboratory,VID_L,Vitamin D,R5,"OFF-DAG: no path to outcome, not a confounder",drop,judgement,https://wwwn.cdc.gov/Nchs/Data/Nhanes/Public/2021/DataFiles/VID_L.xpt
2021-2022,Laboratory,VOCWB_L,Volatile Organic Compounds and Trihalomethanes/MTBE - Blood,R5,"OFF-DAG: no path to outcome, not a confounder",drop,judgement,https://wwwn.cdc.gov/Nchs/Data/Nhanes/Public/2021/DataFiles/VOCWB_L.xpt
2021-2022,Questionnaire,AUQ_L,Audiometry,R5,"OFF-DAG: no path to outcome, not a confounder",drop,judgement,https://wwwn.cdc.gov/Nchs/Data/Nhanes/Public/2021/DataFiles/AUQ_L.xpt
2021-2022,Questionnaire,ACQ_L,Acculturation,R5,"OFF-DAG: no path to outcome, not a confounder",drop,judgement,https://wwwn.cdc.gov/Nchs/Data/Nhanes/Public/2021/DataFiles/ACQ_L.xpt
2021-2022,Questionnaire,ALQ_L,Alcohol Use,KEEP,whitelist: alcohol,keep,judgement,https://wwwn.cdc.gov/Nchs/Data/Nhanes/Public/2021/DataFiles/ALQ_L.xpt
2021-2022,Questionnaire,BAQ_L,Balance,R5,"OFF-DAG: no path to outcome, not a confounder",drop,judgement,https://wwwn.cdc.gov/Nchs/Data/Nhanes/Public/2021/DataFiles/BAQ_L.xpt
2021-2022,Questionnaire,BPQ_L,Blood Pressure & Cholesterol,KEEP,whitelist: blood_pressure_quex,keep,judgement,https://wwwn.cdc.gov/Nchs/Data/Nhanes/Public/2021/DataFiles/BPQ_L.xpt
2021-2022,Questionnaire,HSQ_L,Current Health Status,R5,"OFF-DAG: no path to outcome, not a confounder",drop,judgement,https://wwwn.cdc.gov/Nchs/Data/Nhanes/Public/2021/DataFiles/HSQ_L.xpt
2021-2022,Questionnaire,DEQ_L,Dermatology,R5,"OFF-DAG: no path to outcome, not a confounder",drop,judgement,https://wwwn.cdc.gov/Nchs/Data/Nhanes/Public/2021/DataFiles/DEQ_L.xpt
2021-2022,Questionnaire,DIQ_L,Diabetes,KEEP,whitelist: diabetes_quex,keep,judgement,https://wwwn.cdc.gov/Nchs/Data/Nhanes/Public/2021/DataFiles/DIQ_L.xpt
2021-2022,Questionnaire,DBQ_L,Diet Behavior & Nutrition,R5,"OFF-DAG: no path to outcome, not a confounder",drop,judgement,https://wwwn.cdc.gov/Nchs/Data/Nhanes/Public/2021/DataFiles/DBQ_L.xpt
2021-2022,Questionnaire,ECQ_L,Early Childhood,R5,"OFF-DAG: no path to outcome, not a confounder",drop,judgement,https://wwwn.cdc.gov/Nchs/Data/Nhanes/Public/2021/DataFiles/ECQ_L.xpt
2021-2022,Questionnaire,FSQ_L,Food Security,R5,"OFF-DAG: no path to outcome, not a confounder",drop,judgement,https://wwwn.cdc.gov/Nchs/Data/Nhanes/Public/2021/DataFiles/FSQ_L.xpt
2021-2022,Questionnaire,FNQ_L,Functioning,R5,"OFF-DAG: no path to outcome, not a confounder",drop,judgement,https://wwwn.cdc.gov/Nchs/Data/Nhanes/Public/2021/DataFiles/FNQ_L.xpt
2021-2022,Questionnaire,HIQ_L,Health Insurance,KEEP,whitelist: health_insurance,keep,judgement,https://wwwn.cdc.gov/Nchs/Data/Nhanes/Public/2021/DataFiles/HIQ_L.xpt
2021-2022,Questionnaire,HEQ_L,Hepatitis,R5,"OFF-DAG: no path to outcome, not a confounder",drop,judgement,https://wwwn.cdc.gov/Nchs/Data/Nhanes/Public/2021/DataFiles/HEQ_L.xpt
2021-2022,Questionnaire,HUQ_L,Hospital Utilization & Access to Care,R5,"OFF-DAG: no path to outcome, not a confounder",drop,judgement,https://wwwn.cdc.gov/Nchs/Data/Nhanes/Public/2021/DataFiles/HUQ_L.xpt
2021-2022,Questionnaire,HOQ_L,Housing Characteristics,R5,"OFF-DAG: no path to outcome, not a confounder",drop,judgement,https://wwwn.cdc.gov/Nchs/Data/Nhanes/Public/2021/DataFiles/HOQ_L.xpt
2021-2022,Questionnaire,IMQ_L,Immunization,R5,"OFF-DAG: no path to outcome, not a confounder",drop,judgement,https://wwwn.cdc.gov/Nchs/Data/Nhanes/Public/2021/DataFiles/IMQ_L.xpt
2021-2022,Questionnaire,INQ_L,Income,R5,"OFF-DAG: no path to outcome, not a confounder",drop,judgement,https://wwwn.cdc.gov/Nchs/Data/Nhanes/Public/2021/DataFiles/INQ_L.xpt
2021-2022,Questionnaire,KIQ_U_L,Kidney Conditions - Urology,KEEP,whitelist: kidney_quex,keep,judgement,https://wwwn.cdc.gov/Nchs/Data/Nhanes/Public/2021/DataFiles/KIQ_U_L.xpt
2021-2022,Questionnaire,MCQ_L,Medical Conditions,KEEP,whitelist: medical_conditions,keep,judgement,https://wwwn.cdc.gov/Nchs/Data/Nhanes/Public/2021/DataFiles/MCQ_L.xpt
2021-2022,Questionnaire,DPQ_L,Mental Health - Depression Screener,R5,"OFF-DAG: no path to outcome, not a confounder",drop,judgement,https://wwwn.cdc.gov/Nchs/Data/Nhanes/Public/2021/DataFiles/DPQ_L.xpt
2021-2022,Questionnaire,OCQ_L,Occupation,R5,"OFF-DAG: no path to outcome, not a confounder",drop,judgement,https://wwwn.cdc.gov/Nchs/Data/Nhanes/Public/2021/DataFiles/OCQ_L.xpt
2021-2022,Questionnaire,OHQ_L,Oral Health,R5,"OFF-DAG: no path to outcome, not a confounder",drop,judgement,https://wwwn.cdc.gov/Nchs/Data/Nhanes/Public/2021/DataFiles/OHQ_L.xpt
2021-2022,Questionnaire,PUQMEC_L,Pesticide Use,R5,"OFF-DAG: no path to outcome, not a confounder",drop,judgement,https://wwwn.cdc.gov/Nchs/Data/Nhanes/Public/2021/DataFiles/PUQMEC_L.xpt
2021-2022,Questionnaire,PAQ_L,Physical Activity,KEEP,whitelist: physical_activity,keep,judgement,https://wwwn.cdc.gov/Nchs/Data/Nhanes/Public/2021/DataFiles/PAQ_L.xpt
2021-2022,Questionnaire,PAQY_L,Physical Activity - Youth,R2,POPULATION: youth/children only,drop,mechanical,https://wwwn.cdc.gov/Nchs/Data/Nhanes/Public/2021/DataFiles/PAQY_L.xpt
2021-2022,Questionnaire,RXQ_RX_L,Prescription Medications,KEEP,whitelist: prescription_meds,keep,judgement,https://wwwn.cdc.gov/Nchs/Data/Nhanes/Public/2021/DataFiles/RXQ_RX_L.xpt
2021-2022,Questionnaire,RXQASA_L,Preventive Aspirin Use,R5,"OFF-DAG: no path to outcome, not a confounder",drop,judgement,https://wwwn.cdc.gov/Nchs/Data/Nhanes/Public/2021/DataFiles/RXQASA_L.xpt
2021-2022,Questionnaire,RHQ_L,Reproductive Health,R5,"OFF-DAG: no path to outcome, not a confounder",drop,judgement,https://wwwn.cdc.gov/Nchs/Data/Nhanes/Public/2021/DataFiles/RHQ_L.xpt
2021-2022,Questionnaire,SLQ_L,Sleep Disorders,KEEP,whitelist: sleep,keep,judgement,https://wwwn.cdc.gov/Nchs/Data/Nhanes/Public/2021/DataFiles/SLQ_L.xpt
2021-2022,Questionnaire,SMQ_L,Smoking - Cigarette Use,KEEP,whitelist: smoking,keep,judgement,https://wwwn.cdc.gov/Nchs/Data/Nhanes/Public/2021/DataFiles/SMQ_L.xpt
2021-2022,Questionnaire,SMQFAM_L,Smoking - Household Smokers,R5,"OFF-DAG (considered): household smokers — secondhand exposure, not the participant's own smoking",drop,judgement,https://wwwn.cdc.gov/Nchs/Data/Nhanes/Public/2021/DataFiles/SMQFAM_L.xpt
2021-2022,Questionnaire,SMQRTU_L,Smoking - Recent Tobacco Use,R5,"OFF-DAG (considered): recent tobacco use (5-day recall) — supplements SMQ, not a substitute",drop,judgement,https://wwwn.cdc.gov/Nchs/Data/Nhanes/Public/2021/DataFiles/SMQRTU_L.xpt
2021-2022,Questionnaire,VTQ_L,Volatile Toxicant,R5,"OFF-DAG: no path to outcome, not a confounder",drop,judgement,https://wwwn.cdc.gov/Nchs/Data/Nhanes/Public/2021/DataFiles/VTQ_L.xpt
2021-2022,Questionnaire,WHQ_L,Weight History,R5,"OFF-DAG: no path to outcome, not a confounder",drop,judgement,https://wwwn.cdc.gov/Nchs/Data/Nhanes/Public/2021/DataFiles/WHQ_L.xpt
2021-2022,LimitedAccess,,Alcohol Use - Youth,R0,ACCESS: RDC application required,drop,mechanical,
2021-2022,LimitedAccess,,Chlamydia - Urine - Adult,R0,ACCESS: RDC application required,drop,mechanical,
2021-2022,LimitedAccess,,Chlamydia - Urine - Youth,R0,ACCESS: RDC application required,drop,mechanical,
2021-2022,LimitedAccess,,Drug Use,R0,ACCESS: RDC application required,drop,mechanical,
2021-2022,LimitedAccess,,Herpes Simplex Virus Type-1 and Type-2,R0,ACCESS: RDC application required,drop,mechanical,
2021-2022,LimitedAccess,,Herpes Simplex Virus Type-1 and Type-2 - Youth,R0,ACCESS: RDC application required,drop,mechanical,
2021-2022,LimitedAccess,,Mental Health - Depression Screener - Youth,R0,ACCESS: RDC application required,drop,mechanical,
2021-2022,LimitedAccess,,Mycoplasma genitalium - Urine - Adult,R0,ACCESS: RDC application required,drop,mechanical,
2021-2022,LimitedAccess,,Mycoplasma genitalium - Urine - Youth,R0,ACCESS: RDC application required,drop,mechanical,
2021-2022,LimitedAccess,,Reproductive Health - Women 12 Years and Older,R0,ACCESS: RDC application required,drop,mechanical,
2021-2022,LimitedAccess,,Sexual Behavior - Adult,R0,ACCESS: RDC application required,drop,mechanical,
2021-2022,LimitedAccess,,Sexual Behavior - Youth,R0,ACCESS: RDC application required,drop,mechanical,
